{"tests_qot": [{"osnr_load_qot_27": [10.947553824593276, 11.085325234584293, 11.130962465103593, 11.40178242506429, 11.623543032120079, 11.711252032668407, 11.798393784158538, 11.84175226940225, 11.88496934335787, 12.01377353067626, 12.14131033172751, 12.225632882770416, 12.392599345434387, 12.433992288882658, 12.516361078619873, 12.679435779234453, 12.959516285148673, 13.03830891722698, 13.116558151133555, 13.309816833102992, 13.499723580080083, 13.612072695707349, 13.68631221957514, 13.7232348792461, 13.760026527707081, 14.120803835079608, 14.156174474562492]}, {"gosnr_load_qot_27": [11.032588713882044, 13.191431457810497, 12.853108124947623, 11.645484199138647, 12.314606172386727, 11.969917102556408, 11.563986420321609, 13.635319663492512, 11.618740056626049, 11.306386904015273, 12.489422451160255, 12.205598643736899, 12.77019252669092, 10.875648301727129, 13.044519502618147, 13.180079224284103, 10.988078309629879, 13.670722312941237, 11.702861487282316, 13.286636268786653, 13.18404016093146, 12.049608443582729, 11.854514577393598, 13.221429460042026, 12.718762868184992, 12.173122048835934, 11.496820345633518]}]}