{"tests_qot": [{"osnr_load_qot_54": [12.60707099213037, 12.608205454104676, 12.61047348908534, 12.613873321456456, 12.616138398105537, 12.617270493413109, 12.618402293581337, 12.619533798764039, 12.620665009114907, 12.622926545935334, 12.624056872711694, 12.625186905269812, 12.626316643762795, 12.627446088343621, 12.62970409638011, 12.63196093060074, 12.634216592225059, 12.637597888706534, 12.638724402553446, 12.639850624163135, 12.642102191276912, 12.643227537083765, 12.644352591258894, 12.645477353953398, 12.646601825318236, 12.647726005504262, 12.648849894662199, 12.651096800496198, 12.65334254402374, 12.654464980298192, 12.655587126446505, 12.6567089826186, 12.657830548964284, 12.661193510539075, 12.662313919074773, 12.663434038531314, 12.664553869057809, 12.665673410803242, 12.670148692950205, 12.672384605202641, 12.674619366489601, 12.675736315891136, 12.676852977995194, 12.677969352949521, 12.679085440901723, 12.680201241999306, 12.683546925637657, 12.684661580789511, 12.685775949822549, 12.686890032883593, 12.690230567701313, 12.691343508340353, 12.692456163739827, 12.693568534045863]}, {"gosnr_load_qot_54": [12.245609133785113, 12.215817109506496, 12.345203476069674, 12.342551051783312, 12.271144239283931, 12.201570914657216, 12.238152721047406, 12.33366911247457, 12.330789188724129, 12.33350362012408, 12.349987774764333, 12.250346943144967, 12.192968272377653, 12.328480964245747, 12.291084453138804, 12.292703456109024, 12.213697134517217, 12.26288398775324, 12.263860684657693, 12.225586797128951, 12.215389662087437, 12.235209011298771, 12.354032096313004, 12.391469996744764, 12.240523688693884, 12.231349743409929, 12.251412081588999, 12.300848755872568, 12.20940981821925, 12.204395084523465, 12.290646704193453, 12.243442637348538, 12.215212909284478, 12.296018404450948, 12.303260041034532, 12.238052888572726, 12.194224645327337, 12.230826849415521, 12.23678442294866, 12.205982255508797, 12.262606213244345, 12.276718158372532, 12.19113492101222, 12.262406757171014, 12.288040031465545, 12.256261673748341, 12.245451203348988, 12.21855074445308, 12.344310787007258, 12.308405376770388, 12.32287037524565, 12.24902533123438, 12.318540664558142, 12.226561322783658]}]}