{"tests_qot": [{"osnr_load_qot_81": [12.603665826412357, 12.604801178439303, 12.605936233626924, 12.60707099213037, 12.608205454104676, 12.609339619704734, 12.61047348908534, 12.611607062401157, 12.612740339806724, 12.613873321456456, 12.615006007504675, 12.616138398105537, 12.617270493413109, 12.618402293581337, 12.619533798764039, 12.620665009114907, 12.621795924787516, 12.622926545935334, 12.624056872711694, 12.625186905269812, 12.626316643762795, 12.627446088343621, 12.628575239165142, 12.62970409638011, 12.630832660141145, 12.63196093060074, 12.63308890791129, 12.634216592225059, 12.63534398369419, 12.636471082470708, 12.637597888706534, 12.638724402553446, 12.639850624163135, 12.640976553687143, 12.642102191276912, 12.643227537083765, 12.644352591258894, 12.645477353953398, 12.646601825318236, 12.647726005504262, 12.648849894662199, 12.649973492942683, 12.651096800496198, 12.652219817473133, 12.65334254402374, 12.654464980298192, 12.655587126446505, 12.6567089826186, 12.657830548964284, 12.658951825633231, 12.660072812775011, 12.661193510539075, 12.662313919074773, 12.663434038531314, 12.664553869057809, 12.665673410803242, 12.6667926639165, 12.667911628546333, 12.669030304841389, 12.670148692950205, 12.671266793021188, 12.672384605202641, 12.673502129642758, 12.674619366489601, 12.675736315891136, 12.676852977995194, 12.677969352949521, 12.679085440901723, 12.680201241999306, 12.681316756389663, 12.682431984220056, 12.683546925637657, 12.684661580789511, 12.685775949822549, 12.686890032883593, 12.68800383011936, 12.689117341676436, 12.690230567701313, 12.691343508340353, 12.692456163739827, 12.693568534045863]}, {"gosnr_load_qot_81": [12.109612026342573, 12.152998355840051, 12.0917786160487, 12.090834714062888, 12.094124568312285, 12.087691605009079, 12.093706549709541, 12.088774741487589, 12.155653678595673, 12.088928231788355, 12.196419931915374, 12.099052449311394, 12.133675311698672, 12.08763846098336, 12.087857043432042, 12.218210770114197, 12.130579852515558, 12.236763507686826, 12.144142999251129, 12.103102779645214, 12.092870370392442, 12.136984859244055, 12.087517507103232, 12.171575576424631, 12.096716001776983, 12.092022903239421, 12.113416362415364, 12.100331772534547, 12.087428810954615, 12.11146407423074, 12.322602487732105, 12.08831467160395, 12.163371291685614, 12.103576439123016, 12.097192818142886, 12.113104157360926, 12.106325522470929, 12.095558498487849, 12.249119873734513, 12.204357422516454, 12.148496644063787, 12.087492465415973, 12.184131202379769, 12.09127639475021, 12.122373200797671, 12.089973930980575, 12.135265188195874, 12.087421598779455, 12.089342644216385, 12.09464443162426, 12.122259289853275, 12.087955604479827, 12.095647252642541, 12.104603996873243, 12.099056578637713, 12.117648600925005, 12.109475255944506, 12.101167797105203, 12.090593329931178, 12.088146039291868, 12.193310683405915, 12.089418661237957, 12.101679670147227, 12.11547538776478, 12.088503611289187, 12.124945969023575, 12.092832870779532, 12.127676275442186, 12.144359095182075, 12.264819119017949, 12.12813783966697, 12.176284729948527, 12.097851932617662, 12.10618664797494, 12.119944572699486, 12.107854540718977, 12.09002626031236, 12.117317231720943, 12.157928609369762, 12.140535251846511, 12.169438502942532]}]}