{"tests": [{"osnr_load_81": [33.387438100170826, 33.388548885547614, 33.38965937422638, 33.39076956636228, 33.39187946211033, 33.39298906162545, 33.39409836506241, 33.395207372575875, 33.396316084320375, 33.397424500450356, 33.3985326211201, 33.39964044648377, 33.400747976695456, 33.40185521190908, 33.40296215227846, 33.40406879795729, 33.40517514909915, 33.40628120585749, 33.40738696838566, 33.408492436836866, 33.409597611364205, 33.41070249212066, 33.41180707925909, 33.412911372932236, 33.41401537329271, 33.41511908049303, 33.416222494685556, 33.417325616022566, 33.4184284446562, 33.41953098073849, 33.42063322442135, 33.421735175856554, 33.422836835195774, 33.423938202590584, 33.4250392781924, 33.426140062152555, 33.427240554622244, 33.42834075575255, 33.42944066569443, 33.43054028459875, 33.43163961261623, 33.43273864989749, 33.43383739659302, 33.434935852853215, 33.436034018828316, 33.4371318946685, 33.43822948052377, 33.43932677654407, 33.44042378287917, 33.441520499678774, 33.442616927092445, 33.44371306526962, 33.44480891435965, 33.44590447451174, 33.44699974587501, 33.44809472859845, 33.44918942283091, 33.45028382872118, 33.451377946417885, 33.45247177606956, 33.45356531782461, 33.454658571831345, 33.45575153823794, 33.456844217192476, 33.45793660884291, 33.45902871333708, 33.46012053082271, 33.46121206144741, 33.4623033053587, 33.46339426270395, 33.46448493363044, 33.465575318285325, 33.46666541681566, 33.46775522936837, 33.46884475609028, 33.46993399712809, 33.4710229526284, 33.472111622737685, 33.47320000760233, 33.47428810736858, 33.47537592218258]}, {"gosnr_load_81": [33.352004068436514, 33.368043216507914, 33.31432630279562, 33.315407769287326, 33.31216248908714, 33.32189041279164, 33.33912607887899, 33.3186504091476, 33.29698281528102, 33.33159464751888, 33.29480956453621, 33.30891456441368, 33.36270400891389, 33.32728457177637, 33.32836252787762, 33.3765710832801, 33.36163530771503, 33.37763578328386, 33.29806899659422, 33.34771602983576, 33.31324454277991, 33.36377242335588, 33.322969828891836, 33.295896337980025, 33.34234948162902, 33.336975693783984, 33.35414635769859, 33.34557027811065, 33.32404895268845, 33.35307535711328, 33.37976432934009, 33.31973070307183, 33.370176896378005, 33.30674781010067, 33.309997500057406, 33.303495468760175, 33.3056639911239, 33.31108014156408, 33.29372249479443, 33.37550609843096, 33.36697594761732, 33.32620632397888, 33.373375273610975, 33.33590006580687, 33.35842748209838, 33.33374793824039, 33.299154882074504, 33.3251277843335, 33.31756982231053, 33.34020083629775, 33.301325766155315, 33.320810704235726, 33.34127530383104, 33.348788472368184, 33.34449696861898, 33.356287495189676, 33.304579877395085, 33.30783133447933, 33.33482414734257, 33.3294401924342, 33.374440828590075, 33.33267143834948, 33.3466432984664, 33.355217070341176, 33.33051756559751, 33.35949704445527, 33.33805103142453, 33.36056631961147, 33.36590839256006, 33.378700198588476, 33.30024047187665, 33.372309433347084, 33.343423369841695, 33.349860626212994, 33.357357632392606, 33.35093249151941, 33.316488942408014, 33.30241076506502, 33.369110199379094, 33.36484055118874, 33.3712433076517]}]}