{"tests": [{"osnr_load_27": [7.128867908529751, 7.390615401635971, 7.477002434625691, 7.986236663014217, 8.398657915401786, 8.560580326300927, 8.720761325522389, 8.800198891327168, 8.879201302542633, 9.113599351952285, 9.344089048012753, 9.495582238061033, 9.79338595357677, 9.866760549704761, 10.01222285403765, 10.298021860339748, 10.781879165383817, 10.916357326952685, 11.049178982519958, 11.374056275318505, 11.688826342765562, 11.872918483362012, 11.993687040678678, 12.05348870223797, 12.11290434093511, 12.686240939278646, 12.741535232965752]}, {"gosnr_load_27": [7.4136673600440695, 11.133532771990406, 10.701240071263955, 8.647970763808813, 9.80737380667729, 9.192586907382312, 8.44847354744013, 11.611382920425362, 8.582371485948508, 7.917760868412664, 10.089464811499466, 9.64449136185282, 10.574297115877247, 7.083101317915734, 10.987428062093276, 11.176751719588209, 7.328820422012, 11.658281364634151, 8.734890395139654, 11.268434222121426, 11.105469659604472, 9.335140693294008, 8.978961681093434, 11.213872795583757, 10.48330968634653, 9.582234684115443, 8.303528454724805]}]}