{"tests": [{"osnr_load_54": [10.202439739601365, 10.203574289513762, 10.205842500370565, 10.20924259655586, 10.211507849081014, 10.212640032326616, 10.213771920432873, 10.214903513553583, 10.216034811842466, 10.218296524538893, 10.219426939253244, 10.220557059749346, 10.22168688618031, 10.22281641869911, 10.225074602611517, 10.227331612708051, 10.229587450208221, 10.232969010503458, 10.234095612288282, 10.235221921835869, 10.237473664825423, 10.238599098570146, 10.239724240683152, 10.240849091315514, 10.241973650618219, 10.243097918742093, 10.244221895837878, 10.246468977547543, 10.248714896950744, 10.249837421162995, 10.25095965524911, 10.252081599359018, 10.253203253642482, 10.25656647903062, 10.257686975504086, 10.258807182898384, 10.259927101362624, 10.261046731045804, 10.265522364943694, 10.26775845307155, 10.269993390233898, 10.27111042757312, 10.272227177614862, 10.273343640506862, 10.274459816396735, 10.275575705431976, 10.27892165288327, 10.280036395972761, 10.281150852943423, 10.282265023942092, 10.285605822572641, 10.28671885114927, 10.287831594486336, 10.288944052729947]}, {"gosnr_load_54": [9.838981329596104, 9.809014578723033, 9.9393636752035, 9.936248240638069, 9.864614750634644, 9.794756357097379, 9.83165893959901, 9.927347058249897, 9.924427083465584, 9.9272592285208, 9.94384760787695, 9.8436852722713, 9.786101005457157, 9.922559059176207, 9.884538939672167, 9.886268859315773, 9.807038685805423, 9.856435691111837, 9.857195531657599, 9.818831550747218, 9.808776712123722, 9.828686862588286, 9.947805280425795, 9.985434607188704, 9.833820203800734, 9.824703777543684, 9.84468479722403, 9.894641793831692, 9.802739945175263, 9.797572058155936, 9.884395107803764, 9.836875087185625, 9.808605037959794, 9.889494082380404, 9.896805607298102, 9.831329941776065, 9.787352307957846, 9.82419605022791, 9.830132228663672, 9.799287605781524, 9.856272149608197, 9.870273663118441, 9.784251759990697, 9.85584720460896, 9.881531602686994, 9.849572779418727, 9.838961248344617, 9.811769053001335, 9.938484712654148, 9.902228349615193, 9.91688568391625, 9.842290949705722, 9.912152743397746, 9.820021890833306]}]}