{"tests": [{"osnr_load_81": [10.199034310069015, 10.200169750034062, 10.201304893159776, 10.202439739601312, 10.203574289513702, 10.204708543051837, 10.205842500370508, 10.206976161624388, 10.208109526968014, 10.209242596555805, 10.210375370542062, 10.21150784908096, 10.212640032326561, 10.21377192043282, 10.214903513553528, 10.216034811842409, 10.217165815453026, 10.218296524538836, 10.219426939253186, 10.220557059749291, 10.221686886180253, 10.222816418699052, 10.22394565745854, 10.22507460261146, 10.226203254310452, 10.227331612707992, 10.228459677956465, 10.229587450208168, 10.23071492961523, 10.231842116329661, 10.232969010503405, 10.234095612288227, 10.235221921835812, 10.236347939297708, 10.237473664825368, 10.238599098570091, 10.239724240683097, 10.24084909131546, 10.241973650618162, 10.243097918742038, 10.244221895837821, 10.245345582056146, 10.246468977547485, 10.247592082462248, 10.248714896950686, 10.249837421162942, 10.250959655249055, 10.25208159935896, 10.253203253642422, 10.254324618249164, 10.255445693328717, 10.25656647903057, 10.257686975504027, 10.258807182898328, 10.259927101362567, 10.26104673104575, 10.26216607209675, 10.263285124664314, 10.2644038888971, 10.26552236494364, 10.266640552952339, 10.267758453071497, 10.268876065449309, 10.269993390233845, 10.271110427573065, 10.272227177614807, 10.273343640506805, 10.274459816396678, 10.275575705431923, 10.27669130775994, 10.277806623527967, 10.278921652883211, 10.280036395972704, 10.281150852943368, 10.282265023942038, 10.283378909115424, 10.28449250861011, 10.285605822572588, 10.286718851149217, 10.287831594486281, 10.288944052729894]}, {"gosnr_load_81": [9.70219205490904, 9.745722297795563, 9.684467597426249, 9.683512810176623, 9.68683778294998, 9.680317913167503, 9.686271735398542, 9.681424324968964, 9.74878096824619, 9.681508706978558, 9.789781646863918, 9.691809598681111, 9.726325283721554, 9.6802353528715, 9.68044927687328, 9.811238253800692, 9.723219150982064, 9.829885593569298, 9.737201916289495, 9.69567143689954, 9.68557103161093, 9.729646650187552, 9.680137057844231, 9.764795464652755, 9.68927975415051, 9.68459076158594, 9.706005002797339, 9.692897317252035, 9.680042061176206, 9.704048141807608, 9.916183036146094, 9.680955966140418, 9.756139023494843, 9.696369559253062, 9.68993415328674, 9.70596605841583, 9.699139259560017, 9.688285233778032, 9.84277838749472, 9.797315996171042, 9.741202373965777, 9.680094403385027, 9.776992675701711, 9.68384609686844, 9.7149862485001, 9.682548335536591, 9.728270144724286, 9.680028984210985, 9.682001094751323, 9.68720879224817, 9.715182244115812, 9.680589151265798, 9.688211133755843, 9.697174825980149, 9.69162115387857, 9.710248132545999, 9.702311777442382, 9.69394214009916, 9.683165213694268, 9.680733990158192, 9.786215635590725, 9.681995928303573, 9.69424657108362, 9.708069169524798, 9.681087645500563, 9.717566897674416, 9.68539922322655, 9.720305926158506, 9.737048568468719, 9.85808802378208, 9.721098393067141, 9.769109947979691, 9.690415913655986, 9.698760082212829, 9.712550508604997, 9.700431033694652, 9.682694198611287, 9.710207680118678, 9.750673067147993, 9.733210151257275, 9.762232875082443]}]}