{"tests_qot": [{"osnr_load_qot_27": [5.013440358060613, 5.375122548909986, 5.494197690310481, 6.1929035502700405, 6.754358589262429, 6.973609187995429, 7.189804424830683, 7.296755264350666, 7.402941308471684, 7.716910949217227, 8.0240041096534, 8.22492063917943, 8.617640480961226, 8.71392965338156, 8.904250472653004, 9.275917535998293, 9.897943805916558, 10.069139814464155, 10.237483269562427, 10.646054031811191, 11.037467558243959, 11.26430202904378, 11.412261430758601, 11.485276133056615, 11.557653882422427, 12.247484884850943, 12.313184416679894]}, {"gosnr_load_qot_27": [5.444133460316285, 10.12377939656659, 9.800628075435698, 7.1631954893789995, 8.688153616794166, 7.877935166417971, 6.875616496490942, 10.347811927677515, 7.068655273833064, 6.134584638778971, 9.043185753496566, 8.487365493198714, 9.650465321316805, 4.977345614114034, 10.125378323143746, 10.303825068160686, 5.326751237335261, 10.390638561938005, 7.274043199754417, 10.268558561983776, 10.05780395155018, 8.067054038408797, 7.590622365996621, 10.290599401410939, 9.53860193613299, 8.403938831461303, 6.671616427379017]}]}