{"tests_qot": [{"osnr_load_qot_54": [9.16453238076055, 9.16566695594611, 9.167935217349266, 9.171335389354054, 9.173600692425536, 9.174732900944312, 9.17586481432372, 9.176996432717601, 9.178127756279629, 9.180389519522373, 9.181519959509878, 9.18265010527914, 9.18377995698325, 9.184909514775208, 9.18716774923391, 9.189424809876733, 9.1916806979232, 9.195062334037866, 9.196188961095821, 9.197315295916544, 9.19956708945237, 9.20069254847023, 9.20181771585637, 9.202942591761863, 9.204067176337702, 9.2051914697347, 9.206315472103611, 9.208562604359535, 9.21080857430898, 9.21193112379436, 9.213053383153598, 9.21417535253661, 9.215297032093195, 9.218660333300686, 9.219780855047258, 9.220901087714665, 9.222021031452027, 9.223140686408314, 9.227616421398627, 9.229852560072692, 9.232087547781235, 9.233204610393553, 9.2343213857084, 9.23543787387349, 9.236554075036462, 9.237669989344795, 9.241016012615361, 9.242130780977938, 9.243245263221691, 9.244359459493447, 9.247700333943243, 9.248813387792955, 9.24992615640309, 9.251038639919784]}, {"gosnr_load_qot_54": [8.801201010652479, 8.77123646398942, 8.901571961278561, 8.898465698549126, 8.826833581766381, 8.756977864444599, 8.79387560490268, 8.889564504489002, 8.886645204522399, 8.889475109039605, 8.906062135966215, 8.805905840655683, 8.748323197429414, 8.884768244049788, 8.846758973685603, 8.848486739558973, 8.769257587879892, 8.818652529210455, 8.819416763900433, 8.781052913123263, 8.770994774944679, 8.79090396829818, 8.910021728881938, 8.94764890476964, 8.796041180535628, 8.786923198917433, 8.80690672883894, 8.856855467829408, 8.764958889994189, 8.759793858015692, 8.846609224946311, 8.799093464311277, 8.77082299118358, 8.85171390990412, 8.859024353988918, 8.793551200841081, 8.7495746560825, 8.786415144441568, 8.792352012624262, 8.76150689878349, 8.818486683347077, 8.832491034828756, 8.746474191478624, 8.818066254044005, 8.843750757788564, 8.811794153772771, 8.801178156556407, 8.773990639199253, 8.900692683232133, 8.86444175878147, 8.879095878131066, 8.804512918977176, 8.874370835590755, 8.782238965503558]}]}