{"tests_qot": [{"osnr_load_qot_81": [9.161126875408726, 9.162262340646947, 9.16339750904584, 9.16453238076055, 9.16566695594611, 9.166801234757418, 9.167935217349266, 9.169068903876314, 9.170202294493103, 9.171335389354054, 9.172468188613474, 9.173600692425536, 9.174732900944312, 9.17586481432372, 9.176996432717601, 9.178127756279629, 9.179258785163407, 9.180389519522373, 9.181519959509878, 9.18265010527914, 9.18377995698325, 9.184909514775208, 9.186038778807838, 9.18716774923391, 9.188296426206053, 9.189424809876733, 9.190552900398355, 9.1916806979232, 9.192808202603398, 9.193935414590987, 9.195062334037866, 9.196188961095821, 9.197315295916544, 9.198441338651584, 9.19956708945237, 9.20069254847023, 9.20181771585637, 9.202942591761863, 9.204067176337702, 9.2051914697347, 9.206315472103611, 9.20743918359507, 9.208562604359535, 9.209685734547417, 9.21080857430898, 9.21193112379436, 9.213053383153598, 9.21417535253661, 9.215297032093195, 9.216418421973053, 9.217539522325719, 9.218660333300686, 9.219780855047258, 9.220901087714665, 9.222021031452027, 9.223140686408314, 9.224260052732415, 9.225379130573096, 9.22649792007899, 9.227616421398627, 9.228734634680428, 9.229852560072692, 9.230970197723597, 9.232087547781235, 9.233204610393553, 9.2343213857084, 9.23543787387349, 9.236554075036462, 9.237669989344795, 9.238785616945895, 9.239900957987025, 9.241016012615361, 9.242130780977938, 9.243245263221691, 9.244359459493447, 9.245473369939909, 9.24658699470768, 9.247700333943243, 9.248813387792955, 9.24992615640309, 9.251038639919784]}, {"gosnr_load_qot_81": [8.664421760482327, 8.707950968427863, 8.64669436111059, 8.645739752322052, 8.649064159719588, 8.642545761427158, 8.64850106433185, 8.64365175204809, 8.711001660328357, 8.643737527040035, 8.751999393988166, 8.654035302699555, 8.688554611113505, 8.642463789052218, 8.642677815752956, 8.773463653834053, 8.685448560330999, 8.792109905454922, 8.699423486628952, 8.657901094304005, 8.647797607157559, 8.691875881890025, 8.642365034317379, 8.727014983709543, 8.65150923925629, 8.646819965654197, 8.668234697275981, 8.655126919603783, 8.642270160305724, 8.666277845040387, 8.87840194216556, 8.643183540069323, 8.71836726120301, 8.658594733401284, 8.652160095797354, 8.668190257223726, 8.661364136724394, 8.650511399990275, 8.804992477511668, 8.75954217627431, 8.703431216919892, 8.642322732157995, 8.739219927745182, 8.646075232365792, 8.677215834524032, 8.644777321604984, 8.690492417940858, 8.642257200698698, 8.64422836794341, 8.64943817743361, 8.677405607634546, 8.642816865457684, 8.650440571019058, 8.659404503498866, 8.653850721634184, 8.672477788551593, 8.664536331228641, 8.656167588825227, 8.645394276530828, 8.642962627172626, 8.748442412460362, 8.644224833463344, 8.656476203371215, 8.670298848420085, 8.643316376208126, 8.679796435233783, 8.647628491777883, 8.682535405163653, 8.699277560307447, 8.82031062128873, 8.683321252843383, 8.731337588606417, 8.652645442291217, 8.660989774631831, 8.674780133865156, 8.662660735557617, 8.644921310359384, 8.67243148537844, 8.712901537847097, 8.695439271810875, 8.724460839453307]}]}