{"tests_qot": [{"osnr_load_qot_27": [18.171022200672947, 18.206920852314756, 18.218859964598213, 18.290211102881486, 18.34930076218241, 18.372843001199193, 18.396331922558122, 18.408056427037177, 18.419767647597084, 18.454821757280108, 18.4897568569358, 18.512981008415778, 18.559271659550344, 18.570811566283094, 18.593852178094593, 18.63977701709121, 18.719646262277422, 18.74234993122858, 18.76500221342303, 18.821408888338354, 18.877497015429896, 18.910997765306302, 18.933268461056237, 18.944384912353684, 18.955488785771493, 19.065839004626618, 19.07680550128337]}, {"gosnr_load_qot_27": [18.04527166745372, 18.6369345133224, 18.55488914790989, 18.137395011114887, 18.382966009534528, 18.281736822144023, 18.162350585082237, 18.832713322640135, 18.145688861401574, 18.14056033503992, 18.45513499397218, 18.323545657349236, 18.521529341371902, 18.03999155121638, 18.628468609126735, 18.66655981716225, 18.033006230240424, 18.845927783607866, 18.173048371638302, 18.678887551715093, 18.626467102024257, 18.30621478357219, 18.251461561594894, 18.667747888807956, 18.514715841194196, 18.318454524372797, 18.16376235794243]}]}