{"tests_qot": [{"osnr_load_qot_54": [18.589992867411627, 18.591126716046176, 18.593393524347775, 18.596791516701373, 18.59905536667283, 18.600186848641812, 18.601318035471593, 18.602448927315987, 18.603579524328694, 18.605839834473244, 18.60696954791188, 18.608098967132424, 18.609228092287978, 18.610356923531512, 18.612613704893867, 18.614869312440938, 18.61712374739227, 18.620503203865365, 18.621629104376446, 18.62275471265044, 18.62500505309327, 18.626129785564864, 18.627254226404883, 18.628378375764417, 18.629502233794433, 18.63062580064578, 18.631749076469195, 18.63399475563456, 18.63623927249406, 18.637361095434702, 18.638482628249353, 18.63960387108793, 18.64072482410024, 18.644085945675794, 18.645205740878694, 18.64632524700259, 18.64744446419658, 18.648563392609663, 18.65303622142865, 18.65527090701797, 18.65750444164239, 18.65862077771287, 18.659736826486032, 18.660852588109595, 18.661968062731184, 18.663083250498296, 18.6664270941461, 18.66754113596806, 18.668654891671356, 18.669768361402802, 18.673107056232592, 18.674219383542617, 18.67533142561321, 18.676443182590518]}, {"gosnr_load_qot_54": [18.2297039728533, 18.200176907743405, 18.328130149366526, 18.32611896633377, 18.255082894511464, 18.185958596394446, 18.22206846706266, 18.31727083270997, 18.314448543156622, 18.316998267644063, 18.333325104545146, 18.234484758716526, 18.17743553099139, 18.311534579640792, 18.275029185696933, 18.276493751734257, 18.19785966528976, 18.246717175260915, 18.24799249231132, 18.209873549346817, 18.199488030272015, 18.21916626660374, 18.337485723827783, 18.37462863187536, 18.224727080077553, 18.21548102233009, 18.235639642265408, 18.284318231735345, 18.193591518693008, 18.188792228057814, 18.27418603014331, 18.227456013399305, 18.199304405481428, 18.27992989759216, 18.287069194425317, 18.222285121938963, 18.178697914727927, 18.214937603384218, 18.220919974958264, 18.190200878917516, 18.246281921717685, 18.260534993924196, 18.175625573583773, 18.246393928275864, 18.271936018873156, 18.240432348153757, 18.229355846010012, 18.20287959892197, 18.327219245414923, 18.291827418020095, 18.306015207728702, 18.233264598842922, 18.30224561362471, 18.210549319328674]}]}