{"tests_qot": [{"osnr_load_qot_81": [18.586589541713742, 18.5877242804005, 18.58885872224808, 18.589992867411627, 18.591126716046176, 18.59226026830663, 18.593393524347775, 18.594526484324273, 18.595659148390663, 18.596791516701373, 18.597923589410705, 18.59905536667283, 18.600186848641812, 18.601318035471593, 18.602448927315987, 18.603579524328694, 18.604709826663296, 18.605839834473244, 18.60696954791188, 18.608098967132424, 18.609228092287978, 18.610356923531512, 18.611485461015896, 18.612613704893867, 18.613741655318044, 18.614869312440938, 18.61599667641492, 18.61712374739227, 18.61825052552513, 18.619377010965525, 18.620503203865365, 18.621629104376446, 18.62275471265044, 18.6238800288389, 18.62500505309327, 18.626129785564864, 18.627254226404883, 18.628378375764417, 18.629502233794433, 18.63062580064578, 18.631749076469195, 18.632872061415288, 18.63399475563456, 18.635117159277396, 18.63623927249406, 18.637361095434702, 18.638482628249353, 18.63960387108793, 18.64072482410024, 18.64184548743596, 18.64296586124466, 18.644085945675794, 18.645205740878694, 18.64632524700259, 18.64744446419658, 18.648563392609663, 18.649682032390707, 18.650800383688477, 18.651918446651614, 18.65303622142865, 18.654153708168, 18.65527090701797, 18.656387818126742, 18.65750444164239, 18.65862077771287, 18.659736826486032, 18.660852588109595, 18.661968062731184, 18.663083250498296, 18.664198151558324, 18.665312766058534, 18.6664270941461, 18.66754113596806, 18.668654891671356, 18.669768361402802, 18.67088154530911, 18.67199444353688, 18.673107056232592, 18.674219383542617, 18.67533142561321, 18.676443182590518]}, {"gosnr_load_qot_81": [18.09490775915792, 18.138061562154355, 18.07693762356366, 18.076009484390934, 18.079248295131443, 18.072940330540824, 18.079035071540385, 18.073990482667167, 18.140157757562275, 18.074239315540755, 18.180568285274305, 18.084111690428912, 18.11885575814419, 18.072927860849816, 18.07315270988792, 18.20280340528099, 18.115777449998586, 18.22121075379289, 18.128750485892173, 18.08841925354349, 18.07801240354894, 18.122146404268463, 18.07277570080521, 18.155939315178816, 18.08204418239393, 18.077349031039404, 18.09869725416644, 18.085654686378497, 18.072695775983288, 18.096752794304585, 18.30634766674837, 18.07354221658335, 18.14836589845805, 18.088582503579214, 18.082275337327133, 18.098007854456203, 18.09130098638349, 18.080662444215065, 18.232816618694205, 18.18905619532375, 18.133588521999577, 18.072775007364697, 18.168980035670273, 18.07660055094115, 18.1076134337815, 18.075292594946173, 18.119954110672413, 18.072696670545447, 18.074545700023666, 18.079973369966723, 18.107071569035433, 18.073194127950146, 18.08097607991491, 18.08991631051346, 18.084381816223818, 18.102911168753447, 18.09441681475701, 18.086201657041386, 18.075914998813204, 18.0734473989171, 18.17809223509608, 18.074733798797496, 18.08699966957495, 18.10074758243902, 18.07381010581119, 18.11017331863414, 18.078160454451563, 18.112889456305062, 18.129476656393855, 18.249041208552292, 18.112893627120698, 18.161189807181245, 18.083178920825446, 18.091494139486194, 18.105196513682532, 18.093156517138713, 18.07521568423919, 18.102178237450953, 18.142959623431942, 18.125675924713054, 18.154391558221853]}]}