{"tests": [{"osnr_load_27": [11.493260676276387, 11.618203189497628, 11.659609304262302, 11.90551718360577, 12.107139042571086, 12.186950514315505, 12.26628487872597, 12.305773439547313, 12.345143081267388, 12.462539749802499, 12.578870780842246, 12.655834600064663, 12.808350934375303, 12.846186871189483, 12.921508056729989, 13.070752211508252, 13.327471933474001, 13.399785374982706, 13.47164154041048, 13.649291661025778, 13.824118846873063, 13.927671128308848, 13.996149613665507, 14.030222617494685, 14.064185098429608, 14.397782549352494, 14.430544824812795]}, {"gosnr_load_27": [11.552983177019664, 13.53391075496042, 13.215841733512875, 12.100012684756202, 12.71809226510477, 12.402408880235807, 12.031810431905502, 13.95854381237384, 12.077635172447517, 11.803752423459194, 12.881176644552262, 12.614687155989131, 13.138216348990825, 11.414953033509454, 13.395074927776891, 13.521846108788084, 11.512584928490266, 13.99199437491385, 12.15473493275374, 13.62371900321632, 13.527586272096702, 12.475439913996034, 12.297421553249295, 13.56105009159166, 13.091546250220576, 12.585458928164106, 11.973199170805298]}]}