{"tests": [{"osnr_load_54": [13.001035896318777, 13.002170338653546, 13.004438334355138, 13.00783810780766, 13.010103145177682, 13.011235220845736, 13.012367001374441, 13.013498486917623, 13.014629677628971, 13.016891175170368, 13.018021482307221, 13.01915149522583, 13.020281214079308, 13.02141063902062, 13.023668607778108, 13.025925402719738, 13.028181025065066, 13.03156226262807, 13.0326887568355, 13.033814958805701, 13.036066486640516, 13.037191812807889, 13.038316847343541, 13.039441590398578, 13.040566042123938, 13.041690202670493, 13.042814072188962, 13.045060938744033, 13.047306642992648, 13.04842905962764, 13.0495511861365, 13.05067302266914, 13.051794569375367, 13.055157472031812, 13.056277860928066, 13.057397960745163, 13.058517771632216, 13.05963729373821, 13.064112497327434, 13.066348370301014, 13.068583092309128, 13.069700022071238, 13.070816664535876, 13.071933019850785, 13.073049088163573, 13.07416486962174, 13.07751049434186, 13.07862512985431, 13.079739479247948, 13.080853542669587, 13.084194018569113, 13.085306939568762, 13.086419575328838, 13.087531925995483]}, {"gosnr_load_54": [12.638063547012548, 12.608164200383488, 12.738145939999868, 12.735199841841213, 12.66365795041483, 12.593912096755016, 12.630693152545154, 12.726306793536228, 12.723401796822174, 12.726190637569886, 12.742738911789434, 12.642779270237938, 12.58527702343179, 12.72137338391315, 12.683585528038625, 12.685274764083987, 12.606135978760268, 12.655450272611883, 12.656289142407113, 12.61796272621443, 12.607857193313926, 12.627731788716137, 12.746727704536212, 12.784282440963551, 12.632930665016906, 12.623794365740494, 12.64380261211392, 12.693563603744076, 12.601841928321527, 12.59673054644827, 12.683334472425136, 12.635935578013749, 12.607683687022899, 12.688532325671662, 12.695817444809371, 12.63044780804027, 12.586530024564762, 12.623281166668711, 12.629224426801855, 12.598399047648465, 12.655245070923666, 12.669285154687637, 12.583433800378586, 12.654902451767187, 12.680565031987657, 12.648675988260145, 12.637993172297389, 12.61091073656371, 12.737262078710355, 12.701138295692791, 12.715723626212688, 12.641411647269083, 12.711138405946787, 12.619074179789656]}]}