{"tests": [{"osnr_load_81": [12.997630789519349, 12.998766121906753, 12.999901157454829, 13.001035896318736, 13.002170338653498, 13.003304484614022, 13.004438334355095, 13.005571888031378, 13.00670514579741, 13.007838107807617, 13.008970774216305, 13.010103145177641, 13.011235220845695, 13.012367001374397, 13.013498486917577, 13.014629677628928, 13.015760573662021, 13.016891175170326, 13.018021482307178, 13.019151495225785, 13.020281214079262, 13.021410639020575, 13.022539770202599, 13.023668607778063, 13.024797151899596, 13.025925402719697, 13.027053360390749, 13.028181025065022, 13.029308396894661, 13.030435476031688, 13.031562262628025, 13.032688756835455, 13.033814958805658, 13.034940868690184, 13.036066486640472, 13.037191812807844, 13.0383168473435, 13.03944159039853, 13.040566042123892, 13.04169020267045, 13.04281407218892, 13.043937650829934, 13.045060938743989, 13.046183936081455, 13.047306642992602, 13.048429059627596, 13.049551186136455, 13.050673022669095, 13.051794569375323, 13.05291582640482, 13.054036793907152, 13.05515747203177, 13.056277860928024, 13.05739796074512, 13.058517771632172, 13.059637293738167, 13.060756527211987, 13.061875472202386, 13.062994128858008, 13.064112497327391, 13.065230577758946, 13.066348370300972, 13.06746587510166, 13.06858309230908, 13.069700022071194, 13.070816664535837, 13.071933019850743, 13.07304908816353, 13.074164869621697, 13.075280364372642, 13.076395572563628, 13.077510494341816, 13.078625129854268, 13.0797394792479, 13.080853542669544, 13.081967320265912, 13.083080812183587, 13.084194018569068, 13.085306939568717, 13.086419575328794, 13.087531925995442]}, {"gosnr_load_81": [12.50157976420242, 12.545052316327517, 12.48381765614907, 12.482866952847813, 12.486178720790804, 12.479691326307716, 12.485666744148345, 12.480789116224758, 12.547963464776737, 12.480898700324193, 12.588873675157263, 12.49113392014759, 12.525684606409781, 12.479619507375743, 12.479835105622815, 12.610449623454363, 12.52258273787491, 12.629060175941367, 12.536410744230086, 12.495064067336477, 12.484916698913606, 12.529001264862028, 12.479512957563905, 12.563942253658835, 12.48867493026107, 12.48398499388292, 12.50538911797657, 12.492291411576879, 12.47942027065682, 12.503434157440754, 12.71517970137401, 12.48032383665205, 12.555451817128588, 12.495680217838759, 12.48926446602752, 12.50525048586753, 12.498442068359417, 12.487621067874281, 12.641755672396934, 12.596554197083389, 12.540539577819683, 12.479476733615424, 12.576268759796143, 12.483239744470744, 12.514360392325429, 12.481940420837848, 12.52749972632647, 12.4794093348226, 12.481362583038626, 12.486603991265273, 12.514443302262038, 12.479959891602876, 12.487606389235154, 12.496566486039526, 12.491015752878194, 12.509627770528148, 12.501605897703927, 12.49325993651038, 12.482558145794018, 12.48012134767234, 12.585474743276547, 12.481387034521386, 12.493640010947388, 12.507451163976526, 12.480476390145919, 12.516937859348495, 12.484793909405067, 12.519673379779652, 12.536392199912028, 12.657205584151397, 12.520345029524634, 12.568400209277936, 12.489810871991908, 12.498150604064692, 12.511927536570134, 12.499820241628289, 12.482052143734112, 12.509481188873512, 12.549995007640769, 12.532559558233835, 12.561535217392956]}]}