{"tests": [{"osnr_load_27": [6.7318735874978985, 7.010513219619412, 7.102434438735946, 7.643847578262997, 8.081724724983863, 8.2534799747939, 8.423293213086216, 8.507471556611497, 8.591164476514674, 8.839332315636016, 9.083139389786618, 9.243259935840202, 9.55771856281948, 9.635132463303398, 9.788524874356042, 10.089594098214992, 10.59831103248671, 10.739464689878215, 10.878775565263304, 11.219075618115147, 11.548155708848423, 11.740316934972794, 11.866255376771663, 11.92858023071163, 11.990478395930722, 12.58648928199216, 12.643844703675164]}, {"gosnr_load_27": [7.04348788968145, 10.932750533996556, 10.515968997556111, 8.361379428023595, 9.583369575223614, 8.934708614308919, 8.146257748220918, 11.377970603233464, 8.290649948692328, 7.579028111958442, 9.878164605167385, 9.414057294536269, 10.384768509103688, 6.689431698735012, 10.80978646308312, 10.998478991761855, 6.953134332860644, 11.424228463489083, 8.4521811372333, 11.069941071885882, 10.898152217737088, 9.085295851633884, 8.708344981400892, 11.027718220070437, 10.2900613812701, 9.348113403435509, 7.990974366266592]}]}