{"tests": [{"osnr_load_54": [9.991169308411179, 9.992303863968802, 9.994572086116062, 9.99797219923704, 10.000237463052645, 10.001369651943477, 10.002501545694958, 10.003633144460895, 10.004764448394997, 10.007026172381874, 10.008156592741454, 10.00928671888278, 10.010416550958965, 10.011546089122987, 10.01380428432584, 10.016061305712817, 10.018317154503434, 10.021698731734334, 10.022825339164378, 10.023951654357184, 10.026203408637176, 10.02732884802712, 10.028453995785345, 10.029578852062924, 10.030703417010848, 10.031827690779942, 10.032951673520943, 10.035198766521042, 10.037444697214674, 10.038567227072143, 10.039689466803473, 10.040811416558595, 10.041933076487275, 10.045296318811058, 10.046416820929737, 10.047537033969249, 10.048656958078702, 10.049776593407096, 10.054252249885835, 10.056488349304118, 10.058723297756885, 10.059840340741316, 10.060957096428266, 10.062073564965477, 10.06318974650056, 10.064305641181011, 10.067651605567928, 10.068766354302628, 10.069880816918499, 10.070994993562374, 10.074335809128545, 10.075448843350376, 10.076561592332652, 10.077674056221467]}, {"gosnr_load_54": [9.628560866075789, 9.598656048891606, 9.728661847223952, 9.725715195748236, 9.654159982393827, 9.584401350844646, 9.621189119578538, 9.716820479483724, 9.713914938655014, 9.716704301754035, 9.73325568238495, 9.633277455561123, 9.57576470975124, 9.711886146033914, 9.674091248735557, 9.675780798247995, 9.596627457535929, 9.64595079021425, 9.646789814655794, 9.608456363368783, 9.598348985845433, 9.618227213161019, 9.737245225672911, 9.77480706239996, 9.623427042258433, 9.614289069333733, 9.634300985545279, 9.684071177814765, 9.592332624887556, 9.587220312926402, 9.673840146544746, 9.626432506485328, 9.598175447920754, 9.67903896467724, 9.68632543810886, 9.620943730106962, 9.577017938183772, 9.613775776355133, 9.619720124685374, 9.588889117613524, 9.645745550701484, 9.659788226582284, 9.573921152448971, 9.64540286839446, 9.671070192482977, 9.639175258111973, 9.62849047844019, 9.60140308602403, 9.727777819893918, 9.691647279568148, 9.706235331652394, 9.6319095812684, 9.701649254817301, 9.609568020086387]}]}