{"tests": [{"osnr_load_81": [9.98776386194314, 9.988899307553417, 9.99003445632436, 9.991169308411125, 9.992303863968743, 9.993438123152108, 9.994572086116008, 9.995705753015113, 9.996839124003966, 9.997972199236983, 9.999104978868466, 10.00023746305259, 10.001369651943419, 10.002501545694905, 10.003633144460839, 10.004764448394942, 10.005895457650784, 10.00702617238182, 10.008156592741395, 10.009286718882722, 10.01041655095891, 10.011546089122929, 10.012675333527643, 10.013804284325785, 10.014932941669999, 10.016061305712762, 10.017189376606455, 10.01831715450338, 10.019444639555664, 10.020571831915316, 10.021698731734281, 10.022825339164323, 10.023951654357129, 10.025077677464242, 10.02620340863712, 10.027328848027064, 10.02845399578529, 10.02957885206287, 10.030703417010791, 10.031827690779885, 10.032951673520884, 10.034075365384428, 10.035198766520983, 10.036321877080962, 10.037444697214617, 10.03856722707209, 10.039689466803418, 10.04081141655854, 10.041933076487215, 10.043054446739173, 10.044175527463942, 10.045296318811005, 10.04641682092968, 10.047537033969194, 10.048656958078645, 10.049776593407042, 10.050895940103253, 10.052014998316032, 10.05313376819403, 10.054252249885781, 10.05537044353969, 10.056488349304061, 10.057605967327081, 10.058723297756826, 10.05984034074126, 10.060957096428211, 10.06207356496542, 10.063189746500505, 10.064305641180958, 10.065421249154182, 10.066536570567418, 10.067651605567871, 10.06876635430257, 10.069880816918444, 10.070994993562321, 10.072108884380913, 10.073222489520806, 10.07433580912849, 10.075448843350326, 10.076561592332595, 10.077674056221413]}, {"gosnr_load_81": [9.492052415058739, 9.53553274046191, 9.474287153309705, 9.47333628157274, 9.476648636419839, 9.47016009267545, 9.476136569016765, 9.471258076948587, 9.538444412235803, 9.471367680451822, 9.579362014100234, 9.481604714762344, 9.51616155781158, 9.470088261030162, 9.470303897442896, 9.6009418887882, 9.513059134532945, 9.619555843730906, 9.526889616971065, 9.485535559820114, 9.475386390837155, 9.519478809859564, 9.469981692357338, 9.554426079812702, 9.479145288558716, 9.474454520694527, 9.495862446872495, 9.482762411659596, 9.469888989043604, 9.49390713829242, 9.705691305155312, 9.470792714995367, 9.545934112349775, 9.48615181978838, 9.47973492890842, 9.495723790077438, 9.48891416117337, 9.478091239252809, 9.632253669609243, 9.587043931491799, 9.531019191411595, 9.469945461996765, 9.566754813908952, 9.473709139238615, 9.504835320400439, 9.472409585444957, 9.517977002531437, 9.469878051273637, 9.47183164531032, 9.477073982292227, 9.504918245131602, 9.470428705513708, 9.478076558010516, 9.487038245471792, 9.48148652651999, 9.500101854575503, 9.492078553209817, 9.483731108559464, 9.473027419815667, 9.470590190166526, 9.57596246545882, 9.471856101123176, 9.48411125049103, 9.497924860151127, 9.470945295498765, 9.50741324748252, 9.475263579566477, 9.510149256482878, 9.52687106932712, 9.647706425380994, 9.510821026232865, 9.558884840456681, 9.480281431817543, 9.488622645061893, 9.50240203064864, 9.49029257950209, 9.472521328128998, 9.499955246793808, 9.540476320509487, 9.523037740577847, 9.552018609223783]}]}