{"tests": [{"osnr_load_27": [24.661013347117695, 24.672888187865315, 24.676841875144902, 24.700515915148443, 24.72018153810587, 24.72803187741733, 24.735873149505288, 24.739790390353885, 24.743705370408257, 24.755436765787238, 24.767147885857305, 24.77494406169275, 24.790509514611028, 24.79439528546376, 24.802160130118413, 24.817663086261618, 24.84470781726309, 24.852414985795484, 24.8601133394881, 24.879320760287797, 24.898473425898903, 24.909938842497525, 24.917571575906635, 24.921384685026222, 24.925195624956267, 24.96318613529366, 24.966973338928263]}, {"gosnr_load_27": [24.479997921498992, 24.66506183203768, 24.665645600485067, 24.45711881411201, 24.59418735336973, 24.554331779696135, 24.50398939952949, 24.77177351779813, 24.472623751640405, 24.53449120914186, 24.637396139017348, 24.55027994380325, 24.647049462443825, 24.508802415637938, 24.703599411677224, 24.711525491892232, 24.47507212690588, 24.777750102550126, 24.486262056941523, 24.690147700132208, 24.65226216342065, 24.56501754959174, 24.544546022123907, 24.69882936108918, 24.65188488209992, 24.55173262036576, 24.520318724032798]}]}