{"tests": [{"osnr_load_54": [24.773866090676172, 24.77499735312125, 24.777258989051457, 24.780649222866845, 24.782907900492077, 24.784036796291726, 24.78516539695469, 24.786293702634783, 24.787421713485706, 24.78967685131423, 24.790803978598635, 24.791930811667463, 24.793057350673813, 24.79418359577066, 24.796435204847196, 24.798685640118517, 24.80093490280417, 24.80430660089761, 24.80542991528717, 24.806552937442166, 24.808798105654546, 24.80992025201469, 24.811042106745774, 24.8121636699989, 24.813284941925016, 24.81440592267498, 24.815526612399523, 24.817767119374707, 24.820006464054096, 24.82112570090845, 24.82224464763934, 24.82336330439667, 24.82448167133024, 24.8278350346847, 24.828952243818932, 24.83006916387668, 24.83118579500704, 24.832302137359004, 24.836764621958697, 24.838994135453465, 24.841222497993407, 24.84233624802542, 24.843449710762627, 24.844562886352758, 24.84567577494343, 24.846788376682145, 24.85012446225985, 24.851235918063477, 24.852347087750957, 24.853457971469098, 24.85678890827409, 24.85789864958088, 24.859008105650755, 24.860117276629865]}, {"gosnr_load_54": [24.434101988981126, 24.406866828259226, 24.52229103607205, 24.52615522212745, 24.458170546351617, 24.392835465075827, 24.4247823418825, 24.51757305598209, 24.515266024847158, 24.516315693007527, 24.531280303928774, 24.439301593734513, 24.385003059393565, 24.506776440699134, 24.478271910484303, 24.478324331060385, 24.402723603213342, 24.448793980100383, 24.452820916630973, 24.415939032500297, 24.403769909270725, 24.422247408807188, 24.536529728056635, 24.571153060001837, 24.430098868265468, 24.420144059728642, 24.441287613578275, 24.48324077841624, 24.39861085665453, 24.395770015355147, 24.47369951917571, 24.431093917168134, 24.40352219525306, 24.482891515263084, 24.489125858116545, 24.427910165840395, 24.38632692149216, 24.419409221664633, 24.425649079469775, 24.395543222347005, 24.44690959728586, 24.462530051894248, 24.383399573386978, 24.44988450677944, 24.47471525354179, 24.44558078870029, 24.4320035784998, 24.409298074875473, 24.521208492771844, 24.490351921285495, 24.502066296492355, 24.439008520631106, 24.50342072320324, 24.413870691949406]}]}