{"tests_qot": [{"osnr_load_qot_27": [7.653676086114995, 7.894418131517238, 7.973916904098603, 8.443027446217656, 8.823608608538633, 8.973204963483246, 9.121295145065094, 9.194775649337819, 9.26787994613433, 9.484937508513998, 9.698617400579439, 9.83919848128023, 10.115882334887164, 10.18412317910326, 10.319492632070038, 10.585800509132643, 11.037746687594135, 11.163612801019152, 11.288043327036252, 11.592894176143027, 11.888965250129072, 12.062457258351182, 12.176410925818772, 12.2328795430156, 12.289011209735229, 12.832116270849156, 12.884638854722807]}, {"gosnr_load_qot_27": [7.9062995501526405, 11.38839131172109, 10.95550369419692, 9.036597990303525, 10.115501669055114, 9.54447291692357, 8.856464442834802, 11.884631517816462, 8.977370158902056, 8.37115342454574, 10.380717986851622, 9.961185827715642, 10.834837415789483, 7.6047483782208305, 11.229185640157864, 11.414267809908168, 7.828302327909187, 11.930856016421158, 9.118479970710933, 11.518644948715266, 11.365724484754136, 9.676739423249723, 9.347022905115619, 11.45621818196454, 10.749550352346489, 9.90372156147179, 8.724368764923407]}]}