{"tests_qot": [{"osnr_load_qot_54": [10.493864683052488, 10.494999224713188, 10.497267419066613, 10.500667490496841, 10.50293272651862, 10.504064901512537, 10.505196781367106, 10.506328366236131, 10.507459656273326, 10.509721352466386, 10.510851758929054, 10.51198187117347, 10.51311168935275, 10.514241213619869, 10.516499381028908, 10.518756374622079, 10.521012195618892, 10.524393731159092, 10.525520324692238, 10.526646625988146, 10.528898352474345, 10.530023777967394, 10.531148911828724, 10.53227375420941, 10.53339830526044, 10.53452256513264, 10.535646533976749, 10.537893599183068, 10.540139502082921, 10.541262018043504, 10.542384243877954, 10.543506179736186, 10.544627825767979, 10.547991026401114, 10.549111514622902, 10.550231713765537, 10.55135162397811, 10.552471245409627, 10.556946846300852, 10.559182917925384, 10.561417838584399, 10.562534867671957, 10.563651609462038, 10.564768064102378, 10.565884231740588, 10.567000112524171, 10.570346035220481, 10.571460770058314, 10.572575218777319, 10.573689381524328, 10.577030155399907, 10.578143175724879, 10.579255910810287, 10.580368360802247]}, {"gosnr_load_qot_54": [10.129788389319438, 10.099777820856712, 10.230370045860983, 10.227134650755039, 10.155446018162998, 10.08551719178924, 10.122501133136364, 10.218228934427696, 10.21529871986975, 10.2181612563814, 10.234775819973986, 10.134483310178688, 10.076848599636254, 10.213544992545142, 10.175365038525538, 10.177123642289782, 10.097839399603043, 10.147288434185377, 10.147991984032966, 10.109606565985176, 10.099589141056754, 10.119521846986654, 10.238710809155496, 10.27638784577382, 10.124607892467578, 10.115506844229799, 10.13546576534569, 10.185555202216513, 10.093537910437636, 10.088330555782758, 10.175297459172285, 10.12769788261036, 10.099418792852688, 10.180325425923334, 10.187654707231298, 10.122112707524746, 10.078098524714445, 10.115003076528275, 10.120933407047856, 10.090079316611378, 10.147154534273529, 10.161126691357413, 10.074995323634518, 10.14667111735324, 10.172367474365114, 10.140363458765504, 10.129804066970323, 10.102537562635835, 10.229494690001511, 10.193149136481862, 10.20785561890838, 10.133070197625837, 10.20301831249576, 10.11085282693034]}]}