{"tests_qot": [{"osnr_load_qot_81": [10.490459278275265, 10.491594709988622, 10.492729844862643, 10.493864683052488, 10.494999224713188, 10.49613346999963, 10.497267419066613, 10.498401072068804, 10.499534429160741, 10.500667490496841, 10.50180025623141, 10.50293272651862, 10.504064901512537, 10.505196781367106, 10.506328366236131, 10.507459656273326, 10.508590651632261, 10.509721352466386, 10.510851758929054, 10.51198187117347, 10.51311168935275, 10.514241213619869, 10.515370444127667, 10.516499381028908, 10.517628024476217, 10.518756374622079, 10.519884431618873, 10.521012195618892, 10.522139666774272, 10.523266845237032, 10.524393731159092, 10.525520324692238, 10.526646625988146, 10.527772635198364, 10.528898352474345, 10.530023777967394, 10.531148911828724, 10.53227375420941, 10.53339830526044, 10.53452256513264, 10.535646533976749, 10.5367702119434, 10.537893599183068, 10.539016695846158, 10.540139502082921, 10.541262018043504, 10.542384243877954, 10.543506179736186, 10.544627825767979, 10.545749182123048, 10.546870248950933, 10.547991026401114, 10.549111514622902, 10.550231713765537, 10.55135162397811, 10.552471245409627, 10.553590578208956, 10.554709622524856, 10.555828378505975, 10.556946846300852, 10.558065026057886, 10.559182917925384, 10.560300522051527, 10.561417838584399, 10.562534867671957, 10.563651609462038, 10.564768064102378, 10.565884231740588, 10.567000112524171, 10.568115706600524, 10.569231014116898, 10.570346035220481, 10.571460770058314, 10.572575218777319, 10.573689381524328, 10.574803258446055, 10.575916849689087, 10.577030155399907, 10.578143175724879, 10.579255910810287, 10.580368360802247]}, {"gosnr_load_qot_81": [9.99280043753906, 10.036365867666259, 9.975105098994248, 9.97414753514147, 9.977481454015765, 9.970939362658836, 9.976877044345022, 9.972051756917574, 10.039528999591134, 9.972118212493447, 10.080588452099043, 9.982464422107272, 10.016950624155282, 9.970849177652944, 9.971061883166088, 10.101957294844752, 10.013841875732542, 10.120628236427764, 10.027932784114244, 9.986277188565989, 9.976211508622047, 10.020274892672013, 9.97075676366556, 10.055566722591838, 9.979884545069721, 9.975196845366147, 9.996615432594723, 9.983502396879677, 9.97066013765206, 9.994657481285582, 10.207040219382575, 9.971581271188464, 10.046793435980161, 9.987033489520428, 9.980584966634853, 9.996647358957242, 9.989808401818065, 9.978932340948885, 10.13365952796079, 10.088017860021576, 10.031841443349098, 9.970709543640226, 10.06767036722598, 9.974452694993964, 10.005602568816892, 9.973156216224252, 10.01898745591735, 9.97064554036698, 9.972630798263548, 9.977813841656886, 10.005878928602367, 9.97121246483717, 9.97881601005475, 9.987781067604654, 9.98222604423012, 10.000861179455198, 9.992986674112629, 9.984601318804332, 9.973772410681812, 9.97134547200239, 10.076904145210738, 9.972604578174465, 9.984851936703633, 9.998680831806933, 9.971698094443923, 10.008185135453775, 9.976004877175415, 10.010926291701479, 10.027683626273472, 10.148867326377989, 10.011804539511331, 10.059778627608253, 9.981020708582223, 9.989366922141723, 10.003165103768378, 9.991038585355215, 9.973326329012654, 10.000896177300959, 10.041321713510133, 10.02384161820875, 10.052893895371714]}]}