{"tests": [{"osnr_load_27": [6.258818120496068, 6.5586335161307785, 6.65748765446817, 7.2391592659412325, 7.708806646202496, 7.892811936963891, 8.074612037828823, 8.164684919333386, 8.254206372534533, 8.51946349370594, 8.779765437281238, 8.950552855592003, 9.285557064262324, 9.367943898414104, 9.531087155123526, 9.850883689024588, 10.389931487388623, 10.53919225194122, 10.686367083798052, 11.045284476158372, 11.39153671825718, 11.593332366230374, 11.725423534931725, 11.790745270408443, 11.855588048042442, 12.478292750996253, 12.538054857987934]}, {"gosnr_load_27": [6.600303380079259, 10.715109921345851, 10.30648710228721, 8.021025967142439, 9.322834998505508, 8.63133707086464, 7.787284922859995, 11.127228653605137, 7.944167587648895, 7.175464948033786, 9.634047983429234, 9.144957487430457, 10.169492750132491, 6.217553568126886, 10.611107448828543, 10.801639192747102, 6.503053289347508, 11.173894301790002, 8.117085843763371, 10.856159920280827, 10.674525910299282, 8.792057195338499, 8.389058021393636, 10.824158377001718, 10.06953182498937, 9.07435454001874, 7.619483847297225]}]}