{"tests": [{"osnr_load_54": [9.748989807455724, 9.750124369155506, 9.752392603587086, 9.755792735134538, 9.758058011234459, 9.759190206267451, 9.760322106161087, 9.761453711069183, 9.76258502114544, 9.764846757416631, 9.765977183918364, 9.767107316201848, 9.768237154420188, 9.769366698726365, 9.771624906213528, 9.773881939884811, 9.776137800959734, 9.779519396617092, 9.780646010189285, 9.781772331524243, 9.784024098088537, 9.785149543620632, 9.786274697521005, 9.787399559940736, 9.78852413103081, 9.78964841094205, 9.790772399825201, 9.7930195051096, 9.795265448087529, 9.796387984087144, 9.797510229960624, 9.798632185857887, 9.799753851928713, 9.803117112678937, 9.804237620939759, 9.805357840121415, 9.806477770373014, 9.80759741184355, 9.812073092890865, 9.814309204593432, 9.81654416533048, 9.817661214457052, 9.81877797628615, 9.819894450965498, 9.821010638642722, 9.822126539465312, 9.825472522278652, 9.826587277155486, 9.827701745913497, 9.828815928699512, 9.832156762692094, 9.833269803056066, 9.834382558180472, 9.835495028211426]}, {"gosnr_load_54": [9.385202184578338, 9.355207415410394, 9.48571103463205, 9.482521048218217, 9.410851337235137, 9.34094731188316, 9.37790140328441, 9.473616802163288, 9.470690389435415, 9.473541479022444, 9.490146576970858, 9.389900655971706, 9.332283506579767, 9.468893261913603, 9.430772868431887, 9.432520641584706, 9.353254729252903, 9.402685383292823, 9.403410302423156, 9.365031963122282, 9.355000075023309, 9.37492476992518, 9.494090280154651, 9.5317502846294, 9.380028892837034, 9.370921763159808, 9.390889612289577, 9.44093019974896, 9.348954165568834, 9.343761638624382, 9.430676366006173, 9.383105652360747, 9.354829219273896, 9.43573140409651, 9.443054154161247, 9.377535506756454, 9.333533987929696, 9.37041647989972, 9.376349190512016, 9.345497849939141, 9.402540237172822, 9.416523913739457, 9.330431709089469, 9.402078984253784, 9.427771514634623, 9.395783756952781, 9.385204300033712, 9.357965234496149, 9.484834286239638, 9.448521546483994, 9.463209797400726, 9.388494631274625, 9.458411940480648, 9.366257048496337]}]}