{"tests": [{"osnr_load_81": [9.7455843425612, 9.746719794313638, 9.74785494922674, 9.748989807455668, 9.750124369155445, 9.75125863448097, 9.752392603587031, 9.753526276628296, 9.754659653759308, 9.755792735134483, 9.756925520908123, 9.758058011234404, 9.759190206267393, 9.76032210616103, 9.761453711069128, 9.762585021145384, 9.763716036543384, 9.764846757416576, 9.765977183918306, 9.76710731620179, 9.76823715442013, 9.769366698726309, 9.770495949273174, 9.771624906213471, 9.772753569699839, 9.773881939884754, 9.775010016920602, 9.77613780095968, 9.777265292154112, 9.778392490655921, 9.779519396617037, 9.78064601018923, 9.781772331524186, 9.782898360773453, 9.78402409808848, 9.785149543620575, 9.786274697520948, 9.787399559940681, 9.788524131030753, 9.789648410941993, 9.790772399825144, 9.791896097830836, 9.79301950510954, 9.794142621811666, 9.795265448087468, 9.79638798408709, 9.797510229960567, 9.79863218585783, 9.799753851928653, 9.80087522832276, 9.80199631518967, 9.803117112678882, 9.804237620939702, 9.80535784012136, 9.806477770372958, 9.807597411843497, 9.80871676468185, 9.809835829036777, 9.810954605056917, 9.81207309289081, 9.813191292686861, 9.814309204593373, 9.815426828758536, 9.816544165330425, 9.817661214456997, 9.818777976286091, 9.819894450965439, 9.821010638642665, 9.822126539465257, 9.82324215358062, 9.824357481136, 9.825472522278591, 9.82658727715543, 9.82770174591344, 9.828815928699457, 9.829929825660184, 9.831043436942215, 9.832156762692037, 9.83326980305601, 9.834382558180415, 9.835495028211371]}, {"gosnr_load_81": [9.24828588953158, 9.29183913709775, 9.230579038088354, 9.229622501990074, 9.23295311608149, 9.226419279670543, 9.232363239958065, 9.227529434370972, 9.294962734547017, 9.227602690628249, 9.336001002960439, 9.237931986369006, 9.2724302877736, 9.226331984090558, 9.226545157358046, 9.357403713111323, 9.26932244840277, 9.376066212710942, 9.283372717869723, 9.241763465279648, 9.231684348490884, 9.27575354444728, 9.226237337170806, 9.31099207959579, 9.23537101676372, 9.23068270265826, 9.252100209528038, 9.238988854915446, 9.22614132656291, 9.25014261970755, 9.462437140135576, 9.227059742873188, 9.30226287320214, 9.242497720949611, 9.236054002012931, 9.25210525761598, 9.245270730114523, 9.234402738208479, 9.38904533197327, 9.343470414118409, 9.287316298368161, 9.226191847471151, 9.323131538131964, 9.229938337529711, 9.261085350807468, 9.228641338043534, 9.274432292094623, 9.22612730550088, 9.228107629490228, 9.233300160495743, 9.261331238214865, 9.226691682079345, 9.234302421076025, 9.24326719838096, 9.237712540231538, 9.256345076717329, 9.248446904309573, 9.240067287870003, 9.229257808098877, 9.226829180155809, 9.332361462881417, 9.228089393683835, 9.240338322042534, 9.254165196213744, 9.227182203662643, 9.263667259023991, 9.23149091886389, 9.266407681360976, 9.283159891391847, 9.404292173393063, 9.267253418418278, 9.31524300342469, 9.236507208845667, 9.244852868077633, 9.258648475146119, 9.246524305724789, 9.228802258184126, 9.256351459473809, 9.296793190604348, 9.279319142411294, 9.308360990609831]}]}