{"tests_qot": [{"osnr_load_qot_27": [7.370925393208115, 7.622804902642861, 7.705956819907877, 8.19635624960694, 8.593844446932764, 8.749989547226036, 8.904505657894049, 8.981153002551968, 9.057393365086622, 9.283674385313462, 9.506300669046437, 9.652692280383164, 9.940629371752834, 10.011607159320853, 10.15235926251969, 10.429069520164846, 10.898070614054118, 11.028545174095921, 11.157468511446664, 11.473053120780953, 11.779162132385983, 11.958351963740677, 12.07597190713968, 12.134234567601123, 12.192134482103622, 12.751549358568077, 12.805570422132815]}, {"gosnr_load_qot_27": [7.640803816518185, 11.25405673668327, 10.818067353432824, 8.826512206704408, 9.948505671204984, 9.353967057286214, 8.636006726960714, 11.743826599202729, 8.763870031295575, 8.12648933348571, 10.22280349130056, 9.789629113992115, 10.693950870674785, 7.32382577682411, 11.098838361417583, 11.287072277863073, 7.559170719869951, 11.790535160345804, 8.911061469690381, 11.386890476159836, 11.22902512502389, 9.491742069867, 9.147860119839207, 11.327392520976026, 10.60542182145526, 9.729578090079462, 8.497048743844504]}]}