{"tests_qot": [{"osnr_load_qot_54": [10.33518531180345, 10.336319858025744, 10.338588061502358, 10.341988146617368, 10.34425339176233, 10.345385571317838, 10.346517455733999, 10.347649045164616, 10.348780339763401, 10.351042045079641, 10.3521724561039, 10.35330257290991, 10.354432395650779, 10.355561924479487, 10.357820101011706, 10.360077103728054, 10.362332933848045, 10.365714483073006, 10.366841081167738, 10.367967387025235, 10.370219122634607, 10.371344552689244, 10.37246969111216, 10.37359453805443, 10.374719093667045, 10.375843358100829, 10.37696733150652, 10.379214405836013, 10.381460317859032, 10.3825828383812, 10.383705068777232, 10.384827009197046, 10.385948659790422, 10.389311874108301, 10.390432366891675, 10.39155257059589, 10.392672485370047, 10.39379211136314, 10.398267730500688, 10.400503811248377, 10.402738741030554, 10.40385577467969, 10.404972521031349, 10.406088980233266, 10.407205152433052, 10.408321037778215, 10.411666974159255, 10.412781713558665, 10.413896166839244, 10.415010334147832, 10.418351121708136, 10.419464146594684, 10.420576886241665, 10.421689340795197]}, {"gosnr_load_qot_54": [9.972375323162106, 9.942458127625306, 10.072532989387028, 10.069551569566206, 9.997981174264224, 9.928202890116836, 9.965013853400563, 10.06065564014752, 10.0577471618087, 10.060545310302887, 10.077104097074702, 9.977089241867507, 9.919562503286869, 10.055751552134382, 10.01791071477925, 10.019608567463314, 9.94044043146381, 9.989778305833374, 9.990600988433913, 9.9522617484711, 9.942165339651705, 9.962049888593619, 10.081087013414647, 10.118662256276867, 9.967235936589443, 9.958102528217905, 9.978107807495547, 10.027915861544654, 9.936144849291729, 9.931021142662239, 10.017681738872744, 9.9702515531627, 9.941992188388468, 10.022859896119442, 10.030151438339656, 9.964751223950515, 9.92081531810757, 9.957590389870475, 9.963532974716376, 9.932699565713035, 9.989581668643993, 10.003615668319675, 9.917717796971573, 9.98922202537643, 10.014892528378649, 9.982984842831865, 9.97231531151624, 9.945206662444088, 10.07165001853813, 10.035494017508501, 10.0500961613052, 9.975715931039865, 10.045479858242762, 9.953389618073004]}]}