{"tests_qot": [{"osnr_load_qot_81": [10.331779893341444, 10.332915329616393, 10.33405046905201, 10.33518531180345, 10.336319858025744, 10.33745410787378, 10.338588061502358, 10.33972171906614, 10.34085508071967, 10.341988146617368, 10.343120916913527, 10.34425339176233, 10.345385571317838, 10.346517455733999, 10.347649045164616, 10.348780339763401, 10.349911339683926, 10.351042045079641, 10.3521724561039, 10.35330257290991, 10.354432395650779, 10.355561924479487, 10.356691159548877, 10.357820101011706, 10.358948749020607, 10.360077103728054, 10.361205165286435, 10.362332933848045, 10.363460409565013, 10.36458759258936, 10.365714483073006, 10.366841081167738, 10.367967387025235, 10.369093400797043, 10.370219122634607, 10.371344552689244, 10.37246969111216, 10.37359453805443, 10.374719093667045, 10.375843358100829, 10.37696733150652, 10.37809101403476, 10.379214405836013, 10.380337507060684, 10.381460317859032, 10.3825828383812, 10.383705068777232, 10.384827009197046, 10.385948659790422, 10.387070020707075, 10.38819109209654, 10.389311874108301, 10.390432366891675, 10.39155257059589, 10.392672485370047, 10.39379211136314, 10.394911448724054, 10.396030497601533, 10.397149258144234, 10.398267730500688, 10.399385914819298, 10.400503811248377, 10.4016214199361, 10.402738741030554, 10.40385577467969, 10.404972521031349, 10.406088980233266, 10.407205152433052, 10.408321037778215, 10.409436636416146, 10.410551948494094, 10.411666974159255, 10.412781713558665, 10.413896166839244, 10.415010334147832, 10.416124215631132, 10.417237811435742, 10.418351121708136, 10.419464146594684, 10.420576886241665, 10.421689340795197]}, {"gosnr_load_qot_81": [9.835810734382688, 9.879300794164305, 9.818054116046884, 9.817102448901178, 9.820417363805177, 9.81392244207943, 9.81989416964575, 9.815022150488048, 9.88224274581212, 9.815126550695902, 9.923176947967065, 9.825376624497233, 9.859924534475923, 9.813848398583167, 9.814063679058801, 9.944731116451008, 9.856821386164242, 9.963351711198916, 9.87068309753407, 9.82929318667676, 9.819154205067747, 9.863242592274005, 9.81374353769922, 9.898230976277013, 9.822902706152314, 9.81821236445122, 9.83962131869905, 9.826519873684838, 9.813650362568758, 9.837665715054811, 10.049519429265914, 9.814556176380547, 9.889705197688167, 9.829926322665942, 9.823505695323574, 9.839503229073177, 9.832690146372373, 9.821860948065172, 9.976089578793747, 9.930828330030012, 9.874785988831215, 9.813705982840403, 9.910532423898697, 9.817467140351685, 9.848595803563246, 9.816167972862518, 9.861766647298847, 9.813638983732574, 9.815596371807437, 9.820831497416876, 9.84870204769422, 9.814191592941837, 9.821834012001172, 9.830795998144144, 9.825243947502143, 9.843861439569642, 9.83585617371892, 9.827504258979426, 9.816785602118651, 9.814349642367855, 9.919743112329481, 9.815614717762376, 9.827868780827616, 9.841684067117676, 9.81470444410473, 9.85117425886994, 9.819021289799043, 9.85391085537351, 9.870636748265447, 9.991512612759282, 9.854607509778148, 9.902659922630773, 9.824038838217568, 9.832380554095238, 9.846162039794702, 9.834050676873492, 9.816286751394722, 9.843736727870384, 9.884245792843165, 9.86680241961944, 9.895791544793871]}]}