{"tests": [{"osnr_load_27": [23.060172332541438, 23.075450368076325, 23.08053626198572, 23.110980614484383, 23.136258273469593, 23.146345855025853, 23.15642005676962, 23.16145214820892, 23.166480904284384, 23.181547192198913, 23.196583576423834, 23.20659126170408, 23.22656697597717, 23.231552661206692, 23.24151416166859, 23.26139777036824, 23.296068223076464, 23.30594476554865, 23.315808330688515, 23.340410629506554, 23.364932358109073, 23.37960688051984, 23.389373898379123, 23.39425261728783, 23.399128146887264, 23.44770869452518, 23.452549340576564]}, {"gosnr_load_27": [22.883168573069256, 23.12501428587488, 23.1152228174009, 22.87351812522491, 23.028684968913964, 22.979850323295175, 22.919302335329114, 23.2470365277102, 22.888666650989403, 22.944429931310747, 23.07705053745737, 22.98128155376854, 23.094093941440818, 22.908695170073585, 23.159049327068168, 23.17106168891695, 22.877179187841953, 23.25415756853041, 22.904450844563428, 23.153161884723694, 23.112045287897836, 22.992610085592734, 22.967209673484412, 23.159647368905922, 23.097659886403527, 22.981978692802375, 22.934357986360546]}]}