{"tests": [{"osnr_load_54": [23.216714434341267, 23.217846723154103, 23.220110411815735, 23.223503724718, 23.22576445506098, 23.22689437721745, 23.228024004235866, 23.22915333627005, 23.230282373473692, 23.232539564003556, 23.23366771763658, 23.234795577052655, 23.23592314240489, 23.237050413846255, 23.239304075607716, 23.241556563558493, 23.243807878918133, 23.247182656012306, 23.248306996732712, 23.24943104521718, 23.251678266084404, 23.252801438769918, 23.253924319825007, 23.255046909400768, 23.256169207648153, 23.25729121471802, 23.258412930761097, 23.260655490369253, 23.26289688767613, 23.264017150842186, 23.265137123883406, 23.2662568069497, 23.267376200190867, 23.270732642459908, 23.271850877896266, 23.27296882425477, 23.274086481684524, 23.275203850334513, 23.279670440112625, 23.281902006188403, 23.28413242130388, 23.28524719762161, 23.286361686643176, 23.28747588851629, 23.288589803388575, 23.28970343140754, 23.293042595817784, 23.294155077896193, 23.295267273857082, 23.29637918384727, 23.299713199460193, 23.30082396703356, 23.30193444936864, 23.303044646611593]}, {"gosnr_load_54": [22.863483662035794, 22.834937037177966, 22.95755172653637, 22.957999905639916, 22.888295230687913, 22.820807736263554, 22.85515014544716, 22.949269971748176, 22.94666535012984, 22.9485858118229, 22.964330022355156, 22.86843577477921, 22.812579722925545, 22.941421584811646, 22.908290789720915, 22.909163910125052, 22.8318586032317, 22.87951346095395, 22.881937876802127, 22.844365326224562, 22.83324247021615, 22.852403702628344, 22.968942727108434, 23.005002199764796, 22.85891754514928, 22.849382448162643, 22.86993707031975, 22.9157663116821, 22.82765867183537, 22.823681358761103, 22.905889165692685, 22.860919760900916, 22.833032201831042, 22.913070171473336, 22.919825592036993, 22.8565832972763, 22.81386682363894, 22.84875945250719, 22.85484481495873, 22.824405607782886, 22.878472684906917, 22.893286362785258, 22.810857399446242, 22.87978143016084, 22.905006304332463, 22.874517328405318, 22.862404246323827, 22.837524242335952, 22.956569713494726, 22.923103141636332, 22.93624513758698, 22.867603958185967, 22.93462155172426, 22.84389380853975]}]}