{"tests": [{"osnr_load_81": [23.213315788115384, 23.21444896697699, 23.21558184900056, 23.216714434341252, 23.217846723154093, 23.218978715593988, 23.22011041181572, 23.221241811973957, 23.22237291622324, 23.22350372471799, 23.224634237612506, 23.225764455060972, 23.226894377217437, 23.228024004235856, 23.229153336270034, 23.230282373473678, 23.231411116000366, 23.232539564003545, 23.233667717636564, 23.234795577052644, 23.235923142404875, 23.23705041384624, 23.238177391529607, 23.239304075607706, 23.240430466233164, 23.241556563558483, 23.242682367736048, 23.243807878918123, 23.244933097256855, 23.24605802290428, 23.247182656012292, 23.2483069967327, 23.249431045217168, 23.25055480161725, 23.25167826608439, 23.252801438769907, 23.253924319825, 23.255046909400754, 23.25616920764814, 23.257291214718006, 23.25841293076109, 23.259534355927997, 23.26065549036924, 23.26177633423519, 23.26289688767612, 23.26401715084218, 23.26513712388339, 23.266256806949688, 23.26737620019086, 23.268495303756588, 23.26961411779645, 23.270732642459894, 23.271850877896256, 23.272968824254757, 23.27408648168451, 23.2752038503345, 23.276320930353602, 23.277437721890575, 23.27855422509407, 23.279670440112614, 23.28078636709462, 23.28190200618839, 23.28301735754212, 23.284132421303873, 23.285247197621604, 23.28636168664316, 23.287475888516276, 23.288589803388568, 23.289703431407528, 23.290816772720554, 23.291929827474913, 23.293042595817774, 23.294155077896185, 23.29526727385707, 23.29637918384726, 23.297490808013464, 23.29860214650228, 23.299713199460182, 23.300823967033544, 23.301934449368634, 23.30304464661158]}, {"gosnr_load_81": [22.733134275937662, 22.775447678035682, 22.714615638023933, 22.7137469886465, 22.716793453493025, 22.71095856271046, 22.717367943158845, 22.71188310904023, 22.775396221024053, 22.71249911100064, 22.814490655126875, 22.721414831343274, 22.756668720479368, 22.711102585218498, 22.711351827461826, 22.838462056229503, 22.753652531435293, 22.85633405632354, 22.76437214457789, 22.72671747204781, 22.715626451015236, 22.75989078416691, 22.710830159327728, 22.79065823359624, 22.720379492554855, 22.715670589327047, 22.73687140558551, 22.723974234344233, 22.71078388532862, 22.734954634726833, 22.938883524065574, 22.71147970157375, 22.785501150998556, 22.72568666313385, 22.719665738294434, 22.734730039750758, 22.72829083196403, 22.718133263928507, 22.865070798511486, 22.825105385344663, 22.77107929270503, 22.710923152946275, 22.805580738982222, 22.714913589951774, 22.745642311062298, 22.713582870643712, 22.755877836390365, 22.71081597437557, 22.712390209673362, 22.71830901388931, 22.743453505339573, 22.71117342133683, 22.719312546525106, 22.728200390315013, 22.72270871755754, 22.7410200901239, 22.731280138298786, 22.723409767282323, 22.714217612655897, 22.711668790308927, 22.814445775575315, 22.713009808992805, 22.725309681744527, 22.73889083592019, 22.71205170762918, 22.748155836548843, 22.71648862602834, 22.750820867982675, 22.767061049389667, 22.88333493439291, 22.74906561294062, 22.79799693885913, 22.72151105788522, 22.7297616353572, 22.743267409512562, 22.731404869079924, 22.71300857914033, 22.73874144423899, 22.780228087489252, 22.76334444549573, 22.791374610644233]}]}