{"tests_qot": [{"osnr_load_qot_27": [8.97236601281966, 9.166147107633138, 9.230224146576107, 9.609258556816386, 9.918013768393733, 10.03970860482549, 10.160372044390737, 10.220317351233493, 10.2800052696414, 10.45752658790879, 10.632738807142113, 10.748267425922645, 10.976264197043704, 11.032627675091506, 11.144594243495607, 11.365496728075133, 11.74242522972272, 11.847881843408796, 11.95235187305925, 12.209240862663071, 12.460068406342318, 12.607689556604054, 12.704917168358687, 12.753177194797008, 12.801202353696597, 13.268705751438086, 13.314198832534935]}, {"gosnr_load_qot_27": [9.150803527497951, 12.069456419741336, 11.654756173916198, 10.046901881563466, 10.942799523151987, 10.472012456413237, 9.91088358221113, 12.572716180214936, 10.002192400052856, 9.528238431730593, 11.168622939003313, 10.808397804792376, 11.549682398520282, 8.914666946948222, 11.89586713224018, 12.065523023029925, 9.088095842200302, 12.6156771301622, 10.117585591567366, 12.186254469738282, 12.056826231282066, 10.58083756888683, 10.311289016639261, 12.113495975452135, 11.478229669644255, 10.761939824277395, 9.807950604753282]}]}