{"tests_qot": [{"osnr_load_qot_54": [11.282120338268085, 11.283254854625211, 11.2855229983715, 11.288922993891028, 11.291188179305687, 11.292320328996045, 11.293452183547055, 11.294583743112526, 11.295715007846166, 11.297976653432123, 11.299107034591241, 11.30023712153211, 11.301366914407842, 11.302496413371415, 11.304754530173373, 11.307011473159465, 11.309267243549213, 11.312648703178816, 11.313775271408431, 11.314901547400812, 11.317153223279963, 11.318278623469492, 11.319403732027304, 11.320528549104472, 11.321653074851984, 11.32277730942067, 11.323901252961264, 11.326148267560562, 11.328394119853398, 11.32951661051048, 11.330638811041423, 11.33176072159615, 11.33288234232445, 11.336245467047089, 11.337365929965387, 11.338486103804527, 11.339605988713613, 11.340725584841639, 11.345201084518923, 11.34743710553649, 11.34967197558856, 11.350788979372643, 11.35190569585925, 11.353022125196118, 11.35413826753086, 11.355254123010974, 11.358599969796892, 11.359714679331264, 11.360829102746807, 11.36194324019036, 11.365283938155573, 11.366396933177096, 11.367509642959053, 11.368622067647564]}, {"gosnr_load_qot_54": [10.919599238114637, 10.889712271422853, 11.01962137754547, 11.016718215505444, 10.94518786306674, 10.875459408723065, 10.912215317078642, 11.007825756638582, 11.00492411340878, 11.007702315649713, 11.024243091102004, 10.924318760516702, 10.866828129947345, 11.002854221731015, 10.965119620313303, 10.966798702381652, 10.887670295386647, 10.936971485627382, 10.937830765267906, 10.899507670916751, 10.889387479257396, 10.90925621422641, 11.028240539457965, 11.065782516386886, 10.914472755513081, 10.90532985670488, 10.925348380357526, 10.975067354174847, 10.883376746000152, 10.878279023310062, 10.964841020391141, 10.917465345668859, 10.889213474632115, 10.970065101571889, 10.97734466306936, 10.911991389468067, 10.868081770787265, 10.904815169834736, 10.910761223052416, 10.879935729180392, 10.93675556431398, 10.950807867495167, 10.86498615172378, 10.936434004873812, 10.962095246208914, 10.93021881448054, 10.91951595149322, 10.892457221008726, 11.01873611081032, 10.982640268381736, 10.997209573257237, 10.922957760562763, 10.992661473138536, 10.900599072166624]}]}