{"tests_qot": [{"osnr_load_qot_81": [11.278715009401585, 11.279850415811365, 11.280985525381812, 11.282120338268085, 11.283254854625211, 11.284389074608086, 11.2855229983715, 11.286656626070124, 11.287789957858493, 11.288922993891028, 11.290055734322035, 11.291188179305687, 11.292320328996045, 11.293452183547055, 11.294583743112526, 11.295715007846166, 11.296845977901544, 11.297976653432123, 11.299107034591241, 11.30023712153211, 11.301366914407842, 11.302496413371415, 11.303625618575676, 11.304754530173373, 11.305883148317141, 11.307011473159465, 11.308139504852727, 11.309267243549213, 11.31039468940106, 11.311521842560284, 11.312648703178816, 11.313775271408431, 11.314901547400812, 11.316027531307506, 11.317153223279963, 11.318278623469492, 11.319403732027304, 11.320528549104472, 11.321653074851984, 11.32277730942067, 11.323901252961264, 11.325024905624407, 11.326148267560562, 11.327271338920145, 11.328394119853398, 11.32951661051048, 11.330638811041423, 11.33176072159615, 11.33288234232445, 11.334003673376017, 11.33512471490041, 11.336245467047089, 11.337365929965387, 11.338486103804527, 11.339605988713613, 11.340725584841639, 11.34184489233748, 11.342963911349898, 11.34408264202753, 11.345201084518923, 11.346319238972475, 11.34743710553649, 11.34855468435916, 11.34967197558856, 11.350788979372643, 11.35190569585925, 11.353022125196118, 11.35413826753086, 11.355254123010974, 11.356369691783861, 11.357484973996769, 11.358599969796892, 11.359714679331264, 11.360829102746807, 11.36194324019036, 11.363057091808631, 11.364170657748204, 11.365283938155573, 11.366396933177096, 11.367509642959053, 11.368622067647564]}, {"gosnr_load_qot_81": [10.783171679224688, 10.826636408681088, 10.765397082604169, 10.764447275756137, 10.767756183113564, 10.761276087816531, 10.767257995413367, 10.76237184045604, 10.829510185241984, 10.76248790688583, 10.87040382352104, 10.772707908904035, 10.807273099227555, 10.76120701288277, 10.761423074865807, 10.892013907532705, 10.804171826690094, 10.910618077260533, 10.817962356989172, 10.77665620514415, 10.766495173671624, 10.810589082705233, 10.76109832860002, 10.84548239837266, 10.770266703195972, 10.765575778471277, 10.786980719543962, 10.77388348299145, 10.761006219475194, 10.785025934160064, 10.996706268209833, 10.761907276846705, 10.837033170199797, 10.777251426368055, 10.77083969394133, 10.786816493379888, 10.780011703812502, 10.769197450510822, 10.923265057048326, 10.878123092313874, 10.82212478591822, 10.761063748471596, 10.857844069700766, 10.764830260565185, 10.795950871223944, 10.763530329601494, 10.80905522981258, 10.760995831153345, 10.762944551122155, 10.76819544046112, 10.796004785825184, 10.761544010145796, 10.769198012439148, 10.77815861450068, 10.772607750529781, 10.79121890131548, 10.783173809393753, 10.774832590201814, 10.764148369978397, 10.761709754558233, 10.867047195497587, 10.762976604169552, 10.775232129386197, 10.789042551149155, 10.762065209277843, 10.798527934841548, 10.7663849390775, 10.801262993853715, 10.817978388945502, 10.938753501851009, 10.801903759502636, 10.849977878840253, 10.77140276992802, 10.779742693244652, 10.793518365818178, 10.781412260194871, 10.763633312520955, 10.791045071995127, 10.83157782542779, 10.814146612189061, 10.843114873676722]}]}