{"tests_qot": [{"osnr_load_qot_27": [10.997023315240192, 11.133627072064593, 11.178879020985026, 11.447428793754943, 11.667352145426403, 11.754340180248466, 11.840768942237956, 11.883773925613024, 11.926639493650946, 12.054401141854708, 12.180913372417791, 12.264562855551324, 12.43020710875845, 12.471274478821607, 12.552998087729259, 12.714806245329749, 12.992746377253484, 13.07094516005293, 13.14860836172743, 13.340435982437906, 13.528959884011776, 13.640502215216785, 13.714213356528832, 13.750874652245656, 13.78740681482501, 14.145691359365781, 14.180822805726379]}, {"gosnr_load_qot_27": [11.077602999407599, 13.222743860472274, 12.884822037164088, 11.683696354951646, 12.349240999515317, 12.006902464226116, 11.603932026146406, 13.666647552805252, 11.657513156458702, 11.349574254398147, 12.52334732308396, 12.24035499021539, 12.802183773761968, 10.922808550521719, 13.075545015057592, 13.210686310002188, 11.033449824063013, 13.70206525866283, 11.741100680234462, 13.317794810817464, 13.215665260221217, 12.08606052003255, 11.892420830165651, 13.25215952654105, 12.751138142996146, 12.2081716711889, 11.537764092081746]}]}