{"tests_qot": [{"osnr_load_qot_54": [12.642683962422971, 12.643818422694268, 12.646086454268922, 12.649486281531013, 12.65175135477408, 12.652883448378645, 12.654015246843866, 12.65514675032356, 12.656277958971422, 12.658539492385836, 12.659669817459193, 12.660799848314305, 12.661929585104284, 12.663059027982104, 12.665317032612585, 12.667573863427204, 12.669829521645513, 12.673210813017977, 12.674337325161888, 12.675463545068572, 12.677715108776342, 12.678840452880191, 12.67996550535232, 12.68109026634382, 12.682214736005655, 12.68333891448868, 12.684462801943614, 12.68670970437161, 12.688955444493148, 12.6900778790646, 12.691200023509912, 12.692321877979007, 12.693443442621689, 12.696806399087478, 12.697926805920174, 12.699046923673718, 12.70016675249721, 12.701286292539645, 12.705761567874612, 12.70799747672105, 12.710232234602012, 12.711349182300548, 12.712465842701612, 12.71358221595294, 12.714698302202144, 12.71581410159673, 12.719159780126088, 12.720274433574946, 12.721388800904986, 12.722502882263031, 12.725843411971766, 12.726956350907809, 12.728069004604286, 12.729181373207325]}, {"gosnr_load_qot_54": [12.278018762095957, 12.247987653810913, 12.378698119449483, 12.375396707044853, 12.303686591961347, 12.233727451941494, 12.270751867306993, 12.36648961275963, 12.363554100142002, 12.366433102299759, 12.38306005049213, 12.282708102461978, 12.225052595377354, 12.361863888194431, 12.323600249972507, 12.325374515991669, 12.24607022134264, 12.2955419205169, 12.296214212147078, 12.25782170144563, 12.2478262335904, 12.26776895932506, 12.386981976552484, 12.424680602070149, 12.272828183427151, 12.26373678099643, 12.283680983107342, 12.33383747742713, 12.241767741550412, 12.23653917503233, 12.32357490355935, 12.275937229005313, 12.247656640678233, 12.328562917133926, 12.335901106938982, 12.270330582696191, 12.22630160399869, 12.263235268375684, 12.269161624412163, 12.238306111272747, 12.295424451254087, 12.309378603070169, 12.223197315455216, 12.294908716331467, 12.320608474390733, 12.288583443041158, 12.278054238850945, 12.250749971028213, 12.377824872398342, 12.34143453908477, 12.356166376823927, 12.281284761406843, 12.351271890091164, 12.259098773201325]}]}