{"tests_qot": [{"osnr_load_qot_81": [12.639278801813983, 12.64041415213792, 12.641549205622532, 12.642683962422971, 12.643818422694268, 12.644952586591318, 12.646086454268922, 12.647220025881726, 12.648353301584287, 12.649486281531013, 12.650618965876221, 12.65175135477408, 12.652883448378645, 12.654015246843866, 12.65514675032356, 12.656277958971422, 12.657408872941025, 12.658539492385836, 12.659669817459193, 12.660799848314305, 12.661929585104284, 12.663059027982104, 12.664188177100622, 12.665317032612585, 12.666445594670613, 12.667573863427204, 12.66870183903475, 12.669829521645513, 12.67095691141164, 12.672084008485156, 12.673210813017977, 12.674337325161888, 12.675463545068572, 12.676589472889576, 12.677715108776342, 12.678840452880191, 12.67996550535232, 12.68109026634382, 12.682214736005655, 12.68333891448868, 12.684462801943614, 12.685586398521098, 12.68670970437161, 12.687832719645542, 12.688955444493148, 12.6900778790646, 12.691200023509912, 12.692321877979007, 12.693443442621689, 12.694564717587635, 12.695685703026413, 12.696806399087478, 12.697926805920174, 12.699046923673718, 12.70016675249721, 12.701286292539645, 12.702405543949904, 12.703524506876738, 12.704643181468796, 12.705761567874612, 12.706879666242596, 12.70799747672105, 12.709114999458166, 12.710232234602012, 12.711349182300548, 12.712465842701612, 12.71358221595294, 12.714698302202144, 12.71581410159673, 12.716929614284087, 12.718044840411483, 12.719159780126088, 12.720274433574946, 12.721388800904986, 12.722502882263031, 12.723616677795807, 12.724730187649886, 12.725843411971766, 12.726956350907809, 12.728069004604286, 12.729181373207325]}, {"gosnr_load_qot_81": [12.140937587764338, 12.184517219430855, 12.123260502582829, 12.122301516343672, 12.125639988110429, 12.119086378408724, 12.125014409962947, 12.12020195162834, 12.187737807549366, 12.12025847337115, 12.228824774576308, 12.130628532009947, 12.165094242598899, 12.118991982431059, 12.11920398773965, 12.250142383166168, 12.161984422830008, 12.268824078978945, 12.17613350033745, 12.134413668327328, 12.124368426785288, 12.168419714592789, 12.118902835861176, 12.203786432555145, 12.12802126227307, 12.123334841904349, 12.144753255935479, 12.13163883864233, 12.11880531927659, 12.142794937256436, 12.355288643896202, 12.11973034471252, 12.19494951928356, 12.135202091809365, 12.12874708226062, 12.144824419886678, 12.137979555635432, 12.127092603200127, 12.28193044016652, 12.236195158592038, 12.179990854167455, 12.118853093552824, 12.215836784318945, 12.122591065717799, 12.153742567553817, 12.121295452807479, 12.167181752281625, 12.118789881943574, 12.12078218122193, 12.12595095096756, 12.154063392056072, 12.119360479949123, 12.126952903028625, 12.135917637485946, 12.130362534802561, 12.148999939029972, 12.14116063093744, 12.132767583034054, 12.121911194702408, 12.119486919931946, 12.225075417968466, 12.120744306890593, 12.13298837435065, 12.146819088149233, 12.119838928130385, 12.156325883345719, 12.124142538631784, 12.159067885796706, 12.175831321707218, 12.297079948697146, 12.159993524750297, 12.207941022376172, 12.129157291340857, 12.137503632190697, 12.15130444210152, 12.139175487959868, 12.1214789722256, 12.149076709863271, 12.189475271962444, 12.171987792365442, 12.201052891839497]}]}