{"tests": [{"osnr_load_27": [6.768566078394364, 7.045645217636883, 7.137054844625197, 7.675490073352553, 8.111007818188256, 8.281850907688302, 8.450770193669022, 8.534508413788728, 8.617765789831457, 8.864654538430393, 9.107223921535644, 9.266542362695935, 9.579451976296996, 9.656490097381997, 9.809144670906617, 10.108792832707627, 10.615195900817094, 10.755728228169147, 10.894435149049835, 11.233300068597048, 11.56104912862862, 11.752460167439168, 11.877918130614605, 11.940008538386886, 12.001676073559715, 12.595582624181432, 12.65274699050696]}, {"gosnr_load_27": [7.076297566903165, 10.95619017102682, 10.532946207239513, 8.38574035368011, 9.602620195692488, 8.956836878854723, 8.17241571190275, 11.410235574980945, 8.31559507788166, 7.60898133427567, 9.896545969651738, 9.433630273660956, 10.401847196504049, 6.724684723512826, 10.826837245818615, 11.01686873649054, 6.986458667785086, 11.457180729202637, 8.476337426132929, 11.093877810905777, 10.923057127479748, 9.106727329932875, 8.73165014615627, 11.048190430112923, 10.307242006259685, 9.368003870794956, 8.018244226866113]}]}