{"tests": [{"osnr_load_54": [10.010632380333531, 10.0117669353825, 10.014035156512456, 10.017435268107475, 10.019700530905775, 10.020832719287952, 10.021964612530782, 10.023096210788067, 10.02422751421352, 10.026489237183092, 10.027619657034016, 10.02874978266669, 10.029879614234225, 10.031009151889595, 10.033267346075142, 10.035524366444816, 10.037780214218127, 10.041161789923072, 10.042288396844466, 10.043414711528618, 10.045666464791307, 10.046791903672599, 10.04791705092217, 10.049041906691098, 10.050166471130371, 10.05129074439081, 10.05241472662316, 10.054661818605958, 10.056907748282288, 10.058030277631104, 10.059152516853784, 10.060274466100253, 10.06139612552028, 10.06475936631811, 10.065879867928139, 10.067000080459, 10.0681200040598, 10.06923963887954, 10.073715293323675, 10.075951391724656, 10.07818633916012, 10.0793033816359, 10.080420136814201, 10.08153660484276, 10.08265278586919, 10.083768680040992, 10.087114642901957, 10.088229391128003, 10.089343853235224, 10.09045802937045, 10.093798843410667, 10.094911877123849, 10.096024625597472, 10.097137088977636]}, {"gosnr_load_54": [9.64627153572834, 9.616235829915702, 9.746966540360377, 9.743664609086307, 9.671943320418777, 9.601973456029976, 9.639003525516802, 9.734756116875955, 9.731820144171788, 9.734699597556194, 9.75132915755505, 9.650961596870127, 9.593297281656255, 9.730129667456278, 9.691860062813236, 9.693634604331518, 9.614318104982013, 9.663797391533901, 9.664469786868628, 9.62607137956626, 9.616074385068835, 9.636020160217392, 9.755251701141352, 9.792956291021483, 9.641080160147949, 9.63198736420403, 9.651934627149778, 9.702098881403314, 9.610014969403604, 9.604785606818849, 9.691834712465239, 9.64418968294469, 9.61590476628447, 9.696823500835698, 9.70416283211222, 9.6385821762987, 9.594546479854039, 9.631485774797243, 9.637413038778552, 9.606552811973973, 9.663679904152477, 9.677636211707592, 9.591441720237516, 9.663164089688042, 9.688867822938427, 9.656837841618696, 9.646307017933365, 9.618998568695563, 9.746093156026205, 9.7096971262721, 9.724431264342119, 9.649538036957855, 9.719536012484525, 9.62734864662681]}]}