{"tests": [{"osnr_load_81": [10.00722693539145, 10.008362380493075, 10.009497528755363, 10.010632380333478, 10.011766935382443, 10.012901194057154, 10.0140351565124, 10.015168822902854, 10.016302193383055, 10.01743526810742, 10.01856804723025, 10.019700530905721, 10.020832719287897, 10.021964612530729, 10.023096210788012, 10.024227514213464, 10.025358522960655, 10.02648923718304, 10.02761965703396, 10.028749782666635, 10.029879614234169, 10.031009151889538, 10.032138395785598, 10.033267346075087, 10.03439600291065, 10.035524366444761, 10.036652436829803, 10.037780214218072, 10.038907698761705, 10.040034890612706, 10.041161789923018, 10.042288396844409, 10.043414711528563, 10.044540734127025, 10.045666464791251, 10.046791903672542, 10.047917050922115, 10.049041906691045, 10.050166471130314, 10.051290744390755, 10.052414726623105, 10.053538417977997, 10.054661818605899, 10.055784928657229, 10.056907748282228, 10.058030277631051, 10.059152516853729, 10.060274466100196, 10.061396125520222, 10.06251749526353, 10.063638575479644, 10.064759366318059, 10.06587986792808, 10.067000080458943, 10.068120004059743, 10.069239638879488, 10.070358985067047, 10.071478042771176, 10.072596812140521, 10.073715293323621, 10.074833486468881, 10.075951391724598, 10.07706900923897, 10.078186339160064, 10.079303381635844, 10.080420136814146, 10.081536604842704, 10.082652785869135, 10.083768680040938, 10.084884287505513, 10.085999608410098, 10.087114642901899, 10.088229391127948, 10.08934385323517, 10.090458029370398, 10.091571919680337, 10.09268552431158, 10.093798843410614, 10.094911877123797, 10.096024625597417, 10.097137088977586]}, {"gosnr_load_81": [9.509169631618592, 9.552755782696675, 9.491489920582447, 9.490530792195486, 9.49386975895004, 9.487315177918758, 9.493244088020493, 9.488430916377222, 9.555976855208982, 9.488487446493167, 9.597070033568698, 9.498859043199442, 9.533329892148918, 9.487220767961107, 9.487432804668005, 9.618390888085317, 9.530219607073171, 9.6370754415985, 9.544370804330345, 9.50264474183675, 9.492598009048452, 9.536655862085478, 9.487131608188937, 9.572027899377384, 9.496251386411528, 9.491564270924385, 9.512985867994852, 9.49986949987504, 9.487034077162813, 9.511027257633037, 9.723553394140318, 9.487959239601754, 9.563189652927313, 9.503433282508697, 9.496977314124223, 9.513057042548086, 9.506211159341744, 9.495322589534602, 9.650183814990088, 9.604441538034473, 9.548228737250552, 9.487081858514054, 9.584080073492114, 9.490820384485385, 9.521976520219885, 9.489524579567089, 9.535417714362314, 9.48701863754366, 9.489011231931272, 9.494180767932322, 9.522297392619096, 9.48758932005519, 9.49518286863551, 9.504148934561181, 9.498593006493943, 9.517233184065827, 9.509392707992143, 9.500998411940788, 9.490140412706946, 9.48771577876536, 9.593320107710884, 9.488973351988543, 9.501219236060836, 9.515052008047643, 9.488067839103527, 9.524560221784133, 9.492372087400822, 9.527302633955655, 9.544068580356878, 9.665335656986766, 9.528228411280196, 9.57618311691769, 9.497387584095058, 9.505735165108762, 9.519538030887299, 9.507407269581883, 9.489708126179046, 9.517309966347668, 9.55771458109529, 9.540224474551861, 9.569293945977007]}]}