{"tests_qot": [{"osnr_load_qot_27": [9.987981933211769, 10.150978413194728, 10.20492688031335, 10.524592359066112, 10.785717403748992, 10.88883087188007, 10.991182143833047, 11.042072323582133, 11.09277240949962, 11.243733807306684, 11.392990791786934, 11.49155122642515, 11.686413946578822, 11.734660574242104, 11.830592750000422, 12.020220441804781, 12.34494248897774, 12.436066839729019, 12.526461422870604, 12.749274583093683, 12.967593565382892, 13.096449205195748, 13.181470292456407, 13.223717378419755, 13.265789435382317, 13.67698776416657, 13.717166145461086]}, {"gosnr_load_qot_27": [10.116860349002598, 12.62377060649632, 12.247551279911633, 10.857910207517012, 11.629367383996392, 11.22744256775073, 10.751446377172817, 13.100252921509863, 10.822943786051631, 10.43702790798948, 11.827449406780897, 11.508867336715749, 12.154347462861502, 9.923885815215277, 12.462296200968794, 12.61435021256878, 10.064176804234295, 13.139334547426847, 10.921136644209783, 12.72923695434477, 12.614297010438737, 11.320324941500353, 11.091523056860629, 12.659489202596166, 12.09367495665986, 11.470030795107913, 10.667975039988697]}]}