{"tests_qot": [{"osnr_load_qot_54": [11.94278602810786, 11.943920519417437, 11.946188613068632, 11.949588533445528, 11.951853668765107, 11.95298579340793, 11.954117622911403, 11.955249157429344, 11.956380397115453, 11.958641992606353, 11.959772348717948, 11.960902410611297, 11.962032178439506, 11.96316165235556, 11.965419719062487, 11.96767661195355, 11.969932332248286, 11.973313716735374, 11.974440259917486, 11.975566510862372, 11.977818136646533, 11.978943511788573, 11.980068595298889, 11.981193387328572, 11.982317888028595, 11.9834420975498, 11.98456601604291, 11.986812980547253, 11.98905878274513, 11.990181248354741, 11.991303423838215, 11.99242530934547, 11.993546905026303, 11.996909954606547, 11.998030392477386, 11.99915054126907, 12.000270401130702, 12.001389972211275, 12.005865371698757, 12.008101342621435, 12.010336162578628, 12.011453141315275, 12.012569832754448, 12.013686237043881, 12.014802354331191, 12.015918184763876, 12.019263956407517, 12.020378640894464, 12.021493039262591, 12.022607151658722, 12.025947774481692, 12.027060744455806, 12.028173429190353, 12.02928582883146]}, {"gosnr_load_qot_54": [11.58096472107779, 11.551137333234403, 11.680717900295184, 11.677973234052866, 11.60651989538421, 11.536888472381769, 11.573534853035763, 11.669087288996078, 11.666199333921554, 11.66893725740001, 11.685442488040492, 11.58569587749283, 11.528275170435142, 11.663978713609529, 11.626457304008023, 11.628098424675631, 11.54904600948429, 11.598275651943828, 11.599209185583225, 11.560916623249744, 11.550747629483638, 11.570585438268246, 11.689469636089926, 11.726946391501949, 11.575864108051157, 11.566701441008698, 11.586747970611755, 11.63628920897179, 11.544756336622932, 11.539711009452155, 11.626078071871937, 11.578810181410423, 11.55057188461976, 11.631395570815544, 11.638651264611049, 11.573389385078038, 11.529530557479717, 11.566181557163945, 11.572134984276312, 11.541323774884692, 11.598020618331578, 11.612110846433874, 11.526438619185464, 11.597776258262265, 11.623420207870709, 11.591605300725574, 11.580834237194837, 11.553875170154395, 11.679827926671853, 11.643851937308868, 11.658355513862691, 11.584359761127164, 11.653945429932415, 11.561934142835637]}]}