{"tests_qot": [{"osnr_load_qot_81": [11.939380774384027, 11.94051615574625, 11.941651240269145, 11.94278602810786, 11.943920519417437, 11.94505471435276, 11.946188613068632, 11.947322215719709, 11.948455522460534, 11.949588533445528, 11.950721248828994, 11.951853668765107, 11.95298579340793, 11.954117622911403, 11.955249157429344, 11.956380397115453, 11.9575113421233, 11.958641992606353, 11.959772348717948, 11.960902410611297, 11.962032178439506, 11.96316165235556, 11.964290832512301, 11.965419719062487, 11.96654831215874, 11.96767661195355, 11.968804618599309, 11.969932332248286, 11.971059753052625, 11.972186881164346, 11.973313716735374, 11.974440259917486, 11.975566510862372, 11.97669246972157, 11.977818136646533, 11.978943511788573, 11.980068595298889, 11.981193387328572, 11.982317888028595, 11.9834420975498, 11.98456601604291, 11.98568964365857, 11.986812980547253, 11.987936026859353, 11.98905878274513, 11.990181248354741, 11.991303423838215, 11.99242530934547, 11.993546905026303, 11.994668211030405, 11.995789227507332, 11.996909954606547, 11.998030392477386, 11.99915054126907, 12.000270401130702, 12.001389972211275, 12.002509254659664, 12.00362824862463, 12.004746954254815, 12.005865371698757, 12.006983501104864, 12.008101342621435, 12.00921889639667, 12.010336162578628, 12.011453141315275, 12.012569832754448, 12.013686237043881, 12.014802354331191, 12.015918184763876, 12.017033728489332, 12.01814898565482, 12.019263956407517, 12.020378640894464, 12.021493039262591, 12.022607151658722, 12.023720978229575, 12.024834519121736, 12.025947774481692, 12.027060744455806, 12.028173429190353, 12.02928582883146]}, {"gosnr_load_qot_81": [11.444807288824732, 11.488223090429784, 11.426995246326964, 11.426049159004663, 11.429346068214226, 11.42289567787069, 11.42889856087076, 11.42398346983489, 11.490958788352831, 11.424123199517863, 11.53177249366884, 11.434282790326805, 11.4688849526717, 11.42283667437706, 11.423054333100144, 11.55349718860265, 11.465787309917708, 11.57206911984833, 11.479434277221372, 11.438295656475086, 11.428089346989152, 11.472196915937538, 11.422720230953114, 11.506899425802917, 11.431907783255141, 11.42721541549914, 11.448613410790863, 11.435523978039361, 11.422630278366029, 11.446660175564753, 11.658001053997644, 11.423521740638458, 11.498604942216765, 11.438814027750437, 11.432419975220123, 11.448355620832167, 11.441567268050166, 11.430782717655411, 11.584532541455076, 11.539629854269915, 11.48371766713921, 11.422691681078112, 11.519383913368188, 11.4264692603906, 11.45757527696688, 11.425167709042048, 11.470545554096345, 11.422621898037484, 11.424553149004634, 11.42983629584384, 11.457523082488612, 11.423161123851465, 11.430839039948408, 11.439797334126446, 11.434248567403671, 11.45284789719094, 11.444721597589115, 11.436401601520137, 11.425786617419693, 11.423342481394878, 11.528572226959692, 11.42461299911677, 11.436872170770716, 11.450673498421008, 11.423699279972027, 11.460149662740998, 11.428025098126799, 11.462881757190267, 11.479576803080146, 11.600154507152329, 11.463409229722373, 11.511530072413949, 11.433043780699446, 11.441380533465473, 11.455145187216134, 11.443049066381732, 11.425238667300196, 11.452574458790805, 11.49315752240997, 11.475749985633591, 11.504677573250135]}]}