{"tests": [{"osnr_load_27": [16.041933050842296, 16.095496028605037, 16.113296052819997, 16.21952820195858, 16.307314621622783, 16.34224168321696, 16.377061977069168, 16.39443216527743, 16.41177575666395, 16.46364726810791, 16.51528055559368, 16.549570827389136, 16.617835920250663, 16.63483666264319, 16.668759736784097, 16.73629315096425, 16.85347870633613, 16.886728289972265, 16.91987524287424, 17.002295348378745, 17.084079799375253, 17.13284708457865, 17.16523275353115, 17.18138793199511, 17.197518051116653, 17.3574483702058, 17.3733050560268]}, {"gosnr_load_27": [15.95779378017607, 16.84183275591735, 16.702233660369078, 16.139979199360376, 16.460568829518884, 16.315383724352653, 16.145878129465203, 17.093599828210436, 16.141999759990433, 16.082594879676243, 16.55177863154624, 16.392044321228326, 16.659214237919006, 15.925445252707014, 16.79930857657313, 16.85822768111478, 15.940067253349, 17.11155792056095, 16.179190964340574, 16.894457222941096, 16.833349993780054, 16.349710525225067, 16.270052423194176, 16.86949942349748, 16.643660929905387, 16.3819678791111, 16.13510839148903]}]}