{"tests": [{"osnr_load_54": [16.682318975278687, 16.683453115471334, 16.685720506888853, 16.68911937391566, 16.691383807002126, 16.692515580528486, 16.693647058915545, 16.69477824231713, 16.695909130886943, 16.698170024145423, 16.69930002914089, 16.70042973991817, 16.701559156630374, 16.702688279430465, 16.704945643905663, 16.70720183456521, 16.70945685262867, 16.712837183769263, 16.713963375835995, 16.71508927566555, 16.71734019921923, 16.718465223246113, 16.719589955641336, 16.720714396555984, 16.721838546141015, 16.722962404547292, 16.72408597192554, 16.72633223420031, 16.72857733416885, 16.729699448663876, 16.730821273032824, 16.731942807425607, 16.733064051992027, 16.736426048229376, 16.737546134986026, 16.738665932663583, 16.739785441411144, 16.740904661377705, 16.745378656409702, 16.747613925104986, 16.74984804283501, 16.750964670458153, 16.752081010783886, 16.75319706395993, 16.754312830133912, 16.75542830945333, 16.758773027757496, 16.759887361131398, 16.76100140838654, 16.762115169669748, 16.765454739154272, 16.766567358015692, 16.767679691637593, 16.768791740166115]}, {"gosnr_load_54": [16.322074916277177, 16.292466979143256, 16.420851855895144, 16.418658157112805, 16.347503052428152, 16.278238060514234, 16.31448882853957, 16.409798699400884, 16.406959491121086, 16.409556493371564, 16.425931192849234, 16.32684440582598, 16.26969078346814, 16.40421700511701, 16.367451449177572, 16.36896016445703, 16.290205334740534, 16.339165689030942, 16.340356426722366, 16.30218620784147, 16.29185223364792, 16.311574285571197, 16.430059593076848, 16.467293571936686, 16.31706624049793, 16.307838909056205, 16.3279740166887, 16.37687727696854, 16.285930935871843, 16.281069539062564, 16.366723283025927, 16.3198496684979, 16.2916705261387, 16.37236254685073, 16.379532290210467, 16.314615624814078, 16.270951697396807, 16.307301217166973, 16.31327768151389, 16.282529167275893, 16.33877508262598, 16.35299079990754, 16.26787383978308, 16.33879864153595, 16.364371532963816, 16.332783796736535, 16.32178074869737, 16.295178972088983, 16.419945947466907, 16.384401386217554, 16.398670655500652, 16.325595194715117, 16.394741243194137, 16.30294696989634]}]}