{"tests": [{"osnr_load_81": [16.67891477490594, 16.680049805151068, 16.681184538556924, 16.682318975278662, 16.68345311547131, 16.68458695928977, 16.685720506888828, 16.68685375842315, 16.687986714047277, 16.689119373915634, 16.690251738182514, 16.691383807002104, 16.69251558052846, 16.693647058915523, 16.694778242317106, 16.695909130886918, 16.697039724778527, 16.698170024145398, 16.699300029140865, 16.700429739918146, 16.701559156630346, 16.70268827943044, 16.70381710847129, 16.70494564390564, 16.706073885886102, 16.70720183456519, 16.70832949009528, 16.709456852628644, 16.71058392231743, 16.711710699313656, 16.71283718376924, 16.71396337583597, 16.71508927566553, 16.71621488340946, 16.717340199219205, 16.718465223246092, 16.719589955641315, 16.720714396555955, 16.721838546140994, 16.722962404547268, 16.724085971925515, 16.725209248426356, 16.726332234200285, 16.727454929397688, 16.72857733416883, 16.72969944866385, 16.7308212730328, 16.731942807425582, 16.733064051992002, 16.734185006881745, 16.735305672244376, 16.73642604822935, 16.737546134986005, 16.738665932663558, 16.73978544141112, 16.740904661377684, 16.742023592712115, 16.74314223556318, 16.744260590079524, 16.74537865640968, 16.74649643470206, 16.747613925104964, 16.74873112776658, 16.749848042834984, 16.750964670458128, 16.75208101078386, 16.75319706395991, 16.75431283013389, 16.755428309453304, 16.75654350206554, 16.75765840811788, 16.75877302775747, 16.759887361131373, 16.76100140838652, 16.76211516966972, 16.7632286451277, 16.76434183490705, 16.765454739154247, 16.766567358015667, 16.767679691637564, 16.76879174016609]}, {"gosnr_load_81": [16.186912259169834, 16.23014013488873, 16.16897765584565, 16.168044867678173, 16.171298775927877, 16.164954138435867, 16.171027329357848, 16.166013854678567, 16.23239556238174, 16.16623564562208, 16.272914717703447, 16.17618138726252, 16.210897447581544, 16.16493011050312, 16.165153220461914, 16.295027831080148, 16.20781369518917, 16.31347997421036, 16.220956788623507, 16.180416663197747, 16.170057456035323, 16.214194075104487, 16.164786788458954, 16.248219937622427, 16.17403709112519, 16.169341658800917, 16.190706670935477, 16.177649756655697, 16.164704356938035, 16.188759627576005, 16.39883266461374, 16.165562152656708, 16.240465884859958, 16.18066813199258, 16.174338082581453, 16.190124305225414, 16.183395809861075, 16.172718805168735, 16.325301232788682, 16.28124787028266, 16.225658115057115, 16.164779177330214, 16.261125299461824, 16.16859360117956, 16.199636052105134, 16.167286965052224, 16.21213564316667, 16.16470294846573, 16.16657277809758, 16.171965682145764, 16.199215667879642, 16.165210880975387, 16.172968608244275, 16.18191517829809, 16.176375991723777, 16.19492657092923, 16.18652184575928, 16.178278949814533, 16.167908629640852, 16.16544634616313, 16.270258326767, 16.16672906805332, 16.178995815810925, 16.192759849266444, 16.165807660845182, 16.202200071585768, 16.17015281786804, 16.204920738321974, 16.22153818683842, 16.341379698175786, 16.205054853682498, 16.25331763011905, 16.175172377337066, 16.183494668448084, 16.197215358053906, 16.18515891987141, 16.16724675839178, 16.194307587714096, 16.235048256250828, 16.217730181724953, 16.246504476830935]}]}