{"tests": [{"osnr_load_27": [5.130661944560847, 5.486138936126881, 5.603187972544482, 6.29019085671115, 6.842499791664616, 7.058248937917985, 7.271033136372665, 7.376312460122581, 7.480849693771847, 7.790009266124166, 8.092496836666482, 8.290456285861735, 8.677532271486825, 8.772466410275443, 8.960143696343222, 9.326786919370765, 9.940844517787756, 10.109950185210552, 10.276283577111357, 10.680170089868888, 11.067365252296726, 11.291880659313273, 11.438378420548727, 11.510686902149079, 11.582374506483411, 12.266134119663318, 12.331304090973948]}, {"gosnr_load_27": [5.552590084517519, 10.182391376139927, 9.846167734515467, 7.242049953818839, 8.745243699642613, 7.946496113880874, 6.9597526278267505, 10.432060527357823, 7.149242619352948, 6.231511560587467, 9.096127126761925, 8.54666232558752, 9.697094706574422, 5.094186237849235, 10.169676187594716, 10.35061312309683, 5.437223096650269, 10.475521717859221, 7.351423700071806, 10.327217716706194, 10.119511992004995, 8.132847238670092, 7.663589019716026, 10.342170270805935, 9.586179449212478, 8.46446568986049, 6.759322421426983]}]}