{"tests": [{"osnr_load_54": [9.216312779122784, 9.217447353185475, 9.219715612342888, 9.223115780979064, 9.225381081804807, 9.226513289200714, 9.22764520145725, 9.228776818728262, 9.229908141167417, 9.232169902164426, 9.23330034102906, 9.23443048567545, 9.235560336256691, 9.236689892925776, 9.23894812513874, 9.241205183535827, 9.243461069336552, 9.24684270208261, 9.247969328017696, 9.24909566171555, 9.251347453005637, 9.252472910900625, 9.253598077163897, 9.25472295194652, 9.255847535399491, 9.25697182767362, 9.258095828919666, 9.260342958929849, 9.262588926633557, 9.263711474996066, 9.264833733232434, 9.265955701492581, 9.267077379926295, 9.270440677765183, 9.27156119838889, 9.272681429933428, 9.273801372547917, 9.274921026381335, 9.279396756880178, 9.281632893308505, 9.283867878771314, 9.284984940260765, 9.286101714452744, 9.287218201494966, 9.28833440153507, 9.289450314720536, 9.292796334622501, 9.293911101862207, 9.295025582983095, 9.296139778131984, 9.299480649213178, 9.300593701940022, 9.301706469427295, 9.302818951821118]}, {"gosnr_load_54": [8.853233505067474, 8.823288133921173, 8.953517497350203, 8.950463131637422, 8.878855412436344, 8.80903068292433, 8.845892961866431, 8.941563967295723, 8.938649117923747, 8.941465858456647, 8.958041433844016, 8.857942200667798, 8.800381806770238, 8.936722747848437, 8.898782886758301, 8.900498235408028, 8.821293068441156, 8.870665135659864, 8.871453706585106, 8.833099417662002, 8.823025176328711, 8.84292446527276, 8.962010804667846, 8.999617055348452, 8.8480820909545, 8.838957528427532, 8.858950462900697, 8.908841548168294, 8.816995591549627, 8.811847665952426, 8.898600165383124, 8.851119170051629, 8.822852820470677, 8.903735516908316, 8.911038226281766, 8.84559425903179, 8.801633851686727, 8.838447765513077, 8.844387117551616, 8.813546331014464, 8.870486473201613, 8.884503412176926, 8.798534557695174, 8.870091332148696, 8.895770467858974, 8.863833651080554, 8.853195187747879, 8.826040010433086, 8.952636666588457, 8.916424590048926, 8.931057343733949, 8.856557415141484, 8.926377467691873, 8.834261278745545]}]}