{"tests": [{"osnr_load_81": [9.212907277139514, 9.214042741254865, 9.215177908530887, 9.216312779122726, 9.217447353185415, 9.218581630873855, 9.21971561234283, 9.220849297747007, 9.221982687240928, 9.22311578097901, 9.224248579115557, 9.22538108180475, 9.226513289200653, 9.227645201457193, 9.228776818728203, 9.229908141167357, 9.231039168928266, 9.232169902164367, 9.233300341028997, 9.23443048567539, 9.235560336256631, 9.236689892925718, 9.237819155835481, 9.238948125138682, 9.240076800987955, 9.241205183535767, 9.242333272934516, 9.243461069336496, 9.244588572893823, 9.245715783758538, 9.246842702082551, 9.247969328017637, 9.24909566171549, 9.250221703327655, 9.251347453005577, 9.252472910900565, 9.253598077163836, 9.254722951946464, 9.25584753539943, 9.256971827673562, 9.258095828919608, 9.259219539288194, 9.260342958929789, 9.261466087994805, 9.262588926633496, 9.263711474996011, 9.264833733232376, 9.265955701492523, 9.267077379926235, 9.268198768683229, 9.269319867913028, 9.270440677765126, 9.271561198388829, 9.272681429933368, 9.273801372547858, 9.274921026381278, 9.276040391582514, 9.277159468300324, 9.27827825668335, 9.279396756880121, 9.280514969039054, 9.281632893308446, 9.282750529836488, 9.283867878771254, 9.284984940260706, 9.286101714452684, 9.287218201494907, 9.288334401535012, 9.289450314720476, 9.290565941198713, 9.291681281116976, 9.292796334622441, 9.293911101862149, 9.295025582983037, 9.296139778131925, 9.297253687455521, 9.29836731110042, 9.299480649213121, 9.300593701939965, 9.301706469427234, 9.302818951821061]}, {"gosnr_load_81": [8.716541196921513, 8.760054865367785, 8.698801334888568, 8.697847933883176, 8.701168448026774, 8.694659707587709, 8.700621947087583, 8.695763102892759, 8.763060359675574, 8.695856629847627, 8.804032370347286, 8.706134731526877, 8.74066653561749, 8.694581033250138, 8.694795585339616, 8.825534421623441, 8.737561639025829, 8.844170325511765, 8.751489694392722, 8.710021716542883, 8.699903286070455, 8.743986526748484, 8.69447973588152, 8.779063519392903, 8.703630323960574, 8.698940525652192, 8.720353220284402, 8.707247852873788, 8.69438556720318, 8.718396853999549, 8.930412169381427, 8.695295814157568, 8.770466391534525, 8.710690190359411, 8.704261272605109, 8.720278131600637, 8.713457319330914, 8.702614191686353, 8.856992908218485, 8.811620477367843, 8.75553709376393, 8.69443940848971, 8.791308834947746, 8.69819557538783, 8.72933174379732, 8.69689711947651, 8.74256455452305, 8.69437326517961, 8.69633873218839, 8.701559165553945, 8.729486761126376, 8.694930003479458, 8.702561626645835, 8.711524902787884, 8.705971746138205, 8.724595148448538, 8.716627001933455, 8.708265118493003, 8.697514365557506, 8.6950808809601, 8.800526572119429, 8.696344302737783, 8.708597003040346, 8.722416823198117, 8.6954350740997, 8.731911496198762, 8.699749231733229, 8.734649525690031, 8.75138520286996, 8.87235497341415, 8.735398270741713, 8.783430452092832, 8.704766516918017, 8.713109903508327, 8.726896807198717, 8.714780544332765, 8.697030619979156, 8.724516216239593, 8.765003202542248, 8.747548495776442, 8.776557066692762]}]}