{"tests": [{"osnr_load_27": [10.947553824593241, 11.085325234584264, 11.130962465103554, 11.401782425064251, 11.62354303212004, 11.711252032668364, 11.7983937841585, 11.841752269402212, 11.884969343357831, 12.01377353067622, 12.141310331727468, 12.225632882770379, 12.392599345434343, 12.433992288882614, 12.516361078619834, 12.679435779234412, 12.959516285148636, 13.038308917226942, 13.116558151133512, 13.309816833102948, 13.499723580080044, 13.612072695707305, 13.686312219575093, 13.723234879246062, 13.760026527707039, 14.120803835079567, 14.156174474562446]}, {"gosnr_load_27": [11.032588713882008, 13.19143145781047, 12.853108124947587, 11.645484199138615, 12.314606172386691, 11.969917102556371, 11.56398642032157, 13.635319663492487, 11.618740056626017, 11.306386904015236, 12.489422451160216, 12.205598643736861, 12.770192526690892, 10.875648301727097, 13.04451950261811, 13.180079224284073, 10.988078309629852, 13.670722312941209, 11.702861487282286, 13.286636268786626, 13.184040160931438, 12.049608443582695, 11.85451457739356, 13.221429460041996, 12.71876286818496, 12.173122048835896, 11.496820345633484]}]}