{"tests": [{"osnr_load_54": [12.607070992130428, 12.608205454104732, 12.610473489085399, 12.613873321456515, 12.616138398105592, 12.61727049341317, 12.618402293581397, 12.619533798764095, 12.620665009114962, 12.622926545935389, 12.624056872711753, 12.62518690526987, 12.626316643762856, 12.627446088343678, 12.62970409638017, 12.631960930600798, 12.634216592225116, 12.63759788870659, 12.63872440255351, 12.639850624163191, 12.642102191276972, 12.643227537083824, 12.64435259125895, 12.645477353953458, 12.646601825318292, 12.647726005504321, 12.648849894662257, 12.651096800496259, 12.653342544023802, 12.654464980298247, 12.655587126446564, 12.65670898261866, 12.657830548964341, 12.661193510539137, 12.662313919074835, 12.663434038531374, 12.664553869057869, 12.6656734108033, 12.67014869295026, 12.6723846052027, 12.674619366489662, 12.675736315891193, 12.676852977995253, 12.677969352949578, 12.679085440901783, 12.680201241999363, 12.683546925637712, 12.684661580789566, 12.68577594982261, 12.686890032883651, 12.690230567701374, 12.691343508340413, 12.692456163739884, 12.69356853404592]}, {"gosnr_load_54": [12.245609133785159, 12.215817109506537, 12.345203476069724, 12.342551051783357, 12.271144239283977, 12.201570914657259, 12.238152721047449, 12.333669112474615, 12.330789188724173, 12.333503620124125, 12.349987774764378, 12.25034694314501, 12.192968272377694, 12.328480964245795, 12.291084453138847, 12.292703456109065, 12.213697134517261, 12.262883987753284, 12.263860684657736, 12.225586797128996, 12.215389662087478, 12.23520901129881, 12.35403209631305, 12.39146999674481, 12.240523688693925, 12.231349743409972, 12.251412081589041, 12.300848755872615, 12.209409818219292, 12.204395084523508, 12.290646704193497, 12.243442637348581, 12.215212909284523, 12.29601840445099, 12.303260041034573, 12.238052888572767, 12.194224645327377, 12.230826849415566, 12.236784422948702, 12.20598225550884, 12.26260621324439, 12.276718158372578, 12.191134921012264, 12.262406757171059, 12.28804003146559, 12.256261673748384, 12.245451203349035, 12.218550744453118, 12.344310787007304, 12.308405376770432, 12.322870375245696, 12.249025331234423, 12.318540664558185, 12.226561322783702]}]}