{"tests": [{"osnr_load_81": [12.603665826412367, 12.604801178439317, 12.605936233626938, 12.607070992130382, 12.608205454104688, 12.609339619704748, 12.610473489085354, 12.611607062401172, 12.612740339806736, 12.613873321456472, 12.615006007504688, 12.616138398105548, 12.617270493413123, 12.618402293581353, 12.61953379876405, 12.620665009114918, 12.621795924787529, 12.622926545935345, 12.624056872711709, 12.625186905269825, 12.626316643762811, 12.627446088343632, 12.628575239165158, 12.629704096380124, 12.630832660141158, 12.631960930600757, 12.6330889079113, 12.634216592225071, 12.635343983694202, 12.636471082470717, 12.637597888706546, 12.638724402553462, 12.639850624163149, 12.640976553687155, 12.642102191276926, 12.643227537083776, 12.64435259125891, 12.645477353953412, 12.64660182531825, 12.647726005504277, 12.648849894662213, 12.649973492942694, 12.651096800496212, 12.652219817473146, 12.653342544023754, 12.654464980298206, 12.65558712644652, 12.656708982618616, 12.657830548964295, 12.658951825633245, 12.660072812775025, 12.661193510539091, 12.662313919074787, 12.663434038531328, 12.66455386905782, 12.665673410803254, 12.666792663916514, 12.66791162854635, 12.669030304841403, 12.670148692950217, 12.6712667930212, 12.672384605202653, 12.673502129642769, 12.674619366489615, 12.675736315891147, 12.676852977995207, 12.677969352949534, 12.679085440901739, 12.680201241999319, 12.681316756389675, 12.68243198422007, 12.683546925637668, 12.684661580789525, 12.685775949822562, 12.686890032883607, 12.688003830119374, 12.68911734167645, 12.690230567701326, 12.691343508340369, 12.692456163739841, 12.693568534045877]}, {"gosnr_load_81": [12.10961202634258, 12.152998355840058, 12.09177861604871, 12.090834714062897, 12.094124568312294, 12.087691605009086, 12.093706549709552, 12.088774741487597, 12.155653678595682, 12.088928231788362, 12.196419931915388, 12.099052449311403, 12.133675311698681, 12.087638460983367, 12.087857043432056, 12.218210770114206, 12.130579852515567, 12.236763507686836, 12.144142999251137, 12.103102779645223, 12.09287037039245, 12.136984859244064, 12.087517507103238, 12.17157557642464, 12.096716001776993, 12.092022903239432, 12.113416362415371, 12.100331772534554, 12.087428810954625, 12.11146407423075, 12.322602487732118, 12.08831467160396, 12.163371291685621, 12.103576439123028, 12.097192818142892, 12.113104157360935, 12.106325522470938, 12.095558498487854, 12.249119873734521, 12.20435742251646, 12.148496644063794, 12.08749246541598, 12.18413120237978, 12.091276394750219, 12.12237320079768, 12.089973930980584, 12.135265188195888, 12.087421598779462, 12.089342644216396, 12.094644431624268, 12.122259289853286, 12.087955604479838, 12.09564725264255, 12.104603996873253, 12.099056578637722, 12.11764860092501, 12.10947525594452, 12.101167797105212, 12.090593329931188, 12.088146039291876, 12.193310683405924, 12.089418661237964, 12.101679670147234, 12.11547538776479, 12.088503611289196, 12.124945969023582, 12.092832870779537, 12.127676275442195, 12.144359095182086, 12.264819119017961, 12.12813783966698, 12.176284729948536, 12.097851932617672, 12.106186647974953, 12.119944572699495, 12.107854540718987, 12.090026260312365, 12.117317231720952, 12.15792860936977, 12.14053525184652, 12.16943850294254]}]}