{"tests_qot": [{"osnr_load_qot_27": [5.635812965944215, 5.965437572299278, 6.074041026031203, 6.712210420422453, 7.2262795148105745, 7.427367207482648, 7.625855068385883, 7.724123492205655, 7.821741466042331, 8.110693532309405, 8.393798650071739, 8.579293695784173, 8.94253193907026, 9.031732496832646, 9.208211449418268, 9.553522370089217, 10.133582579209117, 10.293731635217318, 10.451435129200293, 10.835137378243399, 11.204054753486655, 11.418474299174067, 11.558589418170708, 11.627808202690705, 11.696472618487597, 12.353450221400719, 12.4162660106648]}, {"gosnr_load_qot_27": [6.020690695736709, 10.420381546043984, 10.045181527238505, 7.585929834057227, 8.996664232108007, 8.246973317497453, 7.325958199453728, 10.75511325281403, 7.500452866910887, 6.651461909171386, 9.329557523658407, 8.807515836414055, 9.901337696690506, 5.597339284806823, 10.361084332017253, 10.54810748084419, 5.913734066044148, 10.80045960067502, 7.689134105384864, 10.56421838966225, 10.368394910997026, 8.421564894957228, 7.982737019178066, 10.555403704015621, 9.79519541838161, 8.730610490859242, 7.140564233100419]}]}