{"tests_qot": [{"osnr_load_qot_54": [9.446936739923805, 9.448071308819507, 9.450339557642945, 9.453739710778162, 9.456005001269931, 9.457137203498846, 9.458269110588402, 9.459400722692424, 9.4605320399646, 9.462793790627634, 9.463924224325284, 9.465054363804688, 9.466184209218946, 9.46731376072105, 9.469571982600044, 9.471829030663162, 9.474084906129924, 9.477466523375032, 9.478593144143138, 9.47971947267401, 9.481971253630135, 9.483096706358143, 9.484221867454433, 9.485346737070078, 9.486471315356065, 9.487595602463218, 9.488719598542282, 9.490966718218505, 9.493212675588255, 9.494335218783787, 9.495457471853177, 9.496579434946348, 9.497701108213084, 9.501064390551036, 9.502184906007765, 9.503305132385329, 9.504425069832841, 9.505544718499285, 9.510020428330225, 9.512256554424605, 9.514491529553462, 9.515608585875938, 9.51672535490094, 9.51784183677619, 9.518958031649321, 9.520073939667814, 9.52341994406886, 9.524534706141596, 9.52564918209551, 9.526763372077426, 9.530104227657707, 9.53121727521758, 9.53233003753788, 9.533442514764735]}, {"gosnr_load_qot_54": [9.083392564543383, 9.053413921087895, 9.18382783543475, 9.180682521697186, 9.10903286982417, 9.039154620033738, 9.076078644429039, 9.171779904095922, 9.16885728652386, 9.171697072385292, 9.188292528151544, 9.088094428681515, 9.03049569060259, 9.167017562370594, 9.128956460979209, 9.130693558877029, 9.051447260855591, 9.10085885973533, 9.101604756387536, 9.063234147675963, 9.053188253407905, 9.073104677180794, 9.19224470964439, 9.229887197702803, 9.07822645547874, 9.069113535566283, 9.089089751443487, 9.139081331423041, 9.047147692699882, 9.041969836137671, 9.12883154794468, 9.081290155546743, 9.053016902501613, 9.133913076094299, 9.141229260075395, 9.075734886931205, 9.031746693407154, 9.068606773676425, 9.07454170263164, 9.043693684436514, 9.100702668860459, 9.114697376934334, 9.02864538257957, 9.100263198160448, 9.125951445783931, 9.093980310684962, 9.083381357046159, 9.056169795926747, 9.182949737281644, 9.146669980535847, 9.161340019779244, 9.086695395316243, 9.156581014545598, 9.064438406328964]}]}