{"tests_qot": [{"osnr_load_qot_81": [9.44353125344156, 9.444666712389921, 9.445801874498954, 9.446936739923805, 9.448071308819507, 9.449205581340955, 9.450339557642945, 9.451473237880133, 9.452606622207067, 9.453739710778162, 9.454872503747724, 9.456005001269931, 9.457137203498846, 9.458269110588402, 9.459400722692424, 9.4605320399646, 9.461663062558522, 9.462793790627634, 9.463924224325284, 9.465054363804688, 9.466184209218946, 9.46731376072105, 9.468443018463827, 9.469571982600044, 9.470700653282332, 9.471829030663162, 9.47295711489493, 9.474084906129924, 9.47521240452027, 9.476339610218004, 9.477466523375032, 9.478593144143138, 9.47971947267401, 9.480845509119199, 9.481971253630135, 9.483096706358143, 9.484221867454433, 9.485346737070078, 9.486471315356065, 9.487595602463218, 9.488719598542282, 9.489843303743887, 9.490966718218505, 9.492089842116542, 9.493212675588255, 9.494335218783787, 9.495457471853177, 9.496579434946348, 9.497701108213084, 9.498822491803095, 9.499943585865916, 9.501064390551036, 9.502184906007765, 9.503305132385329, 9.504425069832841, 9.505544718499285, 9.506664078533545, 9.507783150084379, 9.508901933300427, 9.510020428330225, 9.511138635322181, 9.512256554424605, 9.513374185785667, 9.514491529553462, 9.515608585875938, 9.51672535490094, 9.51784183677619, 9.518958031649321, 9.520073939667814, 9.521189560979076, 9.522304895730363, 9.52341994406886, 9.524534706141596, 9.52564918209551, 9.526763372077426, 9.527877276234051, 9.528990894711985, 9.530104227657707, 9.53121727521758, 9.53233003753788, 9.533442514764735]}, {"gosnr_load_qot_81": [8.946549391615559, 8.990089812599846, 8.92883157662003, 8.927876068858126, 8.931203371302011, 8.924677772059301, 8.930627784309142, 8.925785704973276, 8.993174510356244, 8.92586564072422, 9.034191150798986, 8.936178118599319, 8.970687628517561, 8.924593316727407, 8.924806945352397, 9.055626701743957, 8.967580743465916, 9.07428053200368, 8.981590812672787, 8.940027905400221, 8.929935785563712, 8.974009825595736, 8.924496478042899, 9.00919530679747, 8.933635773534759, 8.928946947480965, 8.950362973591117, 8.937253527488577, 8.924401073877096, 8.948405777316017, 9.160609365952018, 8.925316802887844, 9.000509577234183, 8.940740489673258, 8.934301616184802, 8.950341616743064, 8.943511574899016, 8.932651722563655, 9.08720813682081, 9.04169971023515, 8.985568621090321, 8.92445268908649, 9.021369706037854, 8.928202385917295, 8.95934597848123, 8.92690490021201, 8.972655379502445, 8.924387619164749, 8.926363057481474, 8.931564807591169, 8.95956192547106, 8.924949481705436, 8.93256713913759, 8.941531465678235, 8.93597727507867, 8.954606893224756, 8.946685625682528, 8.938311811212612, 8.927521628974553, 8.925091388926912, 9.030595661065327, 8.926352665712345, 8.93860289678242, 8.95242751446567, 8.925444799546462, 8.961927189064788, 8.929755329046259, 8.964666836455697, 8.98141368159956, 9.102493022908323, 8.965480618842497, 9.013484477050092, 8.934771971460773, 8.943116922717525, 8.956909729753807, 8.944788106005541, 8.92705678644441, 8.954585164819683, 8.995042007133767, 8.977574245435735, 9.006605272723045]}]}