{"tests": [{"osnr_load_27": [20.92547006174687, 20.94750479108138, 20.9548374685769, 20.998705547774875, 21.03509538946454, 21.049609039738577, 21.064098603177523, 21.071334368297766, 21.07856413085287, 21.10021746677097, 21.121817008445937, 21.13618690169431, 21.164855392725897, 21.172007699017552, 21.18629457584617, 21.21479756200605, 21.264451784114343, 21.278586115344275, 21.29269716442137, 21.32787325173689, 21.36290490350026, 21.383854884043924, 21.397792885060994, 21.404753308019995, 21.4117080207108, 21.48094241419767, 21.487834712886475]}, {"gosnr_load_27": [20.761968525820613, 21.11741386132106, 21.085027287923882, 20.78302424358226, 20.96983506039824, 20.90366097648786, 20.823606432239167, 21.266049483520373, 20.796462410676504, 20.8350200881967, 21.026856287510945, 20.91744002243773, 21.059514299174133, 20.778592753660774, 21.13931790515821, 21.15973890711327, 20.753917564411005, 21.275282628699507, 20.81617438968749, 21.150679540037913, 21.104843150064934, 20.92034164139539, 20.885310254301835, 21.15188450924332, 21.059998784777015, 20.91638562505831, 20.834868367767136]}]}