{"tests": [{"osnr_load_54": [21.168411527923013, 21.169544711662915, 21.17181019017626, 21.175206187850144, 21.177468708036876, 21.17859952511403, 21.179730047052338, 21.18086027400561, 21.181990206127548, 21.184249186491613, 21.18537823504054, 21.18650698937173, 21.18763544963827, 21.188763615993157, 21.191019067579262, 21.193273345351496, 21.19552645052941, 21.198903912345017, 21.200029147970973, 21.201154091360195, 21.203403102034542, 21.204527169622423, 21.20565094557908, 21.206774430055614, 21.207897623202978, 21.209020525172022, 21.21014313611349, 21.212387485516018, 21.214630672614096, 21.215751830674556, 21.21687269860938, 21.217993276568478, 21.21911356470166, 21.22247269164196, 21.223591821967148, 21.224710663213685, 21.225829215530673, 21.2269474790671, 21.231417648382997, 21.2336510042229, 21.235883209099306, 21.236998880296305, 21.23811426419634, 21.239229360947135, 21.240344170696304, 21.241458693591348, 21.244800542625075, 21.245913919576385, 21.247027010409376, 21.24813981527087, 21.25147651549294, 21.252588177934424, 21.253699555136834, 21.25481064724631]}, {"gosnr_load_54": [20.803472664830984, 20.773789457172157, 20.90264367466464, 20.900125213579482, 20.828928449966433, 20.75957530404791, 20.79599420219393, 20.891267048742165, 20.888404206668095, 20.891080352545192, 20.90750134834261, 20.808210239121507, 20.75100457678484, 20.885978637988, 20.848832259752356, 20.85041716215025, 20.771633777463684, 20.82066253771661, 20.821697414079196, 20.783526284412016, 20.77331026491113, 20.79306433298738, 20.91156128789921, 20.948867754379286, 20.798418547795507, 20.789247241900206, 20.809291417509556, 20.858482557554737, 20.767358275299003, 20.76239614116444, 20.84831385980198, 20.801293850300404, 20.773132459529478, 20.8537501942509, 20.8609575404838, 20.795958161613, 20.752259834160366, 20.788721198354644, 20.79467263563968, 20.76394449239102, 20.82035363459373, 20.834467385986567, 20.749179316078262, 20.820217150940966, 20.845783797280852, 20.81412048373903, 20.803276805251983, 20.776511790526083, 20.901749033457435, 20.866015308947627, 20.880397078984323, 20.80691149163188, 20.876188190198004, 20.784438952926468]}]}