{"tests": [{"osnr_load_27": [14.841270451137927, 14.908610841660563, 14.930975922176176, 15.064311656444966, 15.174310668139764, 15.218028139396827, 15.261584974945723, 15.283303276893005, 15.30498156731298, 15.36977686489373, 15.434213849123278, 15.476973445198931, 15.56201831761388, 15.58318101694361, 15.62538855282893, 15.709333623810863, 15.854738303763156, 15.895934097076566, 15.936975827732319, 16.03890895796899, 16.13988866706782, 16.200021698646744, 16.239921809356122, 16.259815458253268, 16.279671577177243, 16.47618096797874, 16.49562796991279]}, {"gosnr_load_27": [14.78603209803346, 15.888530031834541, 15.709882603149817, 15.03745307085848, 15.416253256580072, 15.237598774805257, 15.029305582384104, 16.18073710966044, 15.034852351925704, 14.934504695272224, 15.522110042867752, 15.340434983642213, 15.659579732451585, 14.733213151870292, 15.824399098011408, 15.897922973240794, 14.764002052348397, 16.20214699877253, 15.079721171344406, 15.949291533087822, 15.880800775770991, 15.279487454123972, 15.180734867256806, 15.915524019796868, 15.637793817484493, 15.326639438161793, 15.00939074849757]}]}