{"tests": [{"osnr_load_54": [15.652185941265149, 15.653320193081303, 15.655587807745771, 15.658987009642813, 15.661251665975989, 15.66238355112566, 15.663515141136015, 15.664646436160869, 15.66577743635392, 15.668038552858812, 15.66916866947745, 15.67029849187788, 15.671428020213199, 15.672557254636388, 15.674814842357707, 15.677071256263282, 15.679326497572665, 15.682707163581966, 15.683833467271553, 15.68495947872394, 15.687210625523203, 15.688335761172844, 15.6894606051908, 15.690585157728151, 15.69170941893587, 15.692833388964804, 15.693957067965687, 15.696203553485656, 15.698448876699295, 15.699571102816833, 15.700693038808271, 15.701814684823521, 15.702936041012382, 15.706298372116905, 15.707418570495904, 15.708538479795775, 15.709658100165633, 15.710777431754464, 15.715251873275303, 15.71748736521486, 15.719721706189056, 15.720838445434254, 15.721954897382012, 15.723071062180065, 15.724186939976024, 15.725302530917396, 15.728647584087279, 15.72976202908304, 15.730876187960018, 15.731990060865028, 15.735329965214833, 15.736442695697965, 15.737555140941552, 15.738667301091738]}, {"gosnr_load_54": [15.286851412322404, 15.256830413645364, 15.387496362775682, 15.384196091310013, 15.312510545860388, 15.242574987883941, 15.279586970258347, 15.375292070916291, 15.372357569981643, 15.375235579938405, 15.391856785043354, 15.291539167761263, 15.233903029092232, 15.370667940231716, 15.332417421589856, 15.334191081811957, 15.254913624287118, 15.304368639418847, 15.305040703011576, 15.266661158459524, 15.256669047576404, 15.276605067881512, 15.395777353230802, 15.433462863790876, 15.281662585998149, 15.272574247793496, 15.292511719373136, 15.342651150286663, 15.250612586521143, 15.245385770496881, 15.332392083829074, 15.284770582210873, 15.25649951155531, 15.337378393699518, 15.34471407351675, 15.279165827713898, 15.23515162084786, 15.272072904019318, 15.27799726355595, 15.247152115412934, 15.304251209997307, 15.318200621530917, 15.232048368162065, 15.303735649980359, 15.329426666945746, 15.297412520146876, 15.286886877093195, 15.259591803877747, 15.386623417595349, 15.350245610176446, 15.364972389715167, 15.290116307955033, 15.360079585415393, 15.267937800754694]}]}