{"tests": [{"osnr_load_81": [15.648781406021719, 15.649916547890433, 15.651051392919847, 15.65218594126512, 15.653320193081274, 15.654454148523222, 15.655587807745741, 15.656721170903502, 15.65785423815104, 15.658987009642786, 15.660119485533032, 15.66125166597596, 15.662383551125632, 15.663515141135987, 15.66464643616084, 15.665777436353894, 15.666908141868719, 15.668038552858786, 15.669168669477422, 15.670298491877848, 15.67142802021317, 15.67255725463636, 15.673686195300288, 15.674814842357678, 15.675943195961167, 15.677071256263254, 15.678199023416322, 15.679326497572637, 15.680453678884348, 15.681580567503477, 15.682707163581938, 15.683833467271523, 15.68495947872391, 15.686085198090646, 15.687210625523175, 15.688335761172816, 15.68946060519077, 15.690585157728123, 15.691709418935842, 15.692833388964777, 15.69395706796566, 15.69508045608911, 15.696203553485626, 15.697326360305592, 15.698448876699269, 15.699571102816808, 15.700693038808243, 15.70181468482349, 15.702936041012354, 15.704057107524509, 15.705177884509533, 15.706298372116876, 15.707418570495875, 15.708538479795749, 15.709658100165601, 15.710777431754437, 15.711896474711116, 15.713015229184403, 15.714133695322944, 15.715251873275273, 15.716369763189801, 15.717487365214831, 15.718604679498547, 15.719721706189027, 15.720838445434225, 15.721954897381988, 15.723071062180038, 15.724186939975997, 15.725302530917366, 15.726417835151533, 15.727532852825776, 15.72864758408725, 15.729762029083012, 15.730876187959986, 15.731990060865, 15.733103647944764, 15.734216949345871, 15.735329965214804, 15.736442695697937, 15.737555140941522, 15.738667301091711]}, {"gosnr_load_81": [15.149815821442274, 15.193381117266185, 15.132144510396268, 15.13118583673402, 15.134523220044041, 15.127971746254376, 15.133897845920261, 15.129086956120767, 15.196600640230988, 15.129143459451404, 15.237673948933242, 15.139510135946972, 15.173964547533267, 15.127877381018127, 15.12808931728318, 15.258984419962012, 15.170855750949563, 15.27765983190983, 15.18500016724224, 15.143294035748333, 15.133252073390295, 15.177288924577939, 15.12778826347951, 15.212643945644992, 15.13690371731808, 15.132218825484369, 15.153630240157563, 15.14052011264107, 15.127690778651262, 15.151672562874909, 15.364094958639214, 15.128615502823363, 15.203809963950789, 15.144082201535152, 15.137629300422802, 15.153701380795416, 15.146858757178013, 15.135975361269992, 15.290761768422394, 15.245041869157436, 15.18885624768554, 15.127738537369861, 15.224690290175971, 15.131475291738205, 15.162616603848015, 15.130180101045202, 15.176051369977785, 15.127675346345361, 15.129666996690958, 15.134834081473986, 15.16293732302727, 15.128245758525837, 15.135835706677572, 15.144797513296052, 15.139244225594183, 15.157875531367683, 15.150038791609193, 15.141648488325238, 15.130795642296448, 15.128372157327998, 15.233925844067189, 15.129629134698847, 15.141869207508519, 15.155695395448223, 15.128724050873394, 15.165199071346127, 15.13302625888893, 15.167940172842716, 15.184698088319244, 15.305906145856786, 15.168865507525766, 15.216797155150964, 15.138039375607317, 15.146382989393334, 15.160179278550212, 15.14805429827415, 15.130363560665243, 15.157952277026201, 15.198337529679833, 15.18085582658821, 15.209911312397338]}]}