{"tests": [{"osnr_load_27": [7.249684359261766, 7.506463379353868, 7.591221794733136, 8.09097687884052, 8.495886251482773, 8.654903428150643, 8.812236296682007, 8.890271242892485, 8.967885343104182, 9.198204347398407, 9.42474378770002, 9.573674911631135, 9.866525338545678, 9.938697065795294, 10.08179596577072, 10.363036445860843, 10.839448443346168, 10.971921574248471, 11.10279155508776, 11.423019207385046, 11.733459448315518, 11.915102627053738, 12.03429902834163, 12.093332462519129, 12.151991640042553, 12.718387740516611, 12.773048023524812]}, {"gosnr_load_27": [7.526987766037829, 11.193531406006214, 10.759168324329217, 8.736847031872399, 9.87745585461599, 9.272834161533341, 8.541867879666857, 11.677713636382423, 8.67273351604383, 8.021813412159526, 10.155640607212355, 9.716582851749296, 10.633633414640522, 7.203258947867017, 11.042674362648999, 11.231511721063542, 7.443758909480843, 11.724532274186485, 8.822573501565236, 11.327418778428513, 11.16701740527687, 9.412987504827095, 9.062986700157431, 11.270295816412116, 10.5438708695322, 9.655433043516583, 8.399932373171778]}]}