{"tests": [{"osnr_load_54": [10.268305361158745, 10.269439909254285, 10.271708116477384, 10.275108207212122, 10.277373456103572, 10.278505637532323, 10.279637523821727, 10.280769115125587, 10.281900411597615, 10.28416212066034, 10.285292533557842, 10.286422652237093, 10.287552476851205, 10.288682007553152, 10.290940187831858, 10.29319719429469, 10.29545302816116, 10.298834583005847, 10.29996118297382, 10.301087490704557, 10.303339230060411, 10.304464661988286, 10.305589802284441, 10.306714651099952, 10.30783920858581, 10.308963474892835, 10.31008745017177, 10.312334528247737, 10.314580444017238, 10.315702966412644, 10.31682519868191, 10.317947140974969, 10.319068793441584, 10.32243201337918, 10.323552508035796, 10.324672713613246, 10.32579263026064, 10.326912258126972, 10.33138788475747, 10.333623969251635, 10.335858902780288, 10.336975938302661, 10.338092686527558, 10.33920914760271, 10.340325321675737, 10.341441208894134, 10.344787150894888, 10.34590189216753, 10.34701634732135, 10.348130516503174, 10.351471309683188, 10.352584336442966, 10.35369707796319, 10.354809534389954]}, {"gosnr_load_54": [9.905166195243432, 9.875223841473437, 10.005437924833897, 10.002388469868603, 9.930786042978596, 9.860967088985044, 9.897824565381312, 9.993489873658582, 9.99057555887804, 9.993390966506302, 10.009964776578254, 9.909875049333188, 9.85231910479587, 9.988644720507567, 9.950712866672974, 9.952426998981842, 9.873227367975314, 9.922595261756568, 9.923386040889797, 9.885034240454019, 9.874958935952572, 9.894856482201934, 10.013934877377913, 10.051537577022373, 9.900015772128327, 9.890890985218574, 9.910883948404631, 9.960767616949957, 9.86893018232131, 9.863784046188366, 9.9505271162186, 9.903051323609487, 9.874786534579892, 9.955665074460953, 9.962966761416594, 9.897528242179561, 9.853571151838771, 9.890381086256278, 9.896320418706283, 9.865481316653472, 9.922415426395043, 9.93643293368121, 9.850472094034382, 9.922022631058486, 9.947700188266504, 9.915766541236831, 9.905126455341302, 9.877975391642094, 10.004556988858894, 9.968350037258887, 9.982980199574698, 9.908491071280075, 9.97830468306219, 9.886193824974994]}]}