{"tests": [{"osnr_load_81": [10.264899937076953, 10.266035375225147, 10.267170516534005, 10.268305361158689, 10.269439909254228, 10.27057416097551, 10.27170811647733, 10.272841775914356, 10.27397513944113, 10.275108207212067, 10.276240979381473, 10.277373456103518, 10.27850563753227, 10.279637523821673, 10.280769115125532, 10.28190041159756, 10.283031413391326, 10.284162120660286, 10.285292533557783, 10.286422652237038, 10.287552476851147, 10.288682007553096, 10.289811244495732, 10.290940187831803, 10.292068837713943, 10.293197194294635, 10.294325257726253, 10.295453028161107, 10.296580505751319, 10.297707690648899, 10.298834583005792, 10.299961182973767, 10.301087490704502, 10.302213506349547, 10.303339230060356, 10.30446466198823, 10.305589802284388, 10.306714651099899, 10.30783920858575, 10.308963474892781, 10.310087450171713, 10.31121113457319, 10.312334528247678, 10.313457631345592, 10.314580444017182, 10.31570296641259, 10.316825198681855, 10.31794714097491, 10.319068793441526, 10.320190156231419, 10.321311229494123, 10.322432013379126, 10.323552508035739, 10.324672713613193, 10.325792630260581, 10.326912258126917, 10.328031597361068, 10.329150648111787, 10.330269410527727, 10.331387884757417, 10.332506070949268, 10.333623969251581, 10.334741579812544, 10.335858902780233, 10.336975938302606, 10.338092686527503, 10.339209147602656, 10.340325321675683, 10.34144120889408, 10.34255680940525, 10.343672123356434, 10.34478715089483, 10.345901892167475, 10.347016347321293, 10.348130516503119, 10.349244399859659, 10.350357997537499, 10.35147130968313, 10.352584336442916, 10.353697077963135, 10.3548095343899]}, {"gosnr_load_81": [9.768487536880446, 9.811997997220448, 9.750747246293814, 9.749793995104604, 9.753114016279667, 9.746606428685713, 9.752569065877974, 9.747709540340487, 9.81499920530404, 9.747803777499684, 9.855967156240249, 9.758079651020573, 9.79261120075074, 9.74652806129085, 9.746742653097161, 9.877471794575044, 9.789506537274693, 9.896105967317766, 9.80342970611536, 9.761968430408444, 9.751849033618072, 9.79593093832607, 9.746426533830551, 9.831000770496797, 9.755577339525022, 9.750887682768814, 9.772299321161094, 9.759194707884497, 9.746332433922856, 9.77034307917386, 9.982339543740963, 9.747242355534025, 9.822408656570268, 9.762634559286562, 9.756206429014677, 9.772221412680599, 9.765401366468861, 9.754559563552734, 9.908922487581286, 9.863559122924734, 9.807480593283206, 9.746386389952823, 9.843249298924077, 9.750142742662646, 9.781277238440643, 9.748844289067174, 9.794505477491706, 9.7463201929626, 9.748285055488605, 9.753506256104608, 9.781429048322956, 9.746876639217387, 9.7545086828194, 9.763471535125017, 9.757918661282105, 9.77654096961164, 9.76857068897616, 9.760209776695163, 9.749461536997245, 9.747027981780342, 9.852466217404945, 9.748291464421651, 9.760543791038174, 9.774362789642247, 9.747382201503092, 9.783856807553116, 9.751696372696529, 9.786594638749808, 9.803329035151053, 9.924287952191223, 9.78733993597028, 9.83537160581984, 9.756713485521436, 9.765056446602928, 9.778842471411153, 9.766726990106676, 9.748976818161006, 9.776459035364727, 9.816945925604632, 9.799492630783444, 9.828498813610368]}]}