{"tests": [{"osnr_load_27": [6.376859325119927, 6.6712591818929425, 6.768341102767615, 7.339730650559389, 7.8012761307924485, 7.982160783450201, 8.160909247886556, 8.24948223539469, 8.337521094709668, 8.59843428862859, 8.85454801613685, 9.022629620843876, 9.352428451065101, 9.43355669331251, 9.5942337437689, 9.90930015388715, 10.440707273047058, 10.587930555751706, 10.733131150551538, 11.087383775662346, 11.429345976433314, 11.628740655641534, 11.75930096727206, 11.823877778544487, 11.887989105699855, 12.50408709109886, 12.563255910639754]}, {"gosnr_load_27": [6.710411322058176, 10.772711469492647, 10.35834517662982, 8.104807633749065, 9.386700317070174, 8.705866995533194, 7.875863127617428, 11.197414382337353, 8.02952536614589, 7.275476688589108, 9.69390570384402, 9.210909334893884, 10.222657962378157, 6.335053596778872, 10.66075123321716, 10.851777979411054, 6.614923803653207, 11.244246813820933, 8.199569242326529, 10.913086642761034, 10.734210523447826, 8.86404837340473, 8.467600622167135, 10.877001312794981, 10.123833708130707, 9.14146100426714, 7.711275479604782]}]}