{"tests": [{"osnr_load_54": [9.808280406691672, 9.809414966919235, 9.81168319840638, 9.815083325537179, 9.817348598692664, 9.818480792253437, 9.819612690674855, 9.820744294110733, 9.821875602714774, 9.824137336041531, 9.825267761071046, 9.82639789188231, 9.827527728628434, 9.828657271462395, 9.830915476005122, 9.833172506731971, 9.835428364862462, 9.83880995610317, 9.839936568203147, 9.841062888065887, 9.84331465168575, 9.844440095745629, 9.845565248173786, 9.8466901091213, 9.847814678739159, 9.84893895717818, 9.850062944589117, 9.852310046929082, 9.85455598696258, 9.855678521489981, 9.856800765891245, 9.857922720316296, 9.859044384914906, 9.862407641248483, 9.863528148037092, 9.864648365746532, 9.865768294525916, 9.86688793452424, 9.871363609682692, 9.873599718440833, 9.875834676233454, 9.876951723887812, 9.878068484244693, 9.879184957451828, 9.880301143656839, 9.881417043007216, 9.884763021403913, 9.885877774808534, 9.886992242094333, 9.888106423408134, 9.891447252984076, 9.892560291875835, 9.89367304552803, 9.894785514086768]}, {"gosnr_load_54": [9.4447753932093, 9.414802180071742, 9.545186497584595, 9.542054827166075, 9.470412555045982, 9.400543371899198, 9.437457605624191, 9.533152864905311, 9.53023145407072, 9.533067751021607, 9.549659975586351, 9.449478206436838, 9.391886076135163, 9.528378807619976, 9.490336419202876, 9.492070239403859, 9.412831304068087, 9.462236239311192, 9.462988502947113, 9.424620920581644, 9.41457094219604, 9.434484501486047, 9.553614664383032, 9.591251142780918, 9.439611559575445, 9.430497038616913, 9.450475447977766, 9.500451236676971, 9.408532113772148, 9.40335880943993, 9.490202867543188, 9.442671233821056, 9.41439944368571, 9.495292361995503, 9.502606418579418, 9.43712058760438, 9.393137215784948, 9.42998983589993, 9.435925335385623, 9.40507886753793, 9.46207669202831, 9.476074507567226, 9.39003625328952, 9.461643853979474, 9.487330343844382, 9.455364830503829, 9.444760133827643, 9.417557415395658, 9.544308004733256, 9.508038929942387, 9.522703167902064, 9.448081324088394, 9.51795606423217, 9.425818823820723]}]}