{"tests": [{"osnr_load_81": [9.804874946213806, 9.806010396494024, 9.807145549934909, 9.808280406691617, 9.809414966919176, 9.810549230772484, 9.811683198406325, 9.812816869975372, 9.813950245634166, 9.815083325537122, 9.816216109838544, 9.817348598692607, 9.818480792253379, 9.8196126906748, 9.820744294110678, 9.821875602714718, 9.8230066166405, 9.824137336041476, 9.825267761070986, 9.826397891882252, 9.827527728628375, 9.828657271462337, 9.829786520536985, 9.830915476005064, 9.832044138019217, 9.833172506731914, 9.834300582295546, 9.835428364862405, 9.836555854584624, 9.837683051614214, 9.838809956103114, 9.839936568203091, 9.84106288806583, 9.842188915842879, 9.843314651685692, 9.84444009574557, 9.84556524817373, 9.846690109121246, 9.8478146787391, 9.848938957178126, 9.85006294458906, 9.851186641122537, 9.852310046929023, 9.853433162158936, 9.85455598696252, 9.855678521489928, 9.85680076589119, 9.857922720316237, 9.859044384914846, 9.860165759836736, 9.861286845231431, 9.862407641248428, 9.863528148037034, 9.864648365746477, 9.865768294525859, 9.866887934524184, 9.868007285890325, 9.869126348773033, 9.870245123320961, 9.87136360968264, 9.872481808006476, 9.873599718440774, 9.874717341133723, 9.875834676233398, 9.876951723887755, 9.878068484244636, 9.879184957451772, 9.880301143656782, 9.881417043007161, 9.882532655650312, 9.883647981733475, 9.884763021403852, 9.885877774808478, 9.886992242094276, 9.888106423408079, 9.889220318896593, 9.890333928706411, 9.89144725298402, 9.89256029187578, 9.893673045527972, 9.894785514086715]}, {"gosnr_load_81": [9.307956830900403, 9.351492604449136, 9.290235982870081, 9.289280804102354, 9.29260704279183, 9.286084059686125, 9.292035811615873, 9.28719129804293, 9.35456541781386, 9.28727326400547, 9.39557476986954, 9.297580451501801, 9.33209278105235, 9.28600046964886, 9.286214233146184, 9.41701993526456, 9.328986239515, 9.43567080188114, 9.342983841429884, 9.301435741117485, 9.291339838049879, 9.335414598863514, 9.285902965981943, 9.37058333757505, 9.295043814323552, 9.2903549122391, 9.31177012334466, 9.298661481132102, 9.285807747884201, 9.309813080164597, 9.521985302084637, 9.28672264401475, 9.361910981469904, 9.302141721912026, 9.295704431735079, 9.31174073582382, 9.304912174767333, 9.294054982905037, 9.44858251154869, 9.403095105305383, 9.346971991776963, 9.285859695049671, 9.382768152981381, 9.289610303574248, 9.320752324970117, 9.288312692014825, 9.334050080195379, 9.285794465655421, 9.287768384471889, 9.29297285022524, 9.320959161926607, 9.2863555540182, 9.293975186320079, 9.302939223224868, 9.297385269377221, 9.316013682307991, 9.308085525609759, 9.299713618465775, 9.288929488992837, 9.286498799873467, 9.391992740391709, 9.287760378643195, 9.300010797704603, 9.313834493379474, 9.28685232223618, 9.323333279207885, 9.291163330367665, 9.32607264399895, 9.342817570080877, 9.46387869893752, 9.326876693484103, 9.374884066102004, 9.296179994706323, 9.304524588573637, 9.318316308581252, 9.306195666016372, 9.288461828005678, 9.315983404294647, 9.356444148228455, 9.338978599182457, 9.368005835011461]}]}