{"tests_qot": [{"osnr_load_qot_27": [8.319213042759015, 8.535270698717552, 8.60666688948621, 9.028492180692016, 9.371425938514925, 9.50641367291071, 9.64015335977945, 9.706555515390068, 9.772646096573025, 9.969050387135198, 10.162658553684052, 10.290181091048712, 10.541519739602156, 10.603584559641039, 10.726793502068688, 10.96954257598717, 11.382677304522364, 11.498011193209205, 11.612153402494322, 11.892336133121503, 12.165212731784882, 12.325478311547984, 12.43089607529054, 12.483180144676258, 12.53518235957408, 13.039935714636805, 13.088908343585327]}, {"gosnr_load_qot_27": [8.533187069455105, 11.722933983316729, 11.2972505957324, 9.540503294833444, 10.523556139917591, 10.004932322641228, 9.38347544564106, 12.228104193537117, 9.488880194484882, 8.952001016529355, 10.768326511065233, 10.37956003870576, 11.184529823493747, 8.265937941157318, 11.55451247090394, 11.73225390805911, 8.463234965001897, 12.27289974443385, 9.616489925570438, 11.846659406557222, 11.705734697820883, 10.124929458718546, 9.826731039923347, 11.777906640620166, 11.106409622071968, 10.327852337068055, 9.266659927841038]}]}