{"tests_qot": [{"osnr_load_qot_54": [10.882037397051239, 10.88317192682461, 10.885440097403388, 10.888840133171644, 10.891105345418781, 10.892237508525378, 10.893369376492625, 10.894500949474331, 10.895632227624208, 10.897893900042632, 10.899024294617988, 10.900154394975086, 10.901284201267051, 10.902413713646855, 10.904671857281269, 10.906928827099819, 10.909184624322013, 10.912566124200287, 10.913692705846124, 10.914818995254725, 10.917070697966317, 10.918196111572062, 10.91932123354609, 10.920446064039472, 10.9215706032032, 10.922694851188101, 10.92381880814491, 10.92606584957663, 10.928311728701887, 10.929434232775177, 10.930556446722328, 10.931678370693266, 10.932800004837766, 10.93616316980902, 10.937283646143518, 10.938403833398862, 10.939523731724147, 10.940643341268373, 10.94511889461045, 10.947354942460407, 10.94958983934486, 10.950706856545136, 10.951823586447933, 10.95294002920099, 10.954056184951924, 10.955172053848226, 10.958517940882702, 10.959632663833256, 10.960747100664987, 10.96186125152472, 10.965201989738475, 10.966314998176179, 10.967427721374312, 10.968540159479002]}, {"gosnr_load_qot_54": [10.517595383862925, 10.487560904195286, 10.618286215411795, 10.614984422518855, 10.543266113814198, 10.4732991095786, 10.51032767113089, 10.606076303131442, 10.603140453131124, 10.60601978617459, 10.62264864961149, 10.52228525277618, 10.464623286659918, 10.601450047028502, 10.563182033613023, 10.564956501656507, 10.485643257261097, 10.535120520284728, 10.535792887961783, 10.497396053263426, 10.487399465916178, 10.507344427796518, 10.626571028505193, 10.664274027704138, 10.512404220816215, 10.503311796517584, 10.523258243148854, 10.57342042785195, 10.48134029657855, 10.476111146301943, 10.56315668431443, 10.515513616340346, 10.487229854031838, 10.568145266049125, 10.575484292898537, 10.509906339143338, 10.465872434298353, 10.502810227589375, 10.508737249424861, 10.477878279738473, 10.535003037735482, 10.548958770361729, 10.462767800315284, 10.534487244484597, 10.560189917563779, 10.528161256385705, 10.517630864614446, 10.490323530545883, 10.61741286769065, 10.581018357161728, 10.595751881739945, 10.520861751232392, 10.590856833939029, 10.498673268236837]}]}