{"tests_qot": [{"osnr_load_qot_81": [10.878632027935996, 10.879767447762026, 10.880902570748718, 10.882037397051239, 10.88317192682461, 10.88430616022373, 10.885440097403388, 10.886573738518253, 10.88770708372287, 10.888840133171644, 10.88997288701889, 10.891105345418781, 10.892237508525378, 10.893369376492625, 10.894500949474331, 10.895632227624208, 10.896763211095823, 10.897893900042632, 10.899024294617988, 10.900154394975086, 10.901284201267051, 10.902413713646855, 10.903542932267346, 10.904671857281269, 10.905800488841265, 10.906928827099819, 10.908056872209302, 10.909184624322013, 10.910312083590084, 10.911439250165532, 10.912566124200287, 10.913692705846124, 10.914818995254725, 10.91594499257764, 10.917070697966317, 10.918196111572062, 10.91932123354609, 10.920446064039472, 10.9215706032032, 10.922694851188101, 10.92381880814491, 10.924942474224263, 10.92606584957663, 10.927188934352422, 10.928311728701887, 10.929434232775177, 10.930556446722328, 10.931678370693266, 10.932800004837766, 10.933921349305539, 10.935042404246133, 10.93616316980902, 10.937283646143518, 10.938403833398862, 10.939523731724147, 10.940643341268373, 10.941762662180414, 10.942881694609028, 10.944000438702862, 10.94511889461045, 10.946237062480195, 10.947354942460407, 10.94847253469927, 10.94958983934486, 10.950706856545136, 10.951823586447933, 10.95294002920099, 10.954056184951924, 10.955172053848226, 10.9562876360373, 10.957402931666394, 10.958517940882702, 10.959632663833256, 10.960747100664987, 10.96186125152472, 10.962975116559173, 10.964088695914928, 10.965201989738475, 10.966314998176179, 10.967427721374312, 10.968540159479002]}, {"gosnr_load_qot_81": [10.380499008307105, 10.424083420684715, 10.362819997575137, 10.361860907098375, 10.365199741841835, 10.358645419859924, 10.364574095656863, 10.359761114249906, 10.427304364011098, 10.359817642132775, 10.46839588583179, 10.370188828643112, 10.404658307213314, 10.35855101363067, 10.358763041963776, 10.489715874671289, 10.401548146233008, 10.508399666045547, 10.415698778161488, 10.373974377312102, 10.363928042232768, 10.407984144350582, 10.358461857379492, 10.443354762998156, 10.367581275080042, 10.362894344977976, 10.38431509314545, 10.371199245302831, 10.358364330204866, 10.382356560574204, 10.594874048148794, 10.359289456105703, 10.434516872101682, 10.374762886730002, 10.368307174062908, 10.384386264871166, 10.377540653415846, 10.366652514954849, 10.521507502788989, 10.475767091477577, 10.419556556640643, 10.358412109669233, 10.455406451098748, 10.362150487942825, 10.39330538783627, 10.360854734232216, 10.406746046076044, 10.358348891195417, 10.360341406878678, 10.365510738522737, 10.39362624746156, 10.35891955116957, 10.366512799583711, 10.375478510412485, 10.369922802471592, 10.388562240404246, 10.38072207582623, 10.372328112650635, 10.361470543037454, 10.35904600488524, 10.464646111790865, 10.360303528432484, 10.372548928022141, 10.38638115109886, 10.359398051317967, 10.395888986516628, 10.363702129517876, 10.398631289417366, 10.415396566280881, 10.536658722457767, 10.399557029838942, 10.44750981312811, 10.368717427794483, 10.377064678061787, 10.390866995549047, 10.378736716206621, 10.361038273591701, 10.38863901963281, 10.429042020163518, 10.411552614216301, 10.440620919659228]}]}