{"tests_qot": [{"osnr_load_qot_27": [12.642295576373659, 12.743664279433744, 12.77728660399708, 12.9772697809369, 13.141638514929559, 13.206807182597093, 13.271646144383581, 13.303942211482795, 13.336156125360535, 13.432305886204883, 13.527719691396435, 13.590921341898126, 13.71635016871702, 13.74750496687348, 13.809572417225569, 13.932741788491752, 14.145209221097367, 14.205198972907489, 14.264872600574485, 14.412680103186004, 14.55853373076945, 14.645114794128723, 14.702449754521822, 14.731001915714357, 14.759477379696238, 15.040044325042615, 15.06768536958258]}, {"gosnr_load_qot_27": [12.657496574217173, 14.290161675160515, 14.022124844029307, 13.083999173141919, 13.604839373321177, 13.344339263451621, 13.039867392357685, 14.667455544750588, 13.069548162449703, 12.865787716948828, 13.74503565399455, 13.512592517588091, 13.955181983324984, 12.553852353127773, 14.176371509727606, 14.283424987855378, 12.6246644953226, 14.69642880315154, 13.133459304286818, 14.368756820944132, 14.284080472939136, 13.404766047401882, 13.25886418617337, 14.315508162934961, 13.918147696829868, 13.489542046473332, 12.996855913574441]}]}