{"tests_qot": [{"osnr_load_qot_54": [13.868032373100876, 13.869166765396344, 13.871434661019366, 13.874834284354067, 13.877099221645576, 13.878231247274378, 13.879362977763838, 13.88049441326778, 13.881625553939898, 13.883886951402848, 13.885017208500486, 13.886147171379884, 13.887276840194156, 13.888406215096277, 13.890664083775384, 13.89292077863866, 13.895176300905659, 13.898557388351204, 13.899683832519496, 13.90080998445056, 13.903061412207126, 13.904186688335384, 13.905311672831928, 13.906436365847854, 13.907560767534118, 13.90868487804158, 13.909808697520965, 13.912055463997874, 13.914301068168358, 13.915423434764291, 13.916545511234094, 13.917667297727688, 13.918788794394878, 13.922151546934234, 13.923271885791468, 13.924391935569552, 13.925511696417601, 13.926631168484596, 13.931106171917875, 13.93334194481352, 13.935576566743713, 13.936693446466876, 13.937810038892577, 13.938926344168546, 13.940042362442401, 13.941158093861649, 13.944503568465025, 13.945618153938572, 13.946732453293311, 13.947846466676062, 13.951186792458952, 13.952299663419733, 13.953412249140948, 13.954524549768738]}, {"gosnr_load_qot_54": [13.505286131506349, 13.475418143187783, 13.60522898692185, 13.602361662105444, 13.530862383155633, 13.461168885855388, 13.497893404472194, 13.593472397795365, 13.590574368942502, 13.593343064440752, 13.60987268193397, 13.510007335316672, 13.452543246722673, 13.588471344404153, 13.550791537205303, 13.552461846693015, 13.473365576747769, 13.522641391731586, 13.523517027343122, 13.485208087270786, 13.47507897007688, 13.494937024581946, 13.613875951632712, 13.65139598928373, 13.500166389217318, 13.491020844513056, 13.511041757443794, 13.560711565117423, 13.469073708303249, 13.46398861430697, 13.550490600221888, 13.503148054852325, 13.474904611440335, 13.55573445257582, 13.563007287394171, 13.497686977270911, 13.453797038122408, 13.490505099853799, 13.496451654557278, 13.465635228073856, 13.522416809377088, 13.536474836336312, 13.450702825521608, 13.522112489153898, 13.547764919351328, 13.515908338466446, 13.505192359351446, 13.478160986309138, 13.604342846861924, 13.568280738055968, 13.582832573168593, 13.50865213369955, 13.578316071699712, 13.486282840968249]}]}