{"tests_qot": [{"osnr_load_qot_81": [13.86462741641941, 13.865762698767501, 13.866897684276271, 13.868032373100876, 13.869166765396344, 13.870300861317578, 13.871434661019366, 13.872568164656368, 13.87370137238313, 13.874834284354067, 13.875966900723494, 13.877099221645576, 13.878231247274378, 13.879362977763838, 13.88049441326778, 13.881625553939898, 13.882756399933765, 13.883886951402848, 13.885017208500486, 13.886147171379884, 13.887276840194156, 13.888406215096277, 13.889535296239103, 13.890664083775384, 13.891792577857736, 13.89292077863866, 13.894048686270546, 13.895176300905659, 13.896303622696138, 13.897430651794016, 13.898557388351204, 13.899683832519496, 13.90080998445056, 13.901935844295963, 13.903061412207126, 13.904186688335384, 13.905311672831928, 13.906436365847854, 13.907560767534118, 13.90868487804158, 13.909808697520965, 13.910932226122899, 13.912055463997874, 13.913178411296274, 13.914301068168358, 13.915423434764291, 13.916545511234094, 13.917667297727688, 13.918788794394878, 13.919910001385338, 13.92103091884864, 13.922151546934234, 13.923271885791468, 13.924391935569552, 13.925511696417601, 13.926631168484596, 13.927750351919421, 13.92886924687083, 13.929987853487468, 13.931106171917875, 13.932224202310458, 13.93334194481352, 13.934459399575248, 13.935576566743713, 13.936693446466876, 13.937810038892577, 13.938926344168546, 13.940042362442401, 13.941158093861649, 13.942273538573671, 13.943388696725743, 13.944503568465025, 13.945618153938572, 13.946732453293311, 13.947846466676062, 13.948960194233546, 13.950073636112347, 13.951186792458952, 13.952299663419733, 13.953412249140948, 13.954524549768738]}, {"gosnr_load_qot_81": [13.368944477638431, 13.412390188232617, 13.35116485200783, 13.35021604882322, 13.353521673035404, 13.347049388185717, 13.35303485380809, 13.348143166622052, 13.415232702134672, 13.348264476462063, 13.45610082389685, 13.358469141432032, 13.393036112467565, 13.346982566875294, 13.347198944098093, 13.47773229375144, 13.389936227922455, 13.496325731337047, 13.40369223201467, 13.362431070435836, 13.3522618516029, 13.396350580444027, 13.346872176368137, 13.431194878619985, 13.356043117788987, 13.351352742281463, 13.372752159179386, 13.35965909578096, 13.346780564120124, 13.370798082867354, 13.582362485660726, 13.347679319724994, 13.42278167498112, 13.363009082342517, 13.356602474816562, 13.372567146177587, 13.365767280691312, 13.35496164553814, 13.508929440814663, 13.46384935047938, 13.407880792779954, 13.346838944335994, 13.443581538331419, 13.35060722082771, 13.381718794167845, 13.349307170301422, 13.3947908696224, 13.346770624487526, 13.348715096675846, 13.35397218945095, 13.381749089952383, 13.34731670991179, 13.354974613691084, 13.363933037650455, 13.358383671892941, 13.376988728628682, 13.368927067639792, 13.360592121949324, 13.349925289248343, 13.34748589743597, 13.45277962351487, 13.348753328446021, 13.361007390649615, 13.374813218469582, 13.347841585300436, 13.384294780638335, 13.352161868981653, 13.387028668887185, 13.403736405390383, 13.52444461107125, 13.387644107536012, 13.435719583811032, 13.357178958195522, 13.365516626100975, 13.37928728031137, 13.367185652337131, 13.349403008858062, 13.376792769225666, 13.417329121153227, 13.399906450858365, 13.428860212687708]}]}