{"tests_qot": [{"osnr_load_qot_27": [14.001441688839629, 14.080176536418099, 14.106314372140208, 14.262020666334116, 14.390314695731934, 14.441262163777939, 14.491998850345043, 14.517288304724847, 14.542525249422821, 14.61792165346472, 14.692847745889537, 14.742538046893955, 14.841295973834153, 14.865856117326505, 14.914821666495007, 15.012135710911455, 15.18046706487822, 15.228104365009447, 15.275539432648031, 15.393246134536387, 15.509701650740613, 15.578978262363293, 15.62491530372137, 15.647809843090197, 15.670655163798319, 15.896418404951461, 15.918727456162964]}, {"gosnr_load_qot_27": [13.971237802466849, 15.256262046171754, 15.044648251109475, 14.28181686953055, 14.708370431375437, 14.501901119423364, 14.261233262339116, 15.579011018510352, 14.27511961622174, 14.139471453312762, 14.825849747333464, 14.627122429785214, 14.988628439158177, 13.90110016636466, 15.17296119527712, 15.258571531291903, 13.945607474079488, 15.603098492522934, 14.326366263431723, 15.323137293494169, 15.24948753853679, 14.55005919802204, 14.435351429924177, 15.281811064303563, 14.961452673607488, 14.610146751376341, 14.233413463504036]}]}