{"tests_qot": [{"osnr_load_qot_54": [14.952406770241097, 14.953541084112693, 14.955808822888006, 14.959208210951239, 14.961472991395151, 14.962604938600172, 14.963736590665867, 14.96486794774605, 14.965999009994423, 14.96826025060992, 14.969390429283841, 14.970520313739543, 14.971649904130128, 14.97277920060857, 14.975036912440359, 14.977293450456362, 14.979548815876132, 14.982929668050922, 14.98405603379565, 14.985182107303167, 14.987433378212662, 14.988558575917404, 14.989683481990443, 14.990808096582871, 14.991932419845655, 14.993056451929645, 14.994180192985569, 14.996426802615591, 14.99867224993924, 14.999794538111768, 15.00091653615818, 15.002038244228391, 15.003159662472212, 15.006522179741532, 15.007642440175442, 15.008762411530213, 15.009882093954959, 15.011001487598667, 15.015476177338904, 15.017711793388095, 15.019946258471883, 15.021063059771858, 15.022179573774386, 15.023295800627192, 15.024411740477897, 15.025527393474, 15.02887263280802, 15.029987139858473, 15.031101360790126, 15.03221529574981, 15.03555538626355, 15.036668178801305, 15.037780686099504, 15.038892908304293]}, {"gosnr_load_qot_54": [14.590014918669654, 14.560196083553569, 14.689739064213338, 14.686995205771783, 14.615562718411958, 14.545951287749217, 14.582587186568656, 14.678111872497773, 14.675224765109764, 14.67796188495358, 14.694462260238199, 14.594744713065245, 14.537340436627753, 14.673004796221786, 14.635494343413189, 14.637134986826352, 14.558105357271039, 14.607320858789334, 14.608254122725148, 14.569972575915884, 14.559806491158572, 14.57963861868752, 14.698488220816298, 14.735953872637825, 14.584915772362079, 14.575755735790878, 14.5957965031028, 14.645323386462481, 14.553816909021096, 14.548773020638478, 14.635115221535994, 14.587860998766214, 14.559630796509582, 14.640431173577749, 14.647684753578611, 14.582441760393658, 14.538595466767482, 14.575236001031113, 14.581187719835146, 14.550385326336484, 14.607065898847777, 14.62115205026549, 14.53550440732134, 14.606821609361877, 14.632458130018655, 14.600652432990772, 14.589884472329773, 14.562933137869596, 14.688849352579911, 14.652883908995564, 14.667383244565022, 14.593408981495067, 14.66297445168384, 14.570989804048534]}]}