{"tests_qot": [{"osnr_load_qot_81": [14.94900204883131, 14.950137252755496, 14.951272159840372, 14.952406770241097, 14.953541084112693, 14.954675101610066, 14.955808822888006, 14.956942248101173, 14.95807537740411, 14.959208210951239, 14.960340748896858, 14.961472991395151, 14.962604938600172, 14.963736590665867, 14.96486794774605, 14.965999009994423, 14.967129777564557, 14.96826025060992, 14.969390429283841, 14.970520313739543, 14.971649904130128, 14.97277920060857, 14.973908203327735, 14.975036912440359, 14.97616532809907, 14.977293450456362, 14.978421279664628, 14.979548815876132, 14.980676059243015, 14.981803009917307, 14.982929668050922, 14.98405603379565, 14.985182107303167, 14.986307888725028, 14.987433378212662, 14.988558575917404, 14.989683481990443, 14.990808096582871, 14.991932419845655, 14.993056451929645, 14.994180192985569, 14.995303643164055, 14.996426802615591, 14.997549671490564, 14.99867224993924, 14.999794538111768, 15.00091653615818, 15.002038244228391, 15.003159662472212, 15.004280791039314, 15.00540163007927, 15.006522179741532, 15.007642440175442, 15.008762411530213, 15.009882093954959, 15.011001487598667, 15.012120592610213, 15.013239409138357, 15.014357937331742, 15.015476177338904, 15.016594129308254, 15.017711793388095, 15.018829169726615, 15.019946258471883, 15.021063059771858, 15.022179573774386, 15.023295800627192, 15.024411740477897, 15.025527393474, 15.026642759762892, 15.027757839491844, 15.02887263280802, 15.029987139858473, 15.031101360790126, 15.03221529574981, 15.03332894488423, 15.034442308339981, 15.03555538626355, 15.036668178801305, 15.037780686099504, 15.038892908304293]}, {"gosnr_load_qot_81": [14.453896054911164, 14.497299689406626, 14.436088969097916, 14.435143144482126, 14.438439137968706, 14.431990538583666, 14.437991754962049, 14.433078028707529, 14.50003461658087, 14.433217719612852, 14.540836765320552, 14.44337448759698, 14.477966986107864, 14.43193155146015, 14.432149149794196, 14.562555264392298, 14.474870211616683, 14.581121874319464, 14.488513349054974, 14.447386236957298, 14.437182765882374, 14.48127802035219, 14.43181514034199, 14.515970753288139, 14.441000141008322, 14.436309077126017, 14.457701115082545, 14.444615329994928, 14.431725212710544, 14.455748424867137, 14.66702888851631, 14.432616427640866, 14.507678613660316, 14.447904463893726, 14.441512190564648, 14.45744339706895, 14.450656937273221, 14.439875388160246, 14.593581712069682, 14.548691888585806, 14.49279553440551, 14.431786598387664, 14.528451704383285, 14.435563129222711, 14.466660477487522, 14.434261939226243, 14.479627121814415, 14.431716834706936, 14.433647549772628, 14.438929229377276, 14.46660829760634, 14.432255910915497, 14.439931694798407, 14.448887496423703, 14.443340274193712, 14.4619344190932, 14.453810387570144, 14.445492709249844, 14.434880675788722, 14.43243721813803, 14.537637408708848, 14.433707383273193, 14.445963147529666, 14.459760627621405, 14.43279391770891, 14.469234143072843, 14.437118534866748, 14.471965472747087, 14.488655834851983, 14.609199171125994, 14.472492797572299, 14.520600089365443, 14.44213582257988, 14.450470254719164, 14.464231067167058, 14.452138322645851, 14.434332877786902, 14.46166105707968, 14.502232730820161, 14.484830092607409, 14.513749529052998]}]}