{"tests": [{"osnr_load_27": [7.653676086114961, 7.894418131517206, 7.973916904098556, 8.443027446217606, 8.823608608538583, 8.973204963483187, 9.121295145065043, 9.194775649337764, 9.26787994613427, 9.484937508513935, 9.698617400579378, 9.83919848128017, 10.115882334887104, 10.184123179103198, 10.319492632069968, 10.58580050913257, 11.037746687594073, 11.163612801019092, 11.288043327036188, 11.59289417614296, 11.888965250129, 12.062457258351117, 12.176410925818706, 12.232879543015528, 12.28901120973516, 12.832116270849092, 12.884638854722738]}, {"gosnr_load_27": [7.906299550152594, 11.38839131172107, 10.955503694196873, 9.036597990303477, 10.115501669055053, 9.544472916923517, 8.85646444283475, 11.884631517816457, 8.97737015890201, 8.371153424545692, 10.380717986851558, 9.961185827715589, 10.834837415789437, 7.604748378220798, 11.229185640157816, 11.414267809908123, 7.828302327909157, 11.93085601642115, 9.11847997071088, 11.51864494871524, 11.365724484754114, 9.676739423249668, 9.347022905115562, 11.456218181964505, 10.74955035234644, 9.90372156147174, 8.724368764923359]}]}