{"tests": [{"osnr_load_54": [10.493864683052557, 10.494999224713258, 10.497267419066683, 10.50066749049691, 10.502932726518688, 10.504064901512605, 10.505196781367175, 10.5063283662362, 10.507459656273394, 10.509721352466453, 10.510851758929121, 10.511981871173539, 10.51311168935282, 10.514241213619934, 10.516499381028979, 10.518756374622146, 10.521012195618962, 10.524393731159162, 10.525520324692305, 10.526646625988212, 10.528898352474414, 10.530023777967461, 10.531148911828792, 10.532273754209477, 10.533398305260508, 10.53452256513271, 10.53564653397682, 10.537893599183137, 10.540139502082992, 10.541262018043572, 10.542384243878018, 10.543506179736253, 10.54462782576805, 10.54799102640118, 10.549111514622975, 10.550231713765605, 10.551351623978178, 10.552471245409691, 10.556946846300919, 10.559182917925447, 10.561417838584468, 10.562534867672026, 10.563651609462106, 10.564768064102443, 10.565884231740654, 10.567000112524239, 10.57034603522055, 10.571460770058378, 10.572575218777388, 10.573689381524396, 10.577030155399974, 10.578143175724948, 10.579255910810359, 10.580368360802312]}, {"gosnr_load_54": [10.129788389319492, 10.099777820856758, 10.230370045861042, 10.227134650755094, 10.155446018163047, 10.085517191789288, 10.122501133136414, 10.218228934427746, 10.215298719869798, 10.21816125638145, 10.234775819974038, 10.134483310178737, 10.076848599636302, 10.2135449925452, 10.175365038525586, 10.177123642289834, 10.097839399603096, 10.147288434185429, 10.147991984033013, 10.109606565985224, 10.099589141056803, 10.119521846986705, 10.238710809155547, 10.276387845773874, 10.124607892467633, 10.115506844229852, 10.135465765345739, 10.185555202216568, 10.093537910437684, 10.088330555782807, 10.175297459172342, 10.127697882610413, 10.099418792852742, 10.180325425923385, 10.18765470723135, 10.122112707524797, 10.078098524714491, 10.115003076528327, 10.12093340704791, 10.090079316611426, 10.147154534273579, 10.161126691357467, 10.074995323634566, 10.146671117353293, 10.172367474365167, 10.140363458765556, 10.129804066970374, 10.10253756263588, 10.229494690001568, 10.193149136481916, 10.207855618908434, 10.133070197625887, 10.20301831249581, 10.110852826930392]}]}