{"tests": [{"osnr_load_81": [10.49045927827528, 10.491594709988636, 10.492729844862655, 10.4938646830525, 10.494999224713201, 10.496133469999647, 10.49726741906663, 10.49840107206882, 10.499534429160757, 10.500667490496857, 10.501800256231427, 10.502932726518635, 10.504064901512551, 10.505196781367122, 10.506328366236147, 10.507459656273339, 10.508590651632272, 10.5097213524664, 10.510851758929064, 10.511981871173484, 10.513111689352764, 10.51424121361988, 10.515370444127683, 10.516499381028924, 10.517628024476233, 10.518756374622097, 10.519884431618888, 10.521012195618908, 10.522139666774288, 10.523266845237043, 10.524393731159108, 10.525520324692252, 10.526646625988159, 10.527772635198378, 10.528898352474359, 10.530023777967408, 10.531148911828739, 10.532273754209427, 10.533398305260452, 10.534522565132654, 10.535646533976763, 10.536770211943416, 10.537893599183082, 10.53901669584617, 10.540139502082935, 10.54126201804352, 10.542384243877965, 10.543506179736198, 10.544627825767991, 10.545749182123064, 10.546870248950945, 10.547991026401128, 10.549111514622918, 10.550231713765552, 10.551351623978123, 10.552471245409638, 10.553590578208972, 10.554709622524873, 10.555828378505991, 10.556946846300868, 10.5580650260579, 10.559182917925396, 10.56030052205154, 10.561417838584415, 10.562534867671971, 10.563651609462053, 10.56476806410239, 10.565884231740604, 10.567000112524184, 10.56811570660054, 10.569231014116909, 10.570346035220492, 10.571460770058327, 10.572575218777331, 10.573689381524344, 10.574803258446071, 10.5759168496891, 10.577030155399923, 10.578143175724897, 10.579255910810305, 10.580368360802261]}, {"gosnr_load_81": [9.992800437539065, 10.036365867666268, 9.975105098994257, 9.974147535141478, 9.977481454015775, 9.970939362658841, 9.976877044345029, 9.972051756917583, 10.039528999591145, 9.972118212493454, 10.080588452099056, 9.982464422107281, 10.016950624155289, 9.970849177652955, 9.971061883166099, 10.101957294844762, 10.013841875732549, 10.120628236427775, 10.027932784114252, 9.986277188566, 9.976211508622056, 10.02027489267202, 9.970756763665573, 10.055566722591848, 9.979884545069734, 9.975196845366156, 9.996615432594734, 9.983502396879683, 9.97066013765207, 9.99465748128559, 10.207040219382588, 9.971581271188473, 10.046793435980168, 9.987033489520435, 9.980584966634861, 9.996647358957254, 9.989808401818072, 9.978932340948893, 10.133659527960802, 10.088017860021584, 10.031841443349109, 9.970709543640236, 10.067670367225992, 9.974452694993975, 10.005602568816903, 9.973156216224263, 10.018987455917364, 9.970645540366988, 9.972630798263559, 9.977813841656896, 10.005878928602378, 9.97121246483718, 9.978816010054759, 9.987781067604667, 9.98222604423013, 10.000861179455207, 9.99298667411264, 9.984601318804344, 9.97377241068182, 9.971345472002396, 10.076904145210753, 9.97260457817447, 9.984851936703642, 9.998680831806947, 9.971698094443932, 10.008185135453784, 9.976004877175424, 10.01092629170149, 10.027683626273483, 10.148867326378, 10.011804539511342, 10.059778627608262, 9.981020708582232, 9.989366922141732, 10.00316510376839, 9.991038585355223, 9.973326329012659, 10.000896177300966, 10.04132171351014, 10.023841618208758, 10.05289389537172]}]}