{"tests_qot": [{"osnr_load_qot_27": [7.777556789910558, 8.013513838979355, 8.091442966709426, 8.551404278334061, 8.924715855141542, 9.071495286024401, 9.216820636194194, 9.288938276058593, 9.360692747134687, 9.573779060019664, 9.783604943011873, 9.921681688244808, 10.193512295603382, 10.260572082241097, 10.393617939910136, 10.655431805031643, 11.09999836066943, 11.223867546247611, 11.34634992993549, 11.646540679382987, 11.938245398620062, 12.109254858928384, 12.221609407059157, 12.277294997620686, 12.332654550084365, 12.868619794092254, 12.92048458117802]}, {"gosnr_load_qot_27": [8.02282200942478, 11.45097572262088, 11.017771437689257, 9.129454226214849, 10.190038167247042, 9.628970781825478, 8.953728616895102, 11.95072587797082, 9.071676312535848, 8.478760339600356, 10.451383600087556, 10.037701177402463, 10.898565784933572, 7.727888967238783, 11.288541050718418, 11.472669564681548, 7.946382653583131, 11.996752599249316, 9.210190532610609, 11.580058906030875, 11.429600933297653, 9.758894562414698, 9.43519997731396, 11.515791159672519, 10.814551481173249, 9.981324811826568, 8.824560492112916]}]}