{"tests_qot": [{"osnr_load_qot_54": [10.564339040161899, 10.56547357974259, 10.567741769935994, 10.571141835126191, 10.57340706698795, 10.574539239901856, 10.575671117676414, 10.576802700465432, 10.577933988422616, 10.580195680455658, 10.581326084838317, 10.582456195002726, 10.583586011101996, 10.584715533289105, 10.586973696538127, 10.589230685971282, 10.591486502808078, 10.594868032108256, 10.595994623561394, 10.597120922777293, 10.599372645103477, 10.600498068516522, 10.601623200297844, 10.602748040598524, 10.603872589569548, 10.60499684736174, 10.606120814125841, 10.60836787517215, 10.61061377391199, 10.611736287792567, 10.61285851154701, 10.613980445325238, 10.615102089277027, 10.618465283670144, 10.619585769811927, 10.620705966874556, 10.62182587500713, 10.622945494358637, 10.627421086929846, 10.62965715439437, 10.63189207089338, 10.633009097900935, 10.63412583761101, 10.635242290171348, 10.636358455729555, 10.637474334433135, 10.640820250889437, 10.641934983647268, 10.643049430286268, 10.644163590953276, 10.647504358588849, 10.648617376833819, 10.64973010983923, 10.650842557751183]}, {"gosnr_load_qot_54": [10.200594354173624, 10.170609179670443, 10.301060879020284, 10.297894140598817, 10.226237852094641, 10.156350083553074, 10.193287081136278, 10.288991118065772, 10.286066793808587, 10.28891191361465, 10.305511311997142, 10.205294383866176, 10.147689159632607, 10.284247705804894, 10.246159607642607, 10.247901784002718, 10.1686493453163, 10.218068074104838, 10.218803815363984, 10.18043108270496, 10.17039236638173, 10.190311951513102, 10.309459232092701, 10.34710854989893, 10.195424994925872, 10.186315250334289, 10.206286592353106, 10.256299714990018, 10.164349475400304, 10.159164753669307, 10.24604841119052, 10.198494869433251, 10.170221261572488, 10.251116939702928, 10.25843598224332, 10.192932653426613, 10.148939858999572, 10.185809223207563, 10.191742833629736, 10.160894496995052, 10.217917220128378, 10.231906014753845, 10.14583820932302, 10.21746725554624, 10.243156486643807, 10.211178676724309, 10.200589576973734, 10.17336587814823, 10.300183469912579, 10.263889343739773, 10.278567547531768, 10.2038920350469, 10.27378999491428, 10.181645342394036]}]}