{"tests_qot": [{"osnr_load_qot_81": [10.560933641624711, 10.562069071258055, 10.563204204052067, 10.564339040161899, 10.56547357974259, 10.56660782294902, 10.567741769935994, 10.568875420858175, 10.5700087758701, 10.571141835126191, 10.572274598780751, 10.57340706698795, 10.574539239901856, 10.575671117676414, 10.576802700465432, 10.577933988422616, 10.579064981701542, 10.580195680455658, 10.581326084838317, 10.582456195002726, 10.583586011101996, 10.584715533289105, 10.585844761716896, 10.586973696538127, 10.588102337905429, 10.589230685971282, 10.590358740888068, 10.591486502808078, 10.592613971883454, 10.593741148266203, 10.594868032108256, 10.595994623561394, 10.597120922777293, 10.598246929907507, 10.599372645103477, 10.600498068516522, 10.601623200297844, 10.602748040598524, 10.603872589569548, 10.60499684736174, 10.606120814125841, 10.607244490012489, 10.60836787517215, 10.609490969755234, 10.61061377391199, 10.611736287792567, 10.61285851154701, 10.613980445325238, 10.615102089277027, 10.616223443552089, 10.617344508299968, 10.618465283670144, 10.619585769811927, 10.620705966874556, 10.62182587500713, 10.622945494358637, 10.624064825077964, 10.625183867313861, 10.626302621214975, 10.627421086929846, 10.628539264606875, 10.62965715439437, 10.630774756440509, 10.63189207089338, 10.633009097900935, 10.63412583761101, 10.635242290171348, 10.636358455729555, 10.637474334433135, 10.638589926429486, 10.639705231865854, 10.640820250889437, 10.641934983647268, 10.643049430286268, 10.644163590953276, 10.645277465795001, 10.64639105495803, 10.647504358588849, 10.648617376833819, 10.64973010983923, 10.650842557751183]}, {"gosnr_load_qot_81": [10.063721534171377, 10.107266369330583, 10.0460097280679, 10.045053762634009, 10.048382528812077, 10.041853217903459, 10.047800068909629, 10.042962178341181, 10.110369714188348, 10.043038887219746, 10.151395101812406, 10.053359064611199, 10.08786176216686, 10.041767395227609, 10.04198079546136, 10.172813913333055, 10.0847545433074, 10.191471149472143, 10.098783441479933, 10.057199859745662, 10.047114423952673, 10.091184334975692, 10.041671618238865, 10.126393977804993, 10.05080783393037, 10.046119444600253, 10.067535317471012, 10.054425482053004, 10.041575925245974, 10.065578010756669, 10.277816653558226, 10.042492914211902, 10.117687622959386, 10.05792287413197, 10.051481922954027, 10.06752670496754, 10.060694775521304, 10.04983143482546, 10.204423074645007, 10.158884456470968, 10.102744568108557, 10.041627010241596, 10.138551012094181, 10.045375007936055, 10.076518988110132, 10.044077809322962, 10.089845964047182, 10.04156219774644, 10.043539914184326, 10.048737004707458, 10.076749376062075, 10.042125250915795, 10.049739261455976, 10.058703442484092, 10.053149251272197, 10.07177952191924, 10.063869722309263, 10.055493447281474, 10.04469438830741, 10.042265024473364, 10.147778501586448, 10.043525737162271, 10.055774843901785, 10.06959998961048, 10.042618233990797, 10.079100430274172, 10.046927713678107, 10.081840340038116, 10.098589090470238, 10.219688957936789, 10.082669511113487, 10.130664513033876, 10.051943983049519, 10.060288937865883, 10.074082535962521, 10.061960176120833, 10.044234049343725, 10.071771361325105, 10.1122192578896, 10.094749177744543, 10.12378423661807]}]}