{"tests": [{"osnr_load_27": [5.283598817005666, 5.631152491738324, 5.74561288885871, 6.4176472520408385, 6.958236288131918, 7.169492912681791, 7.377897257149466, 7.48102905046169, 7.583447076434339, 7.886419227091671, 8.182974815212228, 8.377121307518836, 8.756909806480396, 8.850092168986702, 9.034349373011676, 9.394483019485044, 9.998184726271393, 10.164566726895568, 10.328277924979467, 10.726040626182346, 11.107703349771086, 11.329169095882325, 11.473741431078464, 11.545118628002678, 11.615895505375322, 12.291612377528319, 12.356077866363947]}, {"gosnr_load_27": [5.69406847053659, 10.247080333369512, 9.903533364815605, 7.345269927926489, 8.819733871160302, 8.036292152722114, 7.069870328197794, 10.518475260502292, 7.254728915204337, 6.358180490965454, 9.164983474406833, 8.624059151162127, 9.756180941925168, 5.246423035759392, 10.22419653400089, 10.405827123876637, 5.581285572759159, 10.562386771036941, 7.45274186806672, 10.391538676121213, 10.186824937741047, 8.218993168329838, 7.759174617699031, 10.400914029402774, 9.646984918998044, 8.543523765446201, 6.874075460070199]}]}