{"tests": [{"osnr_load_54": [9.285192684282178, 9.28632725683029, 9.288595512958546, 9.291995677050988, 9.294260974847571, 9.295393180728901, 9.296525091470858, 9.297656707227292, 9.29878802815187, 9.301049786119721, 9.302180223469778, 9.30331036660159, 9.304440215668254, 9.30556977082276, 9.30782800000657, 9.3100850553745, 9.312340938146072, 9.315722566348395, 9.316849190768906, 9.317975522952183, 9.320227311213117, 9.32135276759353, 9.32247793234222, 9.323602805610271, 9.324727387548664, 9.325851678308219, 9.326975678039686, 9.329222805020716, 9.331468769695274, 9.332591316543205, 9.333713573264998, 9.33483554001057, 9.335957216929708, 9.339320510224866, 9.340441029333997, 9.34156125936396, 9.342681200463872, 9.343800852782715, 9.34827657722326, 9.350512710622436, 9.352747693056093, 9.35386475303097, 9.354981525708373, 9.356098011236021, 9.357214209761551, 9.358330121432441, 9.361676136790685, 9.362790902515815, 9.363905382122129, 9.365019575756442, 9.368360442293914, 9.369473493506185, 9.370586259478884, 9.371698740358134]}, {"gosnr_load_54": [8.920888036318564, 8.890851481577672, 9.021585930210826, 9.018283903127633, 8.946560551263817, 8.876588706631958, 8.91361982014541, 9.00937515279082, 9.00643909513183, 9.009318631835077, 9.025948674103322, 8.92557823055088, 8.867912288926533, 9.004748569527004, 8.966477863187366, 8.968252455576382, 8.888933702640601, 8.938414390193635, 8.939086804677318, 8.900687308573627, 8.89069003218358, 8.910636370402829, 9.02987133171568, 9.067577022915259, 8.915696513589275, 8.906603460334662, 8.926551288460354, 8.976716975579611, 8.884630445972116, 8.879400936394697, 8.966452512112802, 8.918806124503924, 8.890520408621937, 8.971441443548828, 8.978780985597375, 8.913198458997636, 8.86916152212934, 8.90610185674942, 8.91202928838174, 8.881168191204567, 8.938296899466621, 8.95225360507717, 8.86605667552985, 8.937781070314863, 8.963485537581162, 8.931454642253456, 8.920923519529932, 8.893614298198536, 9.02071252052737, 8.984315438927686, 8.999050001752723, 8.924154630226855, 8.994154608615164, 8.901964611697]}]}