{"tests": [{"osnr_load_81": [9.281787186842646, 9.282922649443417, 9.284057815204859, 9.285192684282123, 9.286327256830232, 9.287461533004093, 9.288595512958489, 9.289729196848086, 9.290862584827428, 9.29199567705093, 9.293128473672901, 9.294260974847516, 9.29539318072884, 9.296525091470803, 9.297656707227235, 9.298788028151813, 9.299919054398142, 9.301049786119664, 9.302180223469717, 9.303310366601531, 9.304440215668194, 9.305569770822702, 9.306699032217889, 9.307828000006513, 9.308956674341207, 9.310085055374444, 9.311213143258614, 9.312340938146015, 9.313468440188768, 9.314595649538903, 9.315722566348338, 9.316849190768849, 9.317975522952125, 9.319101563049713, 9.320227311213058, 9.32135276759347, 9.322477932342164, 9.323602805610214, 9.324727387548604, 9.325851678308158, 9.326975678039629, 9.328099386893637, 9.329222805020656, 9.330345932571097, 9.331468769695213, 9.33259131654315, 9.33371357326494, 9.33483554001051, 9.335957216929646, 9.337078604172063, 9.338199701887287, 9.33932051022481, 9.340441029333938, 9.341561259363901, 9.342681200463813, 9.34380085278266, 9.34492021646932, 9.346039291672557, 9.347158078541007, 9.348276577223203, 9.34939478786756, 9.350512710622375, 9.351630345635844, 9.352747693056036, 9.353864753030912, 9.354981525708315, 9.356098011235963, 9.357214209761494, 9.358330121432385, 9.359445746396046, 9.360561084799732, 9.361676136790622, 9.362790902515757, 9.363905382122072, 9.365019575756385, 9.36613348356541, 9.367247105695734, 9.36836044229386, 9.36947349350613, 9.370586259478825, 9.371698740358077]}, {"gosnr_load_81": [8.783782304487213, 8.82736965936226, 8.766102108592591, 8.765142953958344, 8.768482012111319, 8.761927251726165, 8.767856324049768, 8.763043020695614, 8.830590821317054, 8.76309955235764, 8.87168514658972, 8.773471433064731, 8.80794323080215, 8.761832839187138, 8.762044881691661, 8.893006600462451, 8.80483285980837, 8.911691681646701, 8.818984448473406, 8.777257235533217, 8.767210227389496, 8.811269292682898, 8.761743676977199, 8.846642312179844, 8.770863704808672, 8.766176460969426, 8.787598645781378, 8.774481917445486, 8.761646143284473, 8.785639981560935, 8.998172106203329, 8.762571331020718, 8.837803819560534, 8.778045797844035, 8.771589652412576, 8.787669822292253, 8.78082375093795, 8.769934882486536, 8.924800426589663, 8.879056857945063, 8.822842488321593, 8.761693925942104, 8.85869482278887, 8.765432554172547, 8.796589545546759, 8.764136713800404, 8.810031110723747, 8.761630703243199, 8.763623352122075, 8.768793029610508, 8.79691042679005, 8.76220140135856, 8.76979515776014, 8.778761469538603, 8.773205389065982, 8.791846078730188, 8.784005386991145, 8.77561086047188, 8.764752563788438, 8.762327863526698, 8.867935115620703, 8.76358547114321, 8.77583169064902, 8.789664842676027, 8.762679933492345, 8.799173318343115, 8.766984299557253, 8.80191580616874, 8.818682216127403, 8.939952699458681, 8.802841609043217, 8.850797645627535, 8.771999933626741, 8.780347743634069, 8.794150989024395, 8.782019894029853, 8.764320265433645, 8.791922863125976, 8.832328595483954, 8.81483800387949, 8.843908282577896]}]}