{"tests": [{"osnr_load_27": [7.777556789910523, 8.013513838979323, 8.091442966709378, 8.55140427833401, 8.924715855141493, 9.071495286024344, 9.216820636194145, 9.28893827605854, 9.360692747134626, 9.5737790600196, 9.783604943011815, 9.921681688244748, 10.193512295603322, 10.260572082241033, 10.393617939910067, 10.65543180503157, 11.099998360669368, 11.22386754624755, 11.346349929935426, 11.646540679382918, 11.938245398619994, 12.10925485892832, 12.221609407059093, 12.277294997620615, 12.332654550084296, 12.868619794092188, 12.920484581177952]}, {"gosnr_load_27": [8.022822009424734, 11.45097572262086, 11.017771437689207, 9.1294542262148, 10.190038167246982, 9.628970781825425, 8.95372861689505, 11.950725877970815, 9.071676312535802, 8.478760339600308, 10.451383600087492, 10.037701177402408, 10.898565784933528, 7.727888967238751, 11.28854105071837, 11.472669564681503, 7.946382653583102, 11.996752599249305, 9.210190532610554, 11.580058906030848, 11.429600933297628, 9.758894562414644, 9.435199977313905, 11.515791159672489, 10.8145514811732, 9.981324811826516, 8.82456049211287]}]}