{"tests": [{"osnr_load_54": [10.564339040161968, 10.565473579742658, 10.567741769936063, 10.571141835126259, 10.573407066988016, 10.574539239901926, 10.575671117676483, 10.576802700465501, 10.577933988422686, 10.580195680455724, 10.581326084838384, 10.582456195002791, 10.583586011102064, 10.58471553328917, 10.586973696538198, 10.58923068597135, 10.591486502808147, 10.594868032108325, 10.595994623561463, 10.59712092277736, 10.599372645103546, 10.600498068516588, 10.60162320029791, 10.602748040598591, 10.603872589569614, 10.604996847361807, 10.606120814125912, 10.608367875172217, 10.61061377391206, 10.611736287792635, 10.612858511547074, 10.613980445325303, 10.615102089277094, 10.618465283670211, 10.619585769812002, 10.620705966874626, 10.621825875007197, 10.622945494358705, 10.627421086929914, 10.629657154394433, 10.63189207089345, 10.633009097901002, 10.634125837611077, 10.635242290171412, 10.63635845572962, 10.6374743344332, 10.640820250889504, 10.641934983647332, 10.643049430286338, 10.644163590953344, 10.647504358588918, 10.648617376833887, 10.649730109839297, 10.65084255775125]}, {"gosnr_load_54": [10.200594354173676, 10.170609179670489, 10.30106087902034, 10.29789414059887, 10.226237852094693, 10.156350083553123, 10.193287081136331, 10.28899111806582, 10.286066793808637, 10.288911913614701, 10.305511311997194, 10.205294383866226, 10.147689159632653, 10.284247705804951, 10.246159607642655, 10.247901784002767, 10.168649345316352, 10.218068074104892, 10.218803815364033, 10.180431082705008, 10.170392366381781, 10.190311951513154, 10.309459232092753, 10.347108549898984, 10.195424994925926, 10.186315250334339, 10.206286592353155, 10.256299714990071, 10.164349475400352, 10.159164753669355, 10.246048411190575, 10.198494869433304, 10.17022126157254, 10.25111693970298, 10.258435982243368, 10.192932653426665, 10.148939858999622, 10.185809223207613, 10.191742833629789, 10.160894496995104, 10.21791722012843, 10.2319060147539, 10.14583820932307, 10.217467255546293, 10.243156486643858, 10.211178676724357, 10.200589576973783, 10.17336587814828, 10.300183469912634, 10.263889343739827, 10.278567547531823, 10.203892035046952, 10.273789994914333, 10.181645342394086]}]}