{"tests": [{"osnr_load_81": [10.560933641624725, 10.56206907125807, 10.563204204052079, 10.564339040161915, 10.565473579742603, 10.566607822949036, 10.56774176993601, 10.568875420858188, 10.570008775870116, 10.571141835126205, 10.572274598780766, 10.573407066987965, 10.574539239901872, 10.57567111767643, 10.576802700465446, 10.577933988422632, 10.579064981701553, 10.580195680455674, 10.581326084838329, 10.582456195002738, 10.583586011102009, 10.584715533289115, 10.585844761716912, 10.586973696538141, 10.588102337905443, 10.589230685971298, 10.59035874088808, 10.591486502808094, 10.59261397188347, 10.593741148266213, 10.594868032108272, 10.59599462356141, 10.597120922777307, 10.59824692990752, 10.599372645103493, 10.600498068516535, 10.601623200297858, 10.60274804059854, 10.603872589569558, 10.604996847361754, 10.606120814125857, 10.607244490012501, 10.608367875172162, 10.609490969755246, 10.610613773912004, 10.611736287792583, 10.612858511547023, 10.61398044532525, 10.615102089277038, 10.616223443552105, 10.617344508299984, 10.61846528367016, 10.619585769811945, 10.620705966874572, 10.62182587500714, 10.622945494358651, 10.62406482507798, 10.625183867313876, 10.62630262121499, 10.627421086929862, 10.628539264606891, 10.629657154394383, 10.630774756440523, 10.631892070893393, 10.633009097900947, 10.634125837611023, 10.63524229017136, 10.63635845572957, 10.637474334433147, 10.6385899264295, 10.639705231865868, 10.64082025088945, 10.641934983647278, 10.643049430286283, 10.644163590953292, 10.645277465795019, 10.646391054958045, 10.647504358588865, 10.648617376833835, 10.649730109839243, 10.650842557751199]}, {"gosnr_load_81": [10.063721534171382, 10.107266369330594, 10.046009728067911, 10.045053762634016, 10.048382528812086, 10.041853217903467, 10.047800068909638, 10.04296217834119, 10.110369714188359, 10.043038887219753, 10.151395101812419, 10.053359064611207, 10.087861762166865, 10.041767395227621, 10.041980795461372, 10.172813913333062, 10.084754543307408, 10.191471149472155, 10.098783441479942, 10.05719985974567, 10.047114423952682, 10.0911843349757, 10.041671618238876, 10.126393977805003, 10.050807833930381, 10.046119444600262, 10.067535317471021, 10.054425482053011, 10.041575925245983, 10.065578010756674, 10.277816653558236, 10.042492914211909, 10.117687622959393, 10.057922874131979, 10.051481922954036, 10.067526704967552, 10.060694775521313, 10.049831434825467, 10.204423074645018, 10.158884456470975, 10.102744568108566, 10.041627010241607, 10.13855101209419, 10.045375007936064, 10.076518988110143, 10.044077809322973, 10.089845964047194, 10.041562197746446, 10.043539914184336, 10.048737004707469, 10.076749376062086, 10.042125250915806, 10.049739261455986, 10.058703442484106, 10.053149251272206, 10.071779521919249, 10.063869722309276, 10.055493447281485, 10.044694388307416, 10.042265024473373, 10.147778501586458, 10.04352573716228, 10.055774843901794, 10.069599989610492, 10.042618233990803, 10.07910043027418, 10.046927713678116, 10.081840340038129, 10.098589090470249, 10.219688957936803, 10.082669511113497, 10.130664513033887, 10.051943983049526, 10.060288937865893, 10.074082535962532, 10.061960176120843, 10.044234049343732, 10.071771361325116, 10.11221925788961, 10.09474917774455, 10.123784236618079]}]}