{"tests": [{"osnr_load_27": [14.757877573163153, 14.826223767810031, 14.848922193466233, 14.98423781977835, 15.095860341902341, 15.140220506037796, 15.18441620356409, 15.206452500870334, 15.22844783010527, 15.294188509209866, 15.359562282355782, 15.402941637374868, 15.489214606540768, 15.51068195406333, 15.553495939467954, 15.638642540483051, 15.786113541020983, 15.827891242458348, 15.869511129166863, 15.972873280171708, 16.075258717573423, 16.136224056407155, 16.17667441830043, 16.196841809873522, 16.216970750972745, 16.416157983853946, 16.435867757701327]}, {"gosnr_load_27": [14.709077108038153, 15.825777458510938, 15.644565732889879, 14.967023313140801, 15.348033253885573, 15.1673632669604, 14.956766459555407, 16.119257849289305, 14.963740736727068, 14.858576829918082, 15.454309620221114, 15.272444082902991, 15.594023424189983, 14.653875345218312, 15.759819249952008, 15.834283533554599, 14.68678152738967, 16.140784951301598, 15.00896214474341, 15.886708409616823, 15.818160260085508, 15.20967669594408, 15.109704057500197, 15.852432038290335, 15.571689712610768, 15.2583375513275, 14.935736736078791]}]}