{"tests": [{"osnr_load_54": [15.581262587009565, 15.58239684558011, 15.584664473753351, 15.58806369591354, 15.590328365755477, 15.591460257659527, 15.592591854424256, 15.593723156203488, 15.594854163150913, 15.597115293164547, 15.598245416537555, 15.599375245692354, 15.60050478078204, 15.601634021959596, 15.603891623189645, 15.606148050603943, 15.608403305422042, 15.611783991694415, 15.612910302138355, 15.61403632034509, 15.616287480653057, 15.617412623057046, 15.618537473829349, 15.619662033121047, 15.620786301083108, 15.62191027786639, 15.62303396362161, 15.62528046265026, 15.627525799372572, 15.628648032244449, 15.62976997499022, 15.6308916277598, 15.632012990702995, 15.635375342070505, 15.636495547203829, 15.637615463258028, 15.638735090382207, 15.63985442872536, 15.644328897263476, 15.646564402711665, 15.648798757194488, 15.649915503193995, 15.651031961896065, 15.652148133448428, 15.65326401799869, 15.654379615694367, 15.657724689127164, 15.658839140877223, 15.6599533065085, 15.66106718616781, 15.6644071107805, 15.665519848017926, 15.666632300015806, 15.66774446692028]}, {"gosnr_load_54": [15.222293878808257, 15.192747226100963, 15.320786319972457, 15.318773767832036, 15.247689743101617, 15.178519530070297, 15.214653295011484, 15.309919618394058, 15.30709541255473, 15.309646868206801, 15.325984814540778, 15.22707784869228, 15.169990853807587, 15.304179471814972, 15.267649419876221, 15.269114971183356, 15.19042845207234, 15.23931842805657, 15.240594597464526, 15.202450285550576, 15.1920578932325, 15.211749166781166, 15.33014827156369, 15.367316633753568, 15.217313675127803, 15.208061476460378, 15.228233501923924, 15.276944720649439, 15.18615748659527, 15.181355029597132, 15.266805697250266, 15.220044423416967, 15.191874147065047, 15.272553429974074, 15.279697538257842, 15.214870093851369, 15.171254067894978, 15.207517697000846, 15.21350403987311, 15.182764609460321, 15.238882883669158, 15.253145495210546, 15.168179706296064, 15.238994965069333, 15.264554173252664, 15.233029404144705, 15.221945520248195, 15.195451704649152, 15.319874795846735, 15.28445897300333, 15.298656358456933, 15.225856875854378, 15.294884211771379, 15.203126503334126]}]}