{"tests": [{"osnr_load_81": [15.577858031502966, 15.578993180126071, 15.580128031909874, 15.581262587009537, 15.58239684558008, 15.583530807776416, 15.584664473753321, 15.585797843665464, 15.586930917667388, 15.588063695913512, 15.58919617855814, 15.590328365755449, 15.591460257659497, 15.592591854424228, 15.593723156203456, 15.594854163150885, 15.595984875420083, 15.597115293164519, 15.598245416537528, 15.599375245692322, 15.600504780782012, 15.601634021959567, 15.60276296937786, 15.603891623189615, 15.605019983547468, 15.606148050603911, 15.60727582451134, 15.608403305422014, 15.609530493488082, 15.610657388861569, 15.611783991694384, 15.612910302138323, 15.614036320345065, 15.61516204646615, 15.616287480653028, 15.617412623057017, 15.618537473829317, 15.619662033121015, 15.62078630108308, 15.621910277866359, 15.623033963621584, 15.624157358499373, 15.625280462650228, 15.626403276224535, 15.627525799372545, 15.62864803224442, 15.629769974990191, 15.63089162775977, 15.632012990702966, 15.633134063969452, 15.634254847708807, 15.635375342070477, 15.636495547203797, 15.637615463257998, 15.638735090382177, 15.639854428725332, 15.640973478436331, 15.64209223966394, 15.643210712556801, 15.644328897263449, 15.645446793932292, 15.646564402711633, 15.647681723749665, 15.648798757194458, 15.649915503193965, 15.651031961896038, 15.652148133448398, 15.653264017998662, 15.654379615694339, 15.655494926682811, 15.656609951111358, 15.657724689127132, 15.658839140877195, 15.65995330650847, 15.66106718616778, 15.662180780001842, 15.663294088157244, 15.664407110780472, 15.665519848017897, 15.666632300015774, 15.667744466920253]}, {"gosnr_load_81": [15.087409318830016, 15.130591107056306, 15.069427611420112, 15.06849887587514, 15.071739768255094, 15.065427750859959, 15.07152640757379, 15.066478577289981, 15.132688668945715, 15.066727569963303, 15.173125669148247, 15.076606292259552, 15.11137281371909, 15.065415273163127, 15.065640266562877, 15.195375460603792, 15.108292508916954, 15.213795011875963, 15.121273968999523, 15.080916629433865, 15.070503082160497, 15.114665595793486, 15.065263015430228, 15.148480535562738, 15.074537453732182, 15.069839283284939, 15.09120126019578, 15.078150281578157, 15.065183039297128, 15.08925554479604, 15.298989042707689, 15.066030023354124, 15.140902166974193, 15.081079984656355, 15.074768757387819, 15.090511415275731, 15.083800219640171, 15.073154826724004, 15.225408597284192, 15.181619170926176, 15.126115153192865, 15.065262321544523, 15.161529802986468, 15.069090322198143, 15.10012320419749, 15.067781525883122, 15.112471879005124, 15.065183934433586, 15.067034151218014, 15.07246530932131, 15.099580988793145, 15.065681711217888, 15.073468664151147, 15.082414651149618, 15.076876591933882, 15.095417897638947, 15.086918057649894, 15.078697604461382, 15.068404329593221, 15.065935144804952, 15.17064798983858, 15.067222370802929, 15.079496130952668, 15.093252912974906, 15.06629808460225, 15.102684746226876, 15.070651228228014, 15.105402643296028, 15.12200061179292, 15.241644014802176, 15.105406816814192, 15.153734465667299, 15.075672922317382, 15.08399349728015, 15.097704720368807, 15.085656946995433, 15.067704565771344, 15.09468449255682, 15.135492362344882, 15.118197409041702, 15.146931765904457]}]}