{"tests_qot": [{"osnr_load_qot_27": [7.1288679085297835, 7.390615401636004, 7.477002434625741, 7.986236663014266, 8.398657915401838, 8.560580326300984, 8.720761325522442, 8.800198891327224, 8.879201302542695, 9.113599351952349, 9.344089048012815, 9.495582238061095, 9.793385953576832, 9.866760549704827, 10.012222854037724, 10.298021860339828, 10.781879165383884, 10.916357326952749, 11.04917898252003, 11.374056275318578, 11.688826342765635, 11.872918483362085, 11.993687040678749, 12.053488702238047, 12.112904340935183, 12.686240939278715, 12.741535232965829]}, {"gosnr_load_qot_27": [7.413667360044118, 11.133532771990424, 10.701240071264007, 8.647970763808862, 9.807373806677354, 9.192586907382367, 8.448473547440184, 11.61138292042536, 8.582371485948556, 7.917760868412711, 10.089464811499536, 9.644491361852875, 10.574297115877291, 7.083101317915766, 10.987428062093327, 11.176751719588253, 7.32882042201203, 11.658281364634153, 8.734890395139711, 11.26843422212145, 11.105469659604491, 9.335140693294065, 8.978961681093494, 11.21387279558379, 10.483309686346583, 9.582234684115495, 8.303528454724853]}]}