{"tests_qot": [{"osnr_load_qot_54": [10.202439739601296, 10.20357428951369, 10.205842500370494, 10.20924259655579, 10.211507849080945, 10.212640032326547, 10.213771920432803, 10.214903513553516, 10.216034811842396, 10.218296524538824, 10.219426939253175, 10.220557059749279, 10.221686886180239, 10.222816418699042, 10.225074602611443, 10.227331612707978, 10.229587450208154, 10.232969010503387, 10.234095612288211, 10.235221921835798, 10.237473664825352, 10.238599098570077, 10.239724240683083, 10.240849091315445, 10.24197365061815, 10.243097918742023, 10.244221895837804, 10.246468977547472, 10.24871489695067, 10.249837421162926, 10.250959655249044, 10.252081599358949, 10.253203253642411, 10.256566479030553, 10.257686975504011, 10.258807182898313, 10.259927101362557, 10.261046731045738, 10.265522364943626, 10.267758453071487, 10.269993390233829, 10.27111042757305, 10.272227177614791, 10.273343640506793, 10.274459816396666, 10.27557570543191, 10.278921652883202, 10.280036395972692, 10.281150852943355, 10.282265023942024, 10.285605822572574, 10.286718851149201, 10.287831594486265, 10.288944052729878]}, {"gosnr_load_qot_54": [9.838981329596049, 9.809014578722987, 9.939363675203442, 9.936248240638012, 9.864614750634592, 9.794756357097329, 9.831658939598954, 9.927347058249845, 9.924427083465531, 9.927259228520747, 9.943847607876895, 9.843685272271248, 9.786101005457109, 9.922559059176148, 9.884538939672117, 9.88626885931572, 9.80703868580537, 9.856435691111784, 9.857195531657547, 9.81883155074717, 9.80877671212367, 9.828686862588235, 9.947805280425742, 9.985434607188648, 9.833820203800679, 9.82470377754363, 9.844684797223978, 9.894641793831635, 9.80273994517521, 9.797572058155886, 9.884395107803707, 9.836875087185572, 9.80860503795974, 9.88949408238035, 9.896805607298052, 9.831329941776012, 9.787352307957796, 9.824196050227856, 9.830132228663619, 9.79928760578147, 9.856272149608142, 9.870273663118388, 9.784251759990646, 9.855847204608908, 9.881531602686943, 9.849572779418676, 9.838961248344567, 9.811769053001285, 9.938484712654091, 9.902228349615138, 9.916885683916195, 9.84229094970567, 9.912152743397693, 9.820021890833255]}]}