{"tests_qot": [{"osnr_load_qot_81": [10.199034310069003, 10.200169750034046, 10.201304893159762, 10.202439739601296, 10.20357428951369, 10.204708543051822, 10.205842500370494, 10.206976161624372, 10.208109526968002, 10.20924259655579, 10.210375370542046, 10.211507849080945, 10.212640032326547, 10.213771920432803, 10.214903513553516, 10.216034811842396, 10.217165815453013, 10.218296524538824, 10.219426939253175, 10.220557059749279, 10.221686886180239, 10.222816418699042, 10.223945657458524, 10.225074602611443, 10.226203254310438, 10.227331612707978, 10.228459677956451, 10.229587450208154, 10.230714929615214, 10.231842116329648, 10.232969010503387, 10.234095612288211, 10.235221921835798, 10.236347939297696, 10.237473664825352, 10.238599098570077, 10.239724240683083, 10.240849091315445, 10.24197365061815, 10.243097918742023, 10.244221895837804, 10.245345582056133, 10.246468977547472, 10.247592082462234, 10.24871489695067, 10.249837421162926, 10.250959655249044, 10.252081599358949, 10.253203253642411, 10.254324618249148, 10.255445693328705, 10.256566479030553, 10.257686975504011, 10.258807182898313, 10.259927101362557, 10.261046731045738, 10.262166072096734, 10.263285124664298, 10.264403888897087, 10.265522364943626, 10.266640552952325, 10.267758453071487, 10.268876065449293, 10.269993390233829, 10.27111042757305, 10.272227177614791, 10.273343640506793, 10.274459816396666, 10.27557570543191, 10.276691307759924, 10.277806623527955, 10.278921652883202, 10.280036395972692, 10.281150852943355, 10.282265023942024, 10.283378909115406, 10.284492508610096, 10.285605822572574, 10.286718851149201, 10.287831594486265, 10.288944052729878]}, {"gosnr_load_qot_81": [9.702192054909034, 9.745722297795554, 9.68446759742624, 9.683512810176614, 9.68683778294997, 9.680317913167492, 9.686271735398535, 9.681424324968953, 9.74878096824618, 9.681508706978551, 9.789781646863906, 9.6918095986811, 9.726325283721547, 9.680235352871492, 9.680449276873267, 9.811238253800683, 9.723219150982057, 9.829885593569285, 9.737201916289486, 9.695671436899529, 9.685571031610923, 9.729646650187544, 9.680137057844219, 9.764795464652744, 9.6892797541505, 9.68459076158593, 9.70600500279733, 9.69289731725203, 9.680042061176197, 9.7040481418076, 9.91618303614608, 9.68095596614041, 9.756139023494834, 9.696369559253055, 9.689934153286732, 9.705966058415818, 9.69913925956001, 9.688285233778025, 9.842778387494707, 9.797315996171033, 9.74120237396577, 9.680094403385016, 9.776992675701702, 9.68384609686843, 9.714986248500088, 9.682548335536579, 9.728270144724274, 9.68002898421098, 9.682001094751314, 9.68720879224816, 9.715182244115804, 9.680589151265785, 9.688211133755834, 9.697174825980136, 9.691621153878561, 9.710248132545988, 9.70231177744237, 9.693942140099152, 9.683165213694261, 9.680733990158187, 9.786215635590715, 9.681995928303566, 9.694246571083609, 9.708069169524787, 9.681087645500554, 9.71756689767441, 9.685399223226542, 9.720305926158497, 9.737048568468708, 9.858088023782068, 9.721098393067129, 9.769109947979683, 9.690415913655979, 9.69876008221282, 9.712550508604986, 9.700431033694644, 9.682694198611282, 9.710207680118668, 9.750673067147982, 9.733210151257266, 9.762232875082436]}]}