{"tests_qot": [{"osnr_load_qot_27": [20.925470061746875, 20.947504791081386, 20.954837468576905, 20.998705547774883, 21.035095389464544, 21.049609039738577, 21.064098603177523, 21.071334368297766, 21.078564130852875, 21.100217466770978, 21.12181700844594, 21.136186901694312, 21.1648553927259, 21.172007699017556, 21.186294575846173, 21.214797562006055, 21.264451784114343, 21.278586115344275, 21.292697164421376, 21.327873251736893, 21.36290490350026, 21.383854884043924, 21.397792885060998, 21.40475330802, 21.4117080207108, 21.48094241419767, 21.487834712886475]}, {"gosnr_load_qot_27": [20.761968525820617, 21.117413861321065, 21.085027287923886, 20.78302424358227, 20.969835060398246, 20.903660976487863, 20.823606432239174, 21.266049483520376, 20.796462410676504, 20.835020088196707, 21.02685628751095, 20.917440022437734, 21.05951429917414, 20.778592753660774, 21.13931790515821, 21.15973890711327, 20.75391756441101, 21.275282628699507, 20.816174389687493, 21.150679540037917, 21.104843150064934, 20.920341641395392, 20.88531025430184, 21.151884509243324, 21.059998784777015, 20.916385625058314, 20.83486836776714]}]}