{"tests_qot": [{"osnr_load_qot_54": [21.168411527923, 21.169544711662898, 21.171810190176245, 21.175206187850122, 21.17746870803686, 21.178599525114016, 21.179730047052317, 21.18086027400559, 21.18199020612753, 21.184249186491595, 21.185378235040524, 21.186506989371708, 21.187635449638258, 21.18876361599314, 21.191019067579244, 21.19327334535148, 21.195526450529393, 21.198903912344996, 21.20002914797095, 21.201154091360177, 21.203403102034525, 21.204527169622406, 21.20565094557907, 21.206774430055596, 21.20789762320296, 21.209020525172004, 21.210143136113473, 21.212387485516004, 21.214630672614078, 21.215751830674535, 21.216872698609357, 21.217993276568464, 21.219113564701644, 21.222472691641943, 21.223591821967133, 21.22471066321367, 21.225829215530652, 21.226947479067082, 21.23141764838298, 21.233651004222878, 21.235883209099285, 21.236998880296287, 21.238114264196323, 21.239229360947117, 21.240344170696286, 21.241458693591333, 21.244800542625057, 21.245913919576367, 21.247027010409354, 21.248139815270854, 21.251476515492918, 21.252588177934406, 21.253699555136816, 21.254810647246295]}, {"gosnr_load_qot_54": [20.80347266483097, 20.773789457172146, 20.902643674664624, 20.90012521357947, 20.828928449966426, 20.759575304047896, 20.79599420219392, 20.89126704874215, 20.888404206668085, 20.89108035254518, 20.907501348342596, 20.808210239121493, 20.75100457678483, 20.88597863798799, 20.848832259752342, 20.850417162150237, 20.77163377746367, 20.8206625377166, 20.821697414079182, 20.783526284412, 20.77331026491112, 20.793064332987367, 20.911561287899197, 20.948867754379275, 20.798418547795492, 20.789247241900192, 20.80929141750954, 20.858482557554723, 20.76735827529899, 20.76239614116443, 20.848313859801966, 20.80129385030039, 20.77313245952947, 20.853750194250885, 20.860957540483792, 20.795958161612994, 20.752259834160355, 20.78872119835463, 20.794672635639667, 20.763944492391005, 20.82035363459372, 20.834467385986557, 20.749179316078248, 20.82021715094095, 20.845783797280838, 20.81412048373902, 20.803276805251972, 20.77651179052607, 20.90174903345742, 20.866015308947613, 20.88039707898431, 20.806911491631865, 20.87618819019799, 20.784438952926454]}]}