{"tests_qot": [{"osnr_load_qot_81": [21.165010196911183, 21.166144270702233, 21.167278047654456, 21.168411527923, 21.169544711662898, 21.17067759902905, 21.171810190176245, 21.172942485259153, 21.174074484432303, 21.175206187850122, 21.17633759566692, 21.17746870803686, 21.178599525114016, 21.179730047052317, 21.18086027400559, 21.18199020612753, 21.18311984357171, 21.184249186491595, 21.185378235040524, 21.186506989371708, 21.187635449638258, 21.18876361599314, 21.189891488589222, 21.191019067579244, 21.192146353115827, 21.19327334535148, 21.194400044438577, 21.195526450529393, 21.196652563776066, 21.19777838433063, 21.198903912344996, 21.20002914797095, 21.201154091360177, 21.20227874266422, 21.203403102034525, 21.204527169622406, 21.20565094557907, 21.206774430055596, 21.20789762320296, 21.209020525172004, 21.210143136113473, 21.21126545617797, 21.212387485516004, 21.21350922427795, 21.214630672614078, 21.215751830674535, 21.216872698609357, 21.217993276568464, 21.219113564701644, 21.22023356315859, 21.221353272088876, 21.222472691641943, 21.223591821967133, 21.22471066321367, 21.225829215530652, 21.226947479067082, 21.228065453971823, 21.229183140393644, 21.23030053848119, 21.23141764838298, 21.232534470247444, 21.233651004222878, 21.234767250457466, 21.235883209099285, 21.236998880296287, 21.238114264196323, 21.239229360947117, 21.240344170696286, 21.241458693591333, 21.242572929779648, 21.2436868794085, 21.244800542625057, 21.245913919576367, 21.247027010409354, 21.248139815270854, 21.24925233430757, 21.250364567666097, 21.251476515492918, 21.252588177934406, 21.253699555136816, 21.254810647246295]}, {"gosnr_load_qot_81": [20.66796748413106, 20.711227989216052, 20.65013888519853, 20.64919985579971, 20.652473508469274, 20.646077282833865, 20.65209739748703, 20.647151836068534, 20.713766086550084, 20.647324207535828, 20.754385761583602, 20.65737951839552, 20.691963829938626, 20.64603240789173, 20.646251855010796, 20.776225457961118, 20.688877461664514, 20.794714399030163, 20.702297263290284, 20.66147420469193, 20.651225255941917, 20.695263540015564, 20.645905401717727, 20.72963053733744, 20.65510133958828, 20.650416312529817, 20.671761933612068, 20.658709509379243, 20.645818628181015, 20.669814762380728, 20.880250364688543, 20.646694968654113, 20.721568111842306, 20.661884631190933, 20.655527929523707, 20.671374499693925, 20.66462258365899, 20.653900871252393, 20.806896823103944, 20.762419163871996, 20.70674028283985, 20.645885297799737, 20.74226051065113, 20.649670756527815, 20.68069432254889, 20.64836954166282, 20.693452034078387, 20.645813058002123, 20.647716164382874, 20.65303366771043, 20.6804946225891, 20.64633875575112, 20.654034653232735, 20.662971866211798, 20.65743709047144, 20.675982801996952, 20.667759792277636, 20.65948593684679, 20.64898842574966, 20.646541473189313, 20.751409513826182, 20.64781456603906, 20.660054380987177, 20.673815471961348, 20.646899431489217, 20.683259819664222, 20.65122510904226, 20.685982306946617, 20.7026154644492, 20.822672190556823, 20.686351117763305, 20.734439807155294, 20.656234975968076, 20.664550680060504, 20.678272464512947, 20.66621444069291, 20.648395806761947, 20.675571342459907, 20.716142735303418, 20.698803254530837, 20.727615822553304]}]}