{"tests": [{"osnr_load_27": [8.027254535869178, 8.253826482766177, 8.328675655220847, 8.770670103527905, 9.1296865434, 9.270921465604388, 9.410801760328674, 9.480234202141247, 9.549328372229539, 9.754583174791714, 9.95680149110456, 10.089930726934316, 10.352163401554899, 10.41688537897808, 10.545329303082314, 10.798232450796437, 11.228134136328032, 11.34802725664763, 11.466627231748097, 11.757515986085988, 12.04048394659778, 12.206515913081663, 12.315660042425078, 12.369772359272645, 12.423579729014193, 12.945148765766545, 12.995682934520731]}, {"gosnr_load_27": [8.257982602885305, 11.578427639331935, 11.145734890179906, 9.318078833698307, 10.342519099928381, 9.80114615033016, 9.151048591219944, 12.083343273846534, 9.263161524757532, 8.69643798729942, 10.596177282765458, 10.19410385114185, 11.029476407174357, 7.976056065223011, 11.410544875642634, 11.592465952288428, 8.184598658182129, 12.128896355666628, 9.396568025808552, 11.70507120258922, 11.559462037707458, 9.92644562138713, 9.614630962669784, 11.637603220378136, 10.948028898445777, 10.139880678924882, 9.027648745496204]}]}