{"tests": [{"osnr_load_54": [10.70881425075691, 10.709948785966505, 10.712216967417714, 10.71561701949462, 10.717882242614182, 10.719014411156994, 10.720146284560458, 10.72127786297838, 10.72240914656447, 10.724670829855318, 10.725801229866885, 10.726931335660199, 10.728061147388377, 10.729190665204388, 10.731448819711229, 10.733705800402195, 10.735961608496812, 10.73934312468371, 10.740469711765758, 10.741596006610568, 10.743847720194573, 10.744973139236524, 10.746098266646758, 10.74722310257635, 10.748347647176281, 10.749471900597387, 10.750595862990401, 10.752842915294533, 10.7550888052922, 10.756211314801687, 10.75733353418504, 10.758455463592183, 10.759577103172886, 10.762940284452744, 10.764060766223448, 10.765180958914991, 10.766300862676474, 10.767420477656898, 10.77189605274377, 10.774132111466123, 10.776367019222974, 10.777484041859449, 10.778600777198442, 10.779717225387696, 10.780833386574821, 10.78194926090732, 10.785295164250382, 10.78640989263713, 10.787524334905054, 10.788638491200981, 10.791979245723319, 10.79309225959721, 10.79420498823154, 10.795317431772416]}, {"gosnr_load_54": [10.345766513841903, 10.315834717323074, 10.445991044548343, 10.4429686125196, 10.371380309049007, 10.30157884349066, 10.33841716615272, 10.43407125209572, 10.431159308749823, 10.433967820272565, 10.450535343175211, 10.350477282200398, 10.292934038367092, 10.429202841074721, 10.39130781383941, 10.393015460669531, 10.313829872667759, 10.363184899905322, 10.363988306253164, 10.325642238212788, 10.315558767630266, 10.335450773337724, 10.454510442502631, 10.492101498994984, 10.340620565666773, 10.331492541457239, 10.351489992080559, 10.40134270667792, 10.309533406387242, 10.304396259099917, 10.391104937455076, 10.343648157553334, 10.315386072458438, 10.396258723712155, 10.403556244906936, 10.338134201072037, 10.294186365311361, 10.330981765067914, 10.336922269776462, 10.306086027551355, 10.362998409773255, 10.377022175243013, 10.291087976732074, 10.362618759878416, 10.388293012616476, 10.356370286263152, 10.345718741345223, 10.318585018744619, 10.445109319919634, 10.408923285747216, 10.423542051912534, 10.349097558663171, 10.418890094598677, 10.326789231898484]}]}