{"tests": [{"osnr_load_81": [10.705408865332966, 10.706544290595211, 10.70767941901812, 10.708814250756857, 10.70994878596645, 10.711083024801786, 10.71221696741766, 10.713350613968743, 10.71448396460957, 10.715617019494566, 10.716749778778027, 10.717882242614131, 10.719014411156941, 10.720146284560405, 10.721277862978326, 10.722409146564416, 10.723540135472243, 10.724670829855265, 10.725801229866828, 10.726931335660145, 10.72806114738832, 10.729190665204333, 10.730319889261036, 10.731448819711176, 10.732577456707382, 10.733705800402145, 10.734833850947837, 10.735961608496758, 10.737089073201041, 10.738216245212692, 10.73934312468366, 10.740469711765705, 10.741596006610514, 10.742722009369635, 10.74384772019452, 10.744973139236471, 10.746098266646705, 10.747223102576298, 10.748347647176226, 10.749471900597333, 10.750595862990348, 10.751719534505904, 10.752842915294478, 10.753966005506472, 10.755088805292143, 10.756211314801636, 10.757333534184987, 10.75845546359213, 10.75957710317283, 10.760698453076811, 10.761819513453602, 10.762940284452696, 10.764060766223393, 10.765180958914938, 10.766300862676419, 10.767420477656845, 10.768539804005089, 10.769658841869902, 10.77077759139993, 10.771896052743719, 10.773014226049666, 10.774132111466075, 10.775249709141132, 10.77636701922292, 10.777484041859394, 10.778600777198388, 10.779717225387643, 10.78083338657477, 10.781949260907266, 10.783064848532538, 10.784180149597827, 10.785295164250325, 10.786409892637076, 10.787524334905001, 10.788638491200931, 10.789752361671576, 10.790865946463523, 10.791979245723265, 10.79309225959716, 10.794204988231487, 10.795317431772364]}, {"gosnr_load_81": [10.209135708055676, 10.252637249839253, 10.191389284891656, 10.190436679535026, 10.193754614112173, 10.187252169350282, 10.193218295597916, 10.188353911430326, 10.25561491789819, 10.188452174194815, 10.296568701038733, 10.198717628497885, 10.233255001619678, 10.187175516909594, 10.187390377547034, 10.318092547664135, 10.23015099810923, 10.336720974384077, 10.244049545246085, 10.202617343565185, 10.192490378277586, 10.23657400982514, 10.187072670413498, 10.271610889642764, 10.196226616209177, 10.191536777179294, 10.21294694406454, 10.19984383615004, 10.186978938760973, 10.210990992383726, 10.422926741095669, 10.187887215267606, 10.263045229283463, 10.203270385374354, 10.196845350737537, 10.212853114126695, 10.206035957535589, 10.195199355999353, 10.349506073677361, 10.30418406507303, 10.248120962678428, 10.187033553269401, 10.283880151566184, 10.190791738686006, 10.221923329546591, 10.189493026853855, 10.235128570506305, 10.186967039673998, 10.188928902934036, 10.194155522514315, 10.222057079758123, 10.187521954828727, 10.195157964989363, 10.204120303435701, 10.198567861555892, 10.217187906136795, 10.209203913794413, 10.200846726413547, 10.190110414171553, 10.187675952302037, 10.293094422121069, 10.188940042127118, 10.201192823867956, 10.21501008779039, 10.188030395939453, 10.22450240790986, 10.192345545031685, 10.227239697391086, 10.243970402827195, 10.364894048830564, 10.22796570417929, 10.276004668641432, 10.197362735071291, 10.205705043818947, 10.219489006661384, 10.207375388747215, 10.189620104382316, 10.217089021642602, 10.257583921842492, 10.240134894770724, 10.269133758804632]}]}