{"tests": [{"osnr_load_27": [14.001441688839606, 14.080176536418076, 14.106314372140185, 14.262020666334092, 14.39031469573191, 14.441262163777912, 14.491998850345023, 14.517288304724827, 14.542525249422798, 14.617921653464698, 14.69284774588951, 14.742538046893927, 14.841295973834123, 14.86585611732648, 14.914821666494984, 15.012135710911432, 15.180467064878195, 15.228104365009425, 15.275539432648007, 15.39324613453636, 15.509701650740588, 15.578978262363265, 15.624915303721345, 15.64780984309017, 15.670655163798298, 15.896418404951442, 15.918727456162937]}, {"gosnr_load_27": [13.971237802466828, 15.256262046171736, 15.044648251109455, 14.281816869530537, 14.708370431375418, 14.501901119423339, 14.261233262339093, 15.579011018510338, 14.275119616221723, 14.13947145331274, 14.825849747333443, 14.62712242978519, 14.988628439158159, 13.901100166364643, 15.172961195277097, 15.258571531291881, 13.945607474079466, 15.60309849252291, 14.326366263431701, 15.323137293494156, 15.249487538536773, 14.550059198022014, 14.43535142992416, 15.281811064303541, 14.961452673607468, 14.610146751376316, 14.233413463504014]}]}