{"tests": [{"osnr_load_54": [14.952406770241142, 14.95354108411274, 14.955808822888052, 14.959208210951282, 14.961472991395194, 14.962604938600217, 14.963736590665913, 14.964867947746097, 14.96599900999447, 14.968260250609964, 14.969390429283887, 14.970520313739588, 14.971649904130173, 14.972779200608615, 14.975036912440405, 14.977293450456408, 14.979548815876175, 14.982929668050968, 14.984056033795696, 14.985182107303212, 14.987433378212708, 14.988558575917448, 14.989683481990488, 14.990808096582919, 14.9919324198457, 14.993056451929691, 14.994180192985615, 14.996426802615638, 14.998672249939284, 14.999794538111813, 15.000916536158224, 15.002038244228439, 15.003159662472257, 15.006522179741577, 15.007642440175486, 15.00876241153026, 15.009882093955005, 15.011001487598712, 15.015476177338948, 15.01771179338814, 15.019946258471927, 15.021063059771901, 15.022179573774428, 15.023295800627238, 15.024411740477941, 15.025527393474045, 15.028872632808067, 15.029987139858518, 15.031101360790176, 15.032215295749854, 15.035555386263596, 15.036668178801351, 15.037780686099552, 15.038892908304337]}, {"gosnr_load_54": [14.590014918669688, 14.5601960835536, 14.689739064213374, 14.68699520577182, 14.615562718411992, 14.54595128774925, 14.58258718656869, 14.678111872497809, 14.675224765109798, 14.677961884953616, 14.694462260238232, 14.594744713065278, 14.537340436627787, 14.673004796221825, 14.635494343413223, 14.637134986826386, 14.55810535727107, 14.60732085878937, 14.608254122725182, 14.56997257591592, 14.559806491158604, 14.579638618687556, 14.69848822081633, 14.735953872637861, 14.584915772362114, 14.575755735790912, 14.595796503102834, 14.645323386462517, 14.553816909021126, 14.548773020638512, 14.635115221536033, 14.587860998766246, 14.559630796509616, 14.640431173577786, 14.647684753578645, 14.582441760393694, 14.538595466767516, 14.575236001031149, 14.58118771983518, 14.550385326336517, 14.60706589884781, 14.621152050265522, 14.535504407321373, 14.60682160936191, 14.632458130018689, 14.600652432990806, 14.589884472329807, 14.56293313786963, 14.688849352579949, 14.652883908995602, 14.667383244565057, 14.593408981495097, 14.662974451683876, 14.570989804048565]}]}