{"tests": [{"osnr_load_81": [14.949002048831323, 14.950137252755509, 14.951272159840386, 14.952406770241106, 14.953541084112704, 14.95467510161008, 14.95580882288802, 14.956942248101186, 14.958075377404121, 14.959208210951246, 14.96034074889687, 14.961472991395162, 14.962604938600183, 14.963736590665878, 14.964867947746063, 14.965999009994436, 14.967129777564567, 14.968260250609928, 14.969390429283855, 14.970520313739556, 14.971649904130139, 14.972779200608581, 14.973908203327749, 14.975036912440371, 14.97616532809908, 14.977293450456372, 14.97842127966464, 14.979548815876143, 14.980676059243025, 14.981803009917321, 14.982929668050936, 14.984056033795664, 14.985182107303181, 14.986307888725037, 14.987433378212675, 14.988558575917414, 14.989683481990454, 14.990808096582883, 14.991932419845666, 14.993056451929657, 14.994180192985581, 14.995303643164064, 14.996426802615604, 14.997549671490578, 14.99867224993925, 14.999794538111779, 15.00091653615819, 15.002038244228403, 15.003159662472223, 15.004280791039324, 15.00540163007928, 15.006522179741545, 15.00764244017545, 15.008762411530226, 15.009882093954968, 15.011001487598678, 15.012120592610225, 15.013239409138368, 15.014357937331752, 15.015476177338915, 15.016594129308265, 15.017711793388104, 15.018829169726624, 15.019946258471894, 15.021063059771869, 15.022179573774396, 15.023295800627203, 15.024411740477907, 15.025527393474011, 15.026642759762902, 15.027757839491859, 15.028872632808032, 15.029987139858484, 15.03110136079014, 15.032215295749818, 15.033328944884241, 15.034442308339992, 15.03555538626356, 15.036668178801317, 15.037780686099516, 15.038892908304305]}, {"gosnr_load_81": [14.45389605491117, 14.497299689406633, 14.436088969097923, 14.435143144482133, 14.438439137968713, 14.431990538583669, 14.437991754962056, 14.433078028707536, 14.500034616580876, 14.433217719612859, 14.540836765320563, 14.443374487596987, 14.477966986107871, 14.431931551460158, 14.432149149794204, 14.562555264392305, 14.47487021161669, 14.581121874319473, 14.488513349054983, 14.447386236957307, 14.437182765882383, 14.4812780203522, 14.431815140342, 14.515970753288148, 14.44100014100833, 14.436309077126026, 14.45770111508255, 14.444615329994935, 14.431725212710552, 14.455748424867146, 14.667028888516318, 14.432616427640871, 14.507678613660321, 14.447904463893732, 14.441512190564653, 14.457443397068957, 14.45065693727323, 14.439875388160253, 14.593581712069689, 14.548691888585815, 14.492795534405516, 14.43178659838767, 14.528451704383292, 14.43556312922272, 14.466660477487531, 14.434261939226252, 14.479627121814424, 14.431716834706945, 14.433647549772637, 14.438929229377287, 14.466608297606347, 14.432255910915506, 14.439931694798416, 14.44888749642371, 14.443340274193721, 14.461934419093208, 14.453810387570151, 14.445492709249852, 14.434880675788728, 14.432437218138038, 14.537637408708854, 14.433707383273202, 14.445963147529673, 14.459760627621414, 14.432793917708917, 14.46923414307285, 14.437118534866755, 14.471965472747092, 14.488655834851992, 14.609199171126, 14.472492797572308, 14.520600089365452, 14.442135822579887, 14.450470254719171, 14.464231067167063, 14.45213832264586, 14.434332877786908, 14.461661057079686, 14.502232730820172, 14.484830092607417, 14.513749529053005]}]}