{"tests_qot": [{"osnr_load_qot_27": [6.495023832678088, 6.784090380629705, 6.87942645144232, 7.440681005231142, 7.894232354422213, 8.072035678658434, 8.247769643557275, 8.334860491722624, 8.4214339703129, 8.6780516396842, 8.930020734819447, 9.095422934986287, 9.420062961824938, 9.499942976504839, 9.658173043211706, 9.968541883730067, 10.492347311859938, 10.637540290742045, 10.780772165980306, 11.130366939765363, 11.468036963203744, 11.665025464339983, 11.794049946324094, 11.857878922028585, 11.921255615010898, 12.530701877769836, 12.589271770835031]}, {"gosnr_load_qot_27": [6.820732543116952, 10.83048616574397, 10.4109538120061, 8.189146689587051, 9.451325149998347, 8.781064598883647, 7.964946751562088, 11.266761280698468, 8.115423702263593, 7.375851152929281, 9.754543381784652, 9.277606272068441, 10.276588358125114, 6.452662838736574, 10.711074034021465, 10.902441352931291, 6.726981217874512, 11.31372193242511, 8.282628213946413, 10.970132247876109, 10.793984603934623, 8.936732297992494, 8.546768448469841, 10.930203898398682, 10.178913043824135, 9.209303632634981, 7.803534831467182]}]}