{"tests_qot": [{"osnr_load_qot_54": [9.868391667703637, 9.869526226417943, 9.871794454878577, 9.875194577469607, 9.877459847598582, 9.878592039646097, 9.879723936554262, 9.880855538476883, 9.881986845567672, 9.884248575867916, 9.885378999384177, 9.886509128682185, 9.887638963915053, 9.888768505235761, 9.891026706751976, 9.893283734452318, 9.8955395895563, 9.898921176257245, 9.900047786843968, 9.901174105193455, 9.90342586578681, 9.904551308333435, 9.905676459248342, 9.906801318682598, 9.907925886787204, 9.909050163712976, 9.910174149610654, 9.912421248924115, 9.914667185931105, 9.915789718945256, 9.916911961833266, 9.918033914745063, 9.91915557783042, 9.922518829624241, 9.923639334899592, 9.924759551095784, 9.925879478361917, 9.92699911684699, 9.931474785952435, 9.933710891684072, 9.935945846450187, 9.937062892591294, 9.938179651434922, 9.939296123128807, 9.940412307820566, 9.941528205657695, 9.944874179514633, 9.945988931406008, 9.947103397178553, 9.948217576979104, 9.951558402015294, 9.952671439393802, 9.953784191532746, 9.954896658578237]}, {"gosnr_load_qot_54": [9.50517716044241, 9.475226107239262, 9.605487783539392, 9.602416060649043, 9.530801995626124, 9.46096863071859, 9.497841890282954, 9.593516446110403, 9.590600177190812, 9.593421267439057, 9.610000258361662, 9.509884437125052, 9.452318026910131, 9.588690458301622, 9.55072825807813, 9.552447734611286, 9.473236531776227, 9.522615027946582, 9.523395401903995, 9.48503887783328, 9.474970302387113, 9.49487241419488, 9.613966240195918, 9.65157853422695, 9.500023049862612, 9.490900930569769, 9.510890195994984, 9.560799371511491, 9.468938753340202, 9.463785210185225, 9.55055661992277, 9.503065160257572, 9.47479814311272, 9.555681535385078, 9.562986655049787, 9.497534559633536, 9.453569843308374, 9.490391754630163, 9.496330121108704, 9.46548866248563, 9.522440676323157, 9.536453026670788, 9.450470234048442, 9.522037048748146, 9.547717328932949, 9.515774682971239, 9.505144039620491, 9.47797868640407, 9.604607497448761, 9.568383309066942, 9.583022862239535, 9.508496953244972, 9.578327932110515, 9.486208837527437]}]}