{"tests_qot": [{"osnr_load_qot_81": [9.864986211765597, 9.866121660532558, 9.867256812460187, 9.868391667703637, 9.869526226417943, 9.870660488757991, 9.871794454878577, 9.872928124934369, 9.874061499079907, 9.875194577469607, 9.876327360257772, 9.877459847598582, 9.878592039646097, 9.879723936554262, 9.880855538476883, 9.881986845567672, 9.8831178579802, 9.884248575867916, 9.885378999384177, 9.886509128682185, 9.887638963915053, 9.888768505235761, 9.88989775279715, 9.891026706751976, 9.892155367252876, 9.893283734452318, 9.894411808502696, 9.8955395895563, 9.896667077765263, 9.897794273281603, 9.898921176257245, 9.900047786843968, 9.901174105193455, 9.902300131457256, 9.90342586578681, 9.904551308333435, 9.905676459248342, 9.906801318682598, 9.907925886787204, 9.909050163712976, 9.910174149610654, 9.911297844630878, 9.912421248924115, 9.91354436264077, 9.914667185931105, 9.915789718945256, 9.916911961833266, 9.918033914745063, 9.91915557783042, 9.920276951239051, 9.921398035120498, 9.922518829624241, 9.923639334899592, 9.924759551095784, 9.925879478361917, 9.92699911684699, 9.928118466699875, 9.929237528069333, 9.930356301104007, 9.931474785952435, 9.932592982763019, 9.933710891684072, 9.934828512863763, 9.935945846450187, 9.937062892591294, 9.938179651434922, 9.939296123128807, 9.940412307820566, 9.941528205657695, 9.94264381678759, 9.943759141357505, 9.944874179514633, 9.945988931406008, 9.947103397178553, 9.948217576979104, 9.949331470954366, 9.950445079250938, 9.951558402015294, 9.952671439393802, 9.953784191532746, 9.954896658578237]}, {"gosnr_load_qot_81": [9.368459070694716, 9.411976880025678, 9.35072383341798, 9.349770050055145, 9.353091790611895, 9.346579965265416, 9.352539727441302, 9.347684205464557, 9.414997485487017, 9.347775125483365, 9.455977111018496, 9.358059584559014, 9.392586335743184, 9.3465001847307, 9.346714555017497, 9.477465921288958, 9.38948112844815, 9.496104828870553, 9.403424585948667, 9.361939352822823, 9.351826192555723, 9.395906674327572, 9.346399744169352, 9.431003659803709, 9.355547962389391, 9.3508584558284, 9.372271306756689, 9.359165453047197, 9.346305340815583, 9.370314825554104, 9.582361321219523, 9.347216618010302, 9.422389747653302, 9.362616265599279, 9.356185584482429, 9.37220651775874, 9.36538409045648, 9.354538001532987, 9.50894724085053, 9.463549797776418, 9.407458555850587, 9.346358754252591, 9.443235103429924, 9.350113596794149, 9.381250486252965, 9.348815355988148, 9.394497676062992, 9.346292818148246, 9.348260152101496, 9.353476887435225, 9.38141717754904, 9.34685052604547, 9.354479301163416, 9.363442576893918, 9.357889347109335, 9.376513520789835, 9.368554538772548, 9.36019055712076, 9.349432489061488, 9.34699968093508, 9.45245420384463, 9.348262663251077, 9.360514614840834, 9.374335042839448, 9.347353716149954, 9.383830459747955, 9.351667081545449, 9.386568737323984, 9.403306175122722, 9.524294156138474, 9.387329930133381, 9.4353555891039, 9.356684130744725, 9.365027629355469, 9.378815353243981, 9.36669833648732, 9.348952377228928, 9.376445553768445, 9.416925843684133, 9.39946903218405, 9.428481245791813]}]}