{"tests_qot": [{"osnr_load_qot_54": [23.216714434341252, 23.217846723154093, 23.22011041181572, 23.22350372471799, 23.225764455060972, 23.226894377217437, 23.228024004235856, 23.229153336270034, 23.230282373473678, 23.232539564003545, 23.233667717636564, 23.234795577052644, 23.235923142404875, 23.23705041384624, 23.239304075607706, 23.241556563558483, 23.243807878918123, 23.247182656012292, 23.2483069967327, 23.249431045217168, 23.25167826608439, 23.252801438769907, 23.253924319825, 23.255046909400754, 23.25616920764814, 23.257291214718006, 23.25841293076109, 23.26065549036924, 23.26289688767612, 23.26401715084218, 23.26513712388339, 23.266256806949688, 23.26737620019086, 23.270732642459894, 23.271850877896256, 23.272968824254757, 23.27408648168451, 23.2752038503345, 23.279670440112614, 23.28190200618839, 23.284132421303873, 23.285247197621604, 23.28636168664316, 23.287475888516276, 23.288589803388568, 23.289703431407528, 23.293042595817774, 23.294155077896185, 23.29526727385707, 23.29637918384726, 23.299713199460182, 23.300823967033544, 23.301934449368634, 23.30304464661158]}, {"gosnr_load_qot_54": [22.863483662035783, 22.834937037177955, 22.95755172653636, 22.957999905639905, 22.888295230687902, 22.820807736263546, 22.855150145447148, 22.949269971748166, 22.94666535012983, 22.948585811822888, 22.96433002235515, 22.868435774779204, 22.81257972292554, 22.941421584811636, 22.90829078972091, 22.90916391012505, 22.83185860323169, 22.87951346095394, 22.88193787680212, 22.844365326224555, 22.833242470216142, 22.852403702628337, 22.968942727108423, 23.00500219976479, 22.858917545149268, 22.849382448162636, 22.869937070319743, 22.915766311682084, 22.82765867183536, 22.823681358761092, 22.905889165692678, 22.860919760900913, 22.833032201831035, 22.913070171473326, 22.919825592036986, 22.856583297276288, 22.81386682363893, 22.84875945250718, 22.854844814958724, 22.824405607782875, 22.878472684906907, 22.893286362785247, 22.810857399446235, 22.879781430160836, 22.905006304332453, 22.874517328405307, 22.86240424632382, 22.83752424233594, 22.956569713494712, 22.923103141636325, 22.936245137586972, 22.867603958185963, 22.93462155172425, 22.84389380853974]}]}