{"tests_qot": [{"osnr_load_qot_27": [7.0084358188464115, 7.275221939273111, 7.363260094736789, 7.882099125611064, 8.30212455647436, 8.466985937649435, 8.63004698298191, 8.710902444124208, 8.791307988201574, 9.029826833777683, 9.264304490745458, 9.418382657678455, 9.721180218439445, 9.795766740811331, 9.943609286778662, 10.233995479249003, 10.725332813744345, 10.861822492497545, 10.99660085537852, 11.326134291020951, 11.645232571181348, 11.831769119406896, 11.954105405260636, 12.01467268188943, 12.074841912173595, 12.65507756333232, 12.711000588186842]}, {"gosnr_load_qot_27": [7.300804059968624, 11.074009928032842, 10.644248627534658, 8.559849384502087, 9.73822750582465, 9.113192513568805, 8.355789058160743, 11.544750146029298, 8.492749715709241, 7.81429509792816, 10.024244085609705, 9.573322510454346, 10.515908574789343, 6.963312773225091, 10.933063113695553, 11.122751216436724, 7.214316357030555, 11.59169703433747, 8.647978346318858, 11.209884076001321, 11.04432879515253, 9.258169107814384, 8.89575182757523, 11.158077599471753, 10.423705386073152, 9.509950821717478, 8.207801815045272]}]}