{"tests_qot": [{"osnr_load_qot_54": [10.137558138756662, 10.138692690432025, 10.14096090481477, 10.144361006288975, 10.146626262340067, 10.147758447348643, 10.148890337217868, 10.150021932101547, 10.151153232153398, 10.153414948375765, 10.154545364853087, 10.155675487112157, 10.156805315306087, 10.157934849587857, 10.1601930370262, 10.162450050648669, 10.164705891674778, 10.16808745725892, 10.169214060806711, 10.170340372117263, 10.172592118632753, 10.173717554140447, 10.174842698016421, 10.175967550411748, 10.177092111477421, 10.178216381364262, 10.17934036022301, 10.18158744545861, 10.183833368387742, 10.184955894362965, 10.18607813021205, 10.187200076084919, 10.188321732131346, 10.191684962808388, 10.192805461044813, 10.19392567020208, 10.195045590429288, 10.196165221875432, 10.200640862825185, 10.202876954478974, 10.20511189516725, 10.206228934269433, 10.207345686074142, 10.208462150729105, 10.20957832838194, 10.210694219180152, 10.214040171920333, 10.21515491677279, 10.216269375506414, 10.21738354826805, 10.220724352187487, 10.22183738252708, 10.222950127627106, 10.224062587633682]}, {"gosnr_load_qot_54": [9.773789974915026, 9.743799554043177, 9.874279643148576, 9.871100192757488, 9.799436564846634, 9.72953990707316, 9.76648625156405, 9.862196501203544, 9.859271034971858, 9.862119419049854, 9.878721933948984, 9.778489152528971, 9.720877407609526, 9.857463954933813, 9.819358197719348, 9.821103434405039, 9.741843628327915, 9.791268877845681, 9.791998701563523, 9.753622903189452, 9.743587920543007, 9.763510299697964, 9.88266754824181, 9.920322709504703, 9.768618465377985, 9.759510150622878, 9.779479582728134, 9.829507723125584, 9.737543379059183, 9.732354389431606, 9.819255035955297, 9.771692104614894, 9.743416951919768, 9.824316187910505, 9.83163725772471, 9.76612555270103, 9.72212798776453, 9.75900453024273, 9.764937648648495, 9.734087669458852, 9.791121144923112, 9.805107140995908, 9.719025994060555, 9.790665007880559, 9.816356043026328, 9.784372793668167, 9.773788966620089, 9.74655686527037, 9.873402595318616, 9.837098291267983, 9.851781988814443, 9.777084793737714, 9.84699333382532, 9.754843082367803]}]}