{"tests_qot": [{"osnr_load_qot_81": [10.134152703935456, 10.135288145663473, 10.136423290552155, 10.137558138756662, 10.138692690432025, 10.139826945733128, 10.14096090481477, 10.142094567831618, 10.143227934938217, 10.144361006288975, 10.1454937820382, 10.146626262340067, 10.147758447348643, 10.148890337217868, 10.150021932101547, 10.151153232153398, 10.152284237526985, 10.153414948375765, 10.154545364853087, 10.155675487112157, 10.156805315306087, 10.157934849587857, 10.15906409011031, 10.1601930370262, 10.161321690488162, 10.162450050648669, 10.16357811766011, 10.164705891674778, 10.165833372844808, 10.166960561322213, 10.16808745725892, 10.169214060806711, 10.170340372117263, 10.171466391342133, 10.172592118632753, 10.173717554140447, 10.174842698016421, 10.175967550411748, 10.177092111477421, 10.178216381364262, 10.17934036022301, 10.180464048204305, 10.18158744545861, 10.182710552136339, 10.183833368387742, 10.184955894362965, 10.18607813021205, 10.187200076084919, 10.188321732131346, 10.189443098501052, 10.190564175343573, 10.191684962808388, 10.192805461044813, 10.19392567020208, 10.195045590429288, 10.196165221875432, 10.197284564689397, 10.198403619019928, 10.19952238501568, 10.200640862825185, 10.201759052596845, 10.202876954478974, 10.203994568619745, 10.20511189516725, 10.206228934269433, 10.207345686074142, 10.208462150729105, 10.20957832838194, 10.210694219180152, 10.21180982327113, 10.212925140802122, 10.214040171920333, 10.21515491677279, 10.216269375506414, 10.21738354826805, 10.218497435204394, 10.219611036462048, 10.220724352187487, 10.22183738252708, 10.222950127627106, 10.224062587633682]}, {"gosnr_load_qot_81": [9.636893382689355, 9.680442817774477, 9.619184285807425, 9.618228008332782, 9.621557784954538, 9.615025999489465, 9.62097126984254, 9.616135612953254, 9.683557236785166, 9.616210433928963, 9.724589667635502, 9.626535597257531, 9.661035890986948, 9.614939371425548, 9.615152647553506, 9.745999674912367, 9.657928332830252, 9.764659789118134, 9.671968916869696, 9.630371298256522, 9.62028931771206, 9.664358837734838, 9.614844212361673, 9.699584278934232, 9.623979041307303, 9.619290693110248, 9.640707459456323, 9.627596793338398, 9.614748345696022, 9.638749997938742, 9.851019194694699, 9.615666115137739, 9.690865428826589, 9.631100459405424, 9.624657994810612, 9.640706316597154, 9.633872966528884, 9.6230070825406, 9.777626584027333, 9.732068117167428, 9.675920449240847, 9.61479912224709, 9.71173170277696, 9.61854629556195, 9.649691934245618, 9.61724920583203, 9.663029827278947, 9.614734457675699, 9.616713599929797, 9.621908197296072, 9.649930797335038, 9.615298234488792, 9.622910456139813, 9.631874963213807, 9.626320516679133, 9.644952026293204, 9.637048584465655, 9.628670482346577, 9.61786572525373, 9.615436763806978, 9.720960523872332, 9.61669720355329, 9.62894621275366, 9.642772303590547, 9.615789871613284, 9.65227363124842, 9.620098933277418, 9.65501382128867, 9.671764463438246, 9.792882055222188, 9.655852050679188, 9.703844090620892, 9.625115213918637, 9.633460553911476, 9.64725525051954, 9.635131901194654, 9.617408004955157, 9.644951818037315, 9.685396343329527, 9.667924093446317, 9.696962864738484]}]}