{"tests": [{"osnr_load_27": [15.11999220811309, 15.18382908804876, 15.205033831913184, 15.331485999961652, 15.43585095733702, 15.477340696002377, 15.51868453621676, 15.539301854943828, 15.55988283195062, 15.6214081587754, 15.682608021215314, 15.723227717557506, 15.804036238472223, 15.82414887066286, 15.86426705947391, 15.944076431659633, 16.08238064739517, 16.121579541144058, 16.16063842167981, 16.25767557869055, 16.353846065113796, 16.411134880420203, 16.449155957141024, 16.46811520289788, 16.487040319316357, 16.674425279626107, 16.69297825202318]}, {"gosnr_load_27": [15.057459665937571, 16.104851038902122, 15.935857664039375, 15.291208648135973, 15.655277487648044, 15.485089508156953, 15.286649419335037, 16.387141044765105, 15.28978852892858, 15.19988085058628, 15.757458685743746, 15.58127934144143, 15.887371649501727, 15.009846653718109, 16.046031033949014, 16.115930612308382, 15.036527823144581, 16.407698029647488, 15.332706117934617, 16.163594479524605, 16.09695097142384, 15.525063140021349, 15.43115351565489, 16.131978819841656, 15.867154003597888, 15.568426891452663, 15.269065847399869]}]}