{"tests": [{"osnr_load_54": [15.88772783571072, 15.888862064286853, 15.891129632471285, 15.894528764648312, 15.896793374501497, 15.897925236411181, 15.899056803181553, 15.900188074966428, 15.901319051919508, 15.903580121944465, 15.904710215323144, 15.905840014483616, 15.906969519578986, 15.908098730762228, 15.91035627200367, 15.912612639429383, 15.914867834258926, 15.918248430548498, 15.919374710998184, 15.920500699210674, 15.922751799530161, 15.92387691193992, 15.925001732718, 15.92612626201548, 15.92725049998333, 15.9283744467724, 15.929498102533424, 15.931744541573687, 15.93398981830764, 15.935112021185345, 15.93623393393695, 15.937355556712372, 15.93847688966141, 15.941839151046494, 15.942959326185688, 15.944079212245763, 15.945198809375825, 15.946318117724864, 15.95079246628659, 15.953027911746618, 15.955262206241303, 15.95637892224675, 15.957495350954767, 15.958611492513079, 15.9597273470693, 15.960842914770943, 15.964187898221663, 15.96530231997771, 15.966416455614977, 15.967530305280288, 15.97087013991101, 15.971982847154461, 15.973095269158366, 15.974207406068874]}, {"gosnr_load_54": [15.523452651325124, 15.49351756907122, 15.623708976410972, 15.620638934911536, 15.549063734796187, 15.479267656548108, 15.516121302773149, 15.611744185113501, 15.608829508129617, 15.611649058415242, 15.628218979051077, 15.528157407897702, 15.4706216300485, 15.60692083114086, 15.568979247516237, 15.570697794121307, 15.491529050625275, 15.54088116951811, 15.541661124200356, 15.503325119273034, 15.4932619001496, 15.51315341235517, 15.632182785981373, 15.669774354833145, 15.518301296945236, 15.509184047768926, 15.52916262796572, 15.579044909047454, 15.48723355385188, 15.482082743705616, 15.56880770216611, 15.521341780943839, 15.493089832353332, 15.573929844992357, 15.581231006849379, 15.515814136285451, 15.471872784634774, 15.508675143366997, 15.514610341003706, 15.483785292995854, 15.54070691155911, 15.554711722253607, 15.468774813732063, 15.540303500804738, 15.565969945857066, 15.534044496465993, 15.523419548225252, 15.496268685053867, 15.622829172290341, 15.58662473276151, 15.60125632449937, 15.52677066711138, 15.596563950538549, 15.504494455761897]}]}