{"tests": [{"osnr_load_81": [15.884323370187394, 15.885458488816068, 15.886593310605448, 15.887727835710695, 15.888862064286824, 15.889995996488755, 15.891129632471257, 15.892262972389005, 15.89339601639654, 15.894528764648284, 15.895661217298535, 15.89679337450147, 15.897925236411153, 15.899056803181526, 15.900188074966401, 15.90131905191948, 15.902449734194338, 15.903580121944438, 15.904710215323117, 15.905840014483587, 15.906969519578958, 15.908098730762202, 15.909227648186185, 15.910356272003643, 15.9114846023672, 15.912612639429355, 15.9137403833425, 15.914867834258896, 15.915994992330694, 15.917121857709915, 15.918248430548472, 15.919374710998156, 15.920500699210649, 15.921626395337494, 15.922751799530134, 15.923876911939894, 15.925001732717972, 15.92612626201545, 15.927250499983302, 15.928374446772374, 15.929498102533397, 15.930621467416993, 15.931744541573657, 15.932867325153781, 15.933989818307614, 15.935112021185319, 15.936233933936922, 15.937355556712342, 15.938476889661384, 15.939597932933722, 15.940718686678935, 15.94183915104647, 15.94295932618566, 15.944079212245734, 15.945198809375793, 15.946318117724838, 15.947437137441732, 15.948555868675239, 15.949674311574004, 15.950792466286563, 15.951910332961322, 15.953027911746586, 15.954145202790546, 15.955262206241274, 15.95637892224672, 15.95749535095474, 15.958611492513054, 15.959727347069276, 15.960842914770915, 15.961958195765355, 15.963073190199877, 15.964187898221633, 15.965302319977683, 15.96641645561495, 15.96753030528026, 15.968643869120328, 15.969757147281742, 15.970870139910984, 15.971982847154433, 15.973095269158337, 15.97420740606885]}, {"gosnr_load_81": [15.386806577103087, 15.430301709020744, 15.369080516830307, 15.36812722593703, 15.371447250903003, 15.36493878750727, 15.370895472949256, 15.36604245795963, 15.433320731979636, 15.366133331060642, 15.474278779131383, 15.376412476667854, 15.41092129733525, 15.364859048130715, 15.365073307823794, 15.495756192578352, 15.407817708481009, 15.514385169065438, 15.42175388954906, 15.380290237179075, 15.370182306649273, 15.414239904071925, 15.364758659384828, 15.449318502238947, 15.373902153289334, 15.36921506972207, 15.39061683564805, 15.37751777305959, 15.364664304730928, 15.38866136954553, 15.600595143824435, 15.365575111780734, 15.44070911667843, 15.38096679947425, 15.374539445731145, 15.390552080272519, 15.383733190682335, 15.37289271448466, 15.527220713582704, 15.48184745606246, 15.425785749953993, 15.364717690613663, 15.461543502834157, 15.368470595304064, 15.39959135052294, 15.367173024701579, 15.412831640885125, 15.364651788523583, 15.366618107372116, 15.371832148749203, 15.399757955132877, 15.36520920870143, 15.372834044453757, 15.38179268286038, 15.376242327273797, 15.394856847081694, 15.386901995680049, 15.37854234668831, 15.367789839211259, 15.36535828663634, 15.47075773499802, 15.3666206172257, 15.378866236697187, 15.392679500487219, 15.36571213918037, 15.402169981955936, 15.370023277821574, 15.404906834250705, 15.421635540614497, 15.542559395463616, 15.405667630697511, 15.453668141196587, 15.375037734210855, 15.38337691426857, 15.397157483501385, 15.385046755653866, 15.367309975215989, 15.394788915366401, 15.435248079329789, 15.41780040237425, 15.446797414678716]}]}