{"tests_qot": [{"osnr_load_qot_27": [11.839772631192469, 11.957152957061288, 11.996063286893833, 12.227258354499725, 12.416962237408708, 12.492093618868319, 12.566797586330212, 12.60398956383878, 12.641075020639448, 12.751693427040374, 12.861357406042405, 12.93393814524017, 13.077835713338452, 13.113547577057172, 13.18465724369186, 13.325624369030535, 13.568324441946807, 13.6367401615402, 13.704746211616845, 13.872977983007246, 14.03867972980441, 14.136895842310352, 14.201874328505564, 14.234214471590994, 14.266455474389169, 14.583456737438212, 14.61462048097564]}, {"gosnr_load_qot_27": [11.88571794791071, 13.758129640982105, 13.454143105117902, 12.394400118098686, 12.981495177009633, 12.683269913250916, 12.333743235626681, 14.16877498247775, 12.374506253054857, 12.122804099305446, 13.137305909542087, 12.881704507990982, 13.379874645744662, 11.75860810050565, 13.625623213590345, 13.746597986458983, 11.847748763227806, 14.200857377076499, 12.447389703068708, 13.844377339943408, 13.752169377485776, 12.752297499125117, 12.584474253848601, 13.78404730472704, 13.336125201872093, 12.854413264252711, 12.280058164814173]}]}