{"tests_qot": [{"osnr_load_qot_54": [13.25749562182974, 13.258630050388337, 13.260898018537608, 13.264297750661648, 13.266562760479362, 13.267694822371258, 13.268826589123808, 13.269958060890838, 13.27108923782604, 13.273350707815144, 13.274481001175849, 13.275611000318312, 13.276740705395646, 13.277870116560822, 13.280128057766031, 13.282384825155392, 13.284640419948456, 13.28802161618307, 13.289148096614376, 13.290274284808453, 13.292525785091023, 13.293651097482277, 13.294776118241812, 13.295900847520725, 13.297025285469973, 13.298149432240416, 13.299273287982771, 13.30152012698562, 13.303765803682019, 13.30488820654091, 13.306010319273664, 13.3071321420302, 13.30825367496033, 13.311616536288483, 13.312736911408638, 13.313856997449642, 13.314976794560604, 13.31609630289051, 13.320571451375386, 13.322807296796803, 13.325041991252753, 13.32615890723879, 13.327275535927354, 13.328391877466185, 13.329507932002901, 13.330623699685002, 13.333969283076915, 13.3350839048133, 13.33619824043087, 13.337312290076449, 13.340652724647796, 13.341765631871388, 13.34287825385541, 13.343990590746005]}, {"gosnr_load_qot_54": [12.895823916166085, 12.866025841668918, 12.995447549856507, 12.992774492607566, 12.921361886278032, 12.851779962533264, 12.888373975559734, 12.983892238735068, 12.981010693915731, 12.98373024521204, 13.000218060206015, 12.900559916846735, 12.8431754678151, 12.978722385163493, 12.941300161952507, 12.942924048348996, 12.863912467034062, 12.91310578509748, 12.914072680820386, 12.875797064873272, 12.865606936726145, 12.885429169517277, 13.004258238413751, 13.041702401225404, 12.890735379218567, 12.881564572615085, 12.901622043046368, 12.951079074061116, 12.859624895296925, 12.854603582462268, 12.940875642866702, 12.893660257779871, 12.865430422708503, 12.946234762913416, 12.953479094673728, 12.888263854301531, 12.844431537740906, 12.881042391541651, 12.886998643881324, 12.856196425428415, 12.912833158944846, 12.926939283439049, 12.841341512134699, 12.912623585702525, 12.938257592578301, 12.90647306539886, 12.895672187848202, 12.868760248242854, 12.994555532672818, 12.958636575401098, 12.97310932235111, 12.899235118648066, 12.968761765982721, 12.876781226879144]}]}