{"tests_qot": [{"osnr_load_qot_81": [13.25409055635886, 13.25522587497009, 13.256360896742002, 13.25749562182974, 13.258630050388337, 13.259764182572695, 13.260898018537608, 13.262031558437728, 13.2631648024276, 13.264297750661648, 13.265430403294179, 13.266562760479362, 13.267694822371258, 13.268826589123808, 13.269958060890838, 13.27108923782604, 13.272220120082984, 13.273350707815144, 13.274481001175849, 13.275611000318312, 13.276740705395646, 13.277870116560822, 13.278999233966701, 13.280128057766031, 13.281256588111427, 13.282384825155392, 13.283512769050315, 13.284640419948456, 13.285767778001961, 13.286894843362864, 13.28802161618307, 13.289148096614376, 13.290274284808453, 13.291400180916854, 13.292525785091023, 13.293651097482277, 13.294776118241812, 13.295900847520725, 13.297025285469973, 13.298149432240416, 13.299273287982771, 13.300396852847676, 13.30152012698562, 13.302643110546981, 13.303765803682019, 13.30488820654091, 13.306010319273664, 13.3071321420302, 13.30825367496033, 13.309374918213726, 13.310495871939963, 13.311616536288483, 13.312736911408638, 13.313856997449642, 13.314976794560604, 13.31609630289051, 13.317215522588238, 13.318334453802551, 13.319453096682087, 13.320571451375386, 13.321689518030857, 13.322807296796803, 13.323924787821413, 13.325041991252753, 13.32615890723879, 13.327275535927354, 13.328391877466185, 13.329507932002901, 13.330623699685002, 13.331739180659874, 13.33285437507479, 13.333969283076915, 13.3350839048133, 13.33619824043087, 13.337312290076449, 13.338426053896757, 13.339539532038373, 13.340652724647796, 13.341765631871388, 13.34287825385541, 13.343990590746005]}, {"gosnr_load_qot_81": [12.759799332574854, 12.803189567242438, 12.741971862847528, 12.74102752698852, 12.744318766657617, 12.73788227481276, 12.743894121481148, 12.738966393764667, 12.805862853947577, 12.739116769996826, 12.846637207532115, 12.749248333073513, 12.78386434334773, 12.737827812192414, 12.738046172558722, 12.868411721420163, 12.780768587342664, 12.886967589495137, 12.794349785233344, 12.753289956963446, 12.743064078101572, 12.78717422639229, 12.737707883464084, 12.821787964969417, 12.746903332982251, 12.742210693600223, 12.763603832053175, 12.750518972452998, 12.737618909410426, 12.761651453143266, 12.972821922342664, 12.738505978343875, 12.813563854472372, 12.753773673830562, 12.747388100310035, 12.763303922893275, 12.75652352219229, 12.745753220382491, 12.899347305221356, 12.854556110803708, 12.798687304111239, 12.737682051881876, 12.83432673945521, 12.74146431161699, 12.772561240025237, 12.74016213529643, 12.785470074946154, 12.737611434146194, 12.739534661698109, 12.744831911436478, 12.772461259692596, 12.738146584092814, 12.745834652208032, 12.754791183723302, 12.74924380971986, 12.76783631101174, 12.759674094424847, 12.751364329399431, 12.740781384767637, 12.738334959108588, 12.843507624868044, 12.739607026632811, 12.751866851994684, 12.765662967345408, 12.738692334227824, 12.77513421075589, 12.743020546095202, 12.777864748089877, 12.794549269893928, 12.915028094459585, 12.778341152246178, 12.826479106516175, 12.748039207570985, 12.756373859015156, 12.770132435404973, 12.758041791292232, 12.740218664116956, 12.767518032075149, 12.808120449904905, 12.79072499803716, 12.819631901628707]}]}