{"tests": [{"osnr_load_27": [11.324901401361323, 11.453689124540556, 11.496363733847627, 11.749743545563383, 11.957410091825034, 12.03959320598591, 12.121272838702861, 12.161924154687686, 12.202449972255586, 12.323275748188562, 12.442976887013764, 12.522154759734077, 12.679021041132572, 12.717928232034295, 12.795372512185953, 12.948785488219555, 13.212554306778234, 13.286824672779428, 13.360612581029754, 13.542982654427327, 13.722375053509857, 13.828593045796698, 13.898818371905499, 13.933755760475124, 13.968576627078216, 14.310432231398458, 14.343988191804648]}, {"gosnr_load_27": [11.391552024657356, 13.427042237234975, 13.102178399255177, 11.958067741314052, 12.591839443118914, 12.267331935097573, 11.886043010879288, 13.858337020969211, 11.934432036381477, 11.649299523930065, 12.758583406742062, 12.486615224738546, 13.022878673689164, 11.247984011690006, 13.285261442184556, 13.414868090714538, 11.34991677211827, 13.892455103730853, 12.01367293485767, 13.518611741504635, 13.420495115334369, 12.342389377879954, 12.159206872652549, 13.454878905072366, 12.974748786113233, 12.456408374736519, 11.824934632764192]}]}