{"tests": [{"osnr_load_54": [12.878270335058568, 12.879404783705464, 12.881672792031312, 12.88507258442021, 12.887337634414484, 12.88846971639466, 12.889601503235488, 12.890732995090792, 12.891864192114262, 12.894125702279899, 12.895256015728872, 12.8963860349596, 12.897515760125195, 12.898645191378629, 12.900903172760348, 12.903159980326208, 12.905415615295762, 12.908796871795104, 12.909923372314648, 12.91104958059696, 12.91330112105599, 12.914426453535475, 12.915551494383235, 12.916676243750375, 12.917800701787844, 12.918924868646506, 12.920048744477079, 12.922295623656357, 12.924541340529181, 12.925663763476274, 12.926785896297233, 12.927907739141975, 12.929029292160305, 12.932392213753046, 12.933512608961397, 12.93463271509059, 12.93575253228974, 12.936872060707827, 12.941347289545426, 12.943583175143194, 12.945817909775485, 12.946934845849684, 12.948051494626416, 12.949167856253412, 12.950283930878289, 12.951399718648542, 12.954745362304918, 12.955860004129452, 12.956974359835174, 12.958088429568894, 12.961428924404668, 12.962541851716399, 12.963654493788555, 12.96476685076728]}, {"gosnr_load_54": [12.514702171378085, 12.484756443717874, 12.614994688603954, 12.611923526381833, 12.54032242101701, 12.470501489421796, 12.507368208887202, 12.60302553401454, 12.600109795933372, 12.602930372673864, 12.619506339064406, 12.519408607724124, 12.461852411921361, 12.598200424470694, 12.560245098935852, 12.561964265381178, 12.48276722071871, 12.532136921330881, 12.532917155479833, 12.49456747356377, 12.484500684191959, 12.504399261544052, 12.623471595665537, 12.661076978764754, 12.509548979859243, 12.500428484516576, 12.520414186929248, 12.570314394412405, 12.478470203106172, 12.473317571276288, 12.560073491726724, 12.512590547928788, 12.484328555421078, 12.565197482643555, 12.57250128256235, 12.507060932977849, 12.463104007637838, 12.499919399121723, 12.505856708943748, 12.475020722466894, 12.531962600940119, 12.545972437168189, 12.460004944689496, 12.531559045664551, 12.557234712481568, 12.52529780076813, 12.514669056465625, 12.487508534982393, 12.61411456322865, 12.577896960191326, 12.592533858589835, 12.518021371630432, 12.587839780826267, 12.495737225449036]}]}