{"tests": [{"osnr_load_81": [12.874865209322747, 12.876000548022283, 12.877135589882489, 12.878270335058524, 12.879404783705418, 12.88053893597807, 12.881672792031269, 12.882806352019678, 12.883939616097837, 12.885072584420168, 12.88620525714098, 12.887337634414441, 12.888469716394617, 12.889601503235443, 12.890732995090746, 12.891864192114218, 12.892995094459433, 12.894125702279858, 12.89525601572883, 12.896386034959555, 12.897515760125149, 12.89864519137858, 12.89977432887272, 12.900903172760303, 12.90203172319395, 12.903159980326164, 12.904287944309331, 12.905415615295722, 12.906542993437471, 12.90767007888661, 12.908796871795062, 12.909923372314601, 12.911049580596913, 12.91217549679355, 12.913301121055946, 12.914426453535429, 12.915551494383193, 12.916676243750329, 12.917800701787796, 12.918924868646462, 12.920048744477038, 12.921172329430155, 12.922295623656312, 12.923418627305882, 12.924541340529135, 12.92566376347623, 12.92678589629719, 12.927907739141931, 12.929029292160259, 12.930150555501854, 12.931271529316286, 12.932392213753001, 12.933512608961353, 12.934632715090546, 12.935752532289692, 12.936872060707785, 12.937991300493701, 12.939110251796194, 12.940228914763907, 12.941347289545384, 12.942465376289029, 12.943583175143146, 12.94470068625593, 12.945817909775439, 12.94693484584964, 12.948051494626371, 12.949167856253368, 12.950283930878243, 12.951399718648497, 12.952515219711527, 12.9536304342146, 12.954745362304873, 12.95586000412941, 12.956974359835128, 12.958088429568853, 12.959202213477303, 12.96031571170706, 12.961428924404624, 12.962541851716354, 12.96365449378851, 12.964766850767235]}, {"gosnr_load_81": [12.378008095238979, 12.421518342805157, 12.36027591801917, 12.35932229886938, 12.362643467365569, 12.35613276305519, 12.362091499300014, 12.357236813273385, 12.424538420581381, 12.357327717647543, 12.465510850793732, 12.367610404956793, 12.402131177232043, 12.356052996244575, 12.356267329654113, 12.486995860779345, 12.39902650960479, 12.505631456819815, 12.41296754078369, 12.371489503738777, 12.361378087318627, 12.405450938333054, 12.355952572960994, 12.440541792564701, 12.365099215866834, 12.360410517248724, 12.381819671900585, 12.368716082680374, 12.355858185846099, 12.379863529181762, 12.59187243772846, 12.35676930627192, 12.431929389806378, 12.372166299647793, 12.365736728038248, 12.381754894113978, 12.374933646456881, 12.36408942908766, 12.518471578829175, 12.4730822004707, 12.417000807274723, 12.355911590095182, 12.45277108775944, 12.359665786464035, 12.390797295984374, 12.358367769136123, 12.404042185179646, 12.355845665332827, 12.357812660801406, 12.363028497840332, 12.390963958375053, 12.356403277290598, 12.36403073883446, 12.372992468257, 12.367440196869111, 12.386061151479668, 12.378103546810815, 12.369741009877961, 12.358984795985013, 12.356552406519812, 12.461988564852389, 12.357815171518837, 12.370065011675013, 12.383883050778534, 12.356906380823457, 12.393376821970172, 12.361219003711971, 12.396114624287542, 12.412849150595402, 12.533815748666179, 12.396875684930196, 12.444892958149422, 12.366235188343385, 12.374577246939555, 12.388362585117513, 12.376247665389492, 12.358504766793319, 12.385993196231055, 12.42646644171172, 12.409012676122364, 12.438019820858422]}]}