{"tests_qot": [{"osnr_load_qot_27": [8.708067103970752, 8.910595728881145, 8.977548079174474, 9.373406100605463, 9.695616945724598, 9.82254982492773, 9.948368759067364, 10.010860843410637, 10.073074890165227, 10.258050722241094, 10.440531802427342, 10.560803360163334, 10.798039616370945, 10.85666178804926, 10.973084553782957, 11.202655750461812, 11.593980464345297, 11.703371489622143, 11.811697397475662, 12.077886266222396, 12.33753610236974, 12.490225839591655, 12.590740383931267, 12.640616529100248, 12.690239707545016, 13.172750803648945, 13.219649793790751]}, {"gosnr_load_qot_27": [8.900575421745076, 11.927378784933676, 11.507362850630606, 9.84044391656544, 10.770747511928784, 10.28103684131298, 9.696130486054562, 12.432821005025918, 9.793004465777644, 9.294247052119916, 11.004098322420383, 10.632540725319137, 11.39921063704499, 8.652194170055031, 11.755040493211997, 11.92817044866157, 8.835023865101398, 12.47657834590749, 9.913208269859236, 12.047023822685578, 11.91306497221241, 10.39427466935247, 10.11341647746719, 11.975478488543903, 11.325075558552504, 10.584003994625352, 9.587722337001894]}]}