{"tests_qot": [{"osnr_load_qot_54": [11.117638599484126, 11.118773121506923, 11.121041276584545, 11.124441289101073, 11.126706485847063, 11.127838641203082, 11.128970501419758, 11.130102066650892, 11.131233337050197, 11.133494993967476, 11.13462538079226, 11.13575547339879, 11.136885271940184, 11.138014776569419, 11.1402729047027, 11.142529859020112, 11.144785640741175, 11.148167117367754, 11.149293691263026, 11.150419972921064, 11.152671660131528, 11.153797065986716, 11.15492218021018, 11.156047002953002, 11.157171534366167, 11.15829577460051, 11.159419723806758, 11.161666749737364, 11.163912613361502, 11.165035109684238, 11.166157315880831, 11.167279232101212, 11.16840085849516, 11.17176400021475, 11.172884468798696, 11.174004648303486, 11.17512453887822, 11.176244140671894, 11.180719663011766, 11.182955695360626, 11.185190576743985, 11.186307586193713, 11.187424308345964, 11.188540743348474, 11.18965689134886, 11.190772752494617, 11.194118616277462, 11.195233331477471, 11.19634776055866, 11.19746190366785, 11.200802618629984, 11.201915619317147, 11.203028334764742, 11.20414076511889]}, {"gosnr_load_qot_54": [10.754306195925974, 10.72435691811426, 10.854610783006223, 10.851539247028033, 10.779929502412386, 10.710100282434286, 10.746971361707855, 10.842640173278888, 10.839724081326914, 10.842545000385131, 10.859122983007754, 10.759013192463074, 10.70145018745502, 10.837814478260606, 10.799854569876693, 10.801573943034812, 10.722367460153057, 10.771743024122483, 10.77252335147151, 10.734169108390272, 10.724101128372638, 10.744002061889013, 10.86308872306816, 10.900698713173034, 10.749152391736253, 10.740030813824387, 10.760018891437603, 10.809925077251517, 10.7180699353548, 10.712916696010668, 10.79968294203798, 10.752194321334587, 10.723928979267285, 10.804807549281396, 10.81211222897781, 10.746664049307292, 10.702701930284029, 10.73952166806994, 10.745459682287857, 10.714620047929309, 10.771568682911191, 10.785580195118712, 10.699602503149357, 10.771165079438871, 10.796843821650215, 10.76490308733338, 10.75427307707411, 10.727109334626416, 10.853730550493893, 10.817508557492978, 10.832147225633879, 10.757625791188293, 10.827452579661072, 10.735338998806593]}]}