{"tests_qot": [{"osnr_load_qot_81": [11.114233253620622, 11.11536866569607, 11.116503780932184, 11.117638599484126, 11.118773121506923, 11.119907347155461, 11.121041276584545, 11.122174909948834, 11.123308247402871, 11.124441289101073, 11.125574035197745, 11.126706485847063, 11.127838641203082, 11.128970501419758, 11.130102066650892, 11.131233337050197, 11.132364312771239, 11.133494993967476, 11.13462538079226, 11.13575547339879, 11.136885271940184, 11.138014776569419, 11.139143987439342, 11.1402729047027, 11.141401528512127, 11.142529859020112, 11.14365789637903, 11.144785640741175, 11.14591309225868, 11.147040251083563, 11.148167117367754, 11.149293691263026, 11.150419972921064, 11.151545962493417, 11.152671660131528, 11.153797065986716, 11.15492218021018, 11.156047002953002, 11.157171534366167, 11.15829577460051, 11.159419723806758, 11.160543382135552, 11.161666749737364, 11.162789826762598, 11.163912613361502, 11.165035109684238, 11.166157315880831, 11.167279232101212, 11.16840085849516, 11.169522195212378, 11.170643242402418, 11.17176400021475, 11.172884468798696, 11.174004648303486, 11.17512453887822, 11.176244140671894, 11.177363453833383, 11.178482478511446, 11.179601214854726, 11.180719663011766, 11.181837823130964, 11.182955695360626, 11.18407327984894, 11.185190576743985, 11.186307586193713, 11.187424308345964, 11.188540743348474, 11.18965689134886, 11.190772752494617, 11.191888326933148, 11.193003614811696, 11.194118616277462, 11.195233331477471, 11.19634776055866, 11.19746190366785, 11.198575760951764, 11.199689332556979, 11.200802618629984, 11.201915619317147, 11.203028334764742, 11.20414076511889]}, {"gosnr_load_qot_81": [10.61759611165197, 10.66111140010265, 10.599861894511553, 10.598908165892684, 10.602229715740686, 10.5957182641158, 10.60167768427541, 10.596822440980691, 10.664131829648458, 10.596913355784018, 10.705109056459444, 10.607197224203029, 10.641721982187455, 10.595638488156304, 10.595852846149274, 10.72659659981892, 10.638616954802524, 10.745234403422712, 10.652559603435336, 10.611076769280556, 10.600964190362605, 10.64504212825506, 10.595538053354876, 10.680137069744983, 10.604685746409892, 10.599996509194131, 10.62140812788847, 10.608303029095701, 10.595443655414684, 10.619451759526825, 10.83148572467161, 10.59635488034711, 10.671523660784054, 10.611753643096712, 10.605323331858179, 10.62134334262807, 10.614521308586195, 10.6036758435859, 10.758076051988398, 10.712681297471246, 10.656593338839699, 10.595497065788699, 10.692367797143502, 10.599251692914642, 10.630386788854038, 10.597953526609885, 10.64363321170368, 10.595431133465452, 10.597398354577535, 10.602614790445287, 10.630553470513863, 10.595988809379191, 10.603617146588839, 10.612579906824068, 10.607026996541808, 10.625650097075336, 10.61769157422717, 10.609328074203821, 10.598570624271016, 10.596137955714351, 10.701586356387434, 10.59740086558305, 10.609652113280744, 10.623471744889219, 10.596491970623156, 10.632966613162044, 10.600805088487919, 10.635704732300189, 10.652441199489411, 10.773422052016874, 10.636465881048903, 10.684488744443566, 10.605821849464792, 10.614164868015441, 10.62795179657536, 10.615835478908904, 10.598090539988572, 10.625582133978659, 10.666060075476887, 10.648604279398494, 10.67761480318553]}]}