{"tests": [{"osnr_load_27": [13.254978688723904, 13.34553506326972, 13.375583200806782, 13.554434949245184, 13.701603999016944, 13.759996808817561, 13.81811920993716, 13.847079201285108, 13.875971824638347, 13.962246284320068, 14.047917330709385, 14.10469723218486, 14.217458163661782, 14.245482466606344, 14.301332568322934, 14.412241249144708, 14.603807182823317, 14.657953862221209, 14.711841300794358, 14.845430851814198, 14.977417448532258, 15.05584527498474, 15.10781383106768, 15.133703425573948, 15.159530038839794, 15.414355854654083, 15.439496802835306]}, {"gosnr_load_27": [13.251573489166852, 14.71503236504934, 14.475119526939025, 13.623182634676759, 14.097359153929602, 13.863151371591966, 13.589742691087617, 15.065857712803092, 13.612265927922092, 13.440111821196556, 14.226339004864208, 14.010757677376954, 14.413535383716347, 13.163359632448259, 14.616722262151, 14.713265009128351, 13.222234767231267, 15.092423133586156, 13.669937439773614, 14.78791034887223, 14.708411655944031, 13.917593909028263, 13.786828577698575, 14.740845903481182, 14.381288424455384, 13.990633512114076, 13.553758081167803]}]}