{"tests": [{"osnr_load_54": [14.349891875137557, 14.351026234987197, 14.353294065718568, 14.356693591715835, 14.358958464115739, 14.360090457298744, 14.361222155342414, 14.36235355840057, 14.363484666626906, 14.365745999198305, 14.366876223850173, 14.368006154283808, 14.369135790652322, 14.370265133108685, 14.372522936896296, 14.37477956686809, 14.377035024243623, 14.380416014352011, 14.381542426074589, 14.382668545559948, 14.384919908425111, 14.386045152107673, 14.387170104158528, 14.38829476472877, 14.38941913396935, 14.390543212031137, 14.391666999064846, 14.393913700650424, 14.396159239929595, 14.397281574079875, 14.398403618104034, 14.399525372151986, 14.400646836373536, 14.404009491576007, 14.405129797987621, 14.40624981532009, 14.407369543722524, 14.408488983343911, 14.412963856994805, 14.415199564999286, 14.417434122038333, 14.418550969315923, 14.41966752929606, 14.420783802126476, 14.421899787954777, 14.423015486928472, 14.426360864195225, 14.427475417223237, 14.428589684132449, 14.429703665069676, 14.43304389351602, 14.434156732031296, 14.435269285307008, 14.436381553489301]}, {"gosnr_load_54": [13.989681595105434, 13.960012729682784, 14.088722819663314, 14.086391598428955, 14.015146810006547, 13.945775819767583, 13.98213273948404, 14.077523608546914, 14.074671652871668, 14.07730427671793, 14.093715039113825, 13.994442573988389, 13.937210302342496, 14.072058370437583, 14.035096793127861, 14.036638771596051, 13.957792972160695, 14.006830810561386, 14.007957824941782, 13.969748975104126, 13.959453834505895, 13.979208897460818, 14.09781916323892, 14.135121762070392, 13.984648974046882, 13.975435750945781, 13.995553144499409, 14.044625677780328, 13.953513862861097, 13.948605676211658, 14.034455264225107, 13.987473458464732, 13.95927357148021, 14.040015715663243, 14.047208398261699, 13.982191835831353, 13.938470108964502, 13.974902373824547, 13.980874387663068, 13.95010370989602, 14.006473842832962, 14.020661415598749, 13.935388095423317, 14.00643076285774, 14.03202686020649, 14.000375788136868, 13.98942808107807, 13.962731730398799, 14.08782067541778, 14.052161030933824, 14.066491693273043, 13.993171475795593, 14.062441863392293, 13.97057377009445]}]}