{"tests": [{"osnr_load_81": [14.346487015793572, 14.34762226569582, 14.348757218758752, 14.349891875137521, 14.35102623498716, 14.352160298462566, 14.353294065718531, 14.354427536909718, 14.355560712190666, 14.356693591715796, 14.35782617563942, 14.358958464115704, 14.360090457298709, 14.361222155342379, 14.362353558400534, 14.363484666626869, 14.364615480174958, 14.36574599919827, 14.366876223850136, 14.36800615428377, 14.369135790652285, 14.370265133108646, 14.371394181805726, 14.372522936896257, 14.373651398532864, 14.374779566868053, 14.375907442054203, 14.377035024243586, 14.378162313588343, 14.3792893102405, 14.380416014351972, 14.381542426074551, 14.382668545559913, 14.383794372959606, 14.384919908425074, 14.386045152107636, 14.387170104158491, 14.388294764728728, 14.389419133969312, 14.3905432120311, 14.391666999064812, 14.392790495221073, 14.393913700650385, 14.395036615503125, 14.396159239929558, 14.397281574079837, 14.398403618103996, 14.399525372151949, 14.400646836373499, 14.401768010918323, 14.402888895935996, 14.404009491575971, 14.40512979798758, 14.406249815320052, 14.407369543722483, 14.408488983343874, 14.409608134333098, 14.41072699683891, 14.411845571009954, 14.412963856994772, 14.414081854941767, 14.415199564999249, 14.416316987315398, 14.417434122038294, 14.418550969315888, 14.419667529296028, 14.42078380212644, 14.421899787954741, 14.423015486928435, 14.424130899194909, 14.425246024901444, 14.426360864195187, 14.427475417223201, 14.428589684132408, 14.42970366506964, 14.430817360181603, 14.431930769614887, 14.433043893515983, 14.43415673203126, 14.43526928530697, 14.436381553489266]}, {"gosnr_load_81": [13.854242878590926, 13.897526553552957, 13.8363350416429, 13.835398751376694, 13.838664032639736, 13.832291769426483, 13.83834872685135, 13.833358690285039, 13.899901936786529, 13.83356011070781, 13.940502929948572, 13.843561119591392, 13.878256081719432, 13.832259034747247, 13.832480834672698, 13.962524126250347, 13.875168228161021, 13.981010016121315, 13.88843943066467, 13.847741941514908, 13.837418623571786, 13.881557215056814, 13.832122370306273, 13.915758569529224, 13.841358978944655, 13.836663334969055, 13.858040994115349, 13.844973272744099, 13.832038050504327, 13.856092004624259, 14.066525274460506, 13.832904399979707, 13.907868434826398, 13.84805986581172, 13.841712578208936, 13.857539258191714, 13.85079447049068, 13.840088491445039, 13.992993553487745, 13.94871949247078, 13.893037769210213, 13.832109548129923, 13.928561958162193, 13.835915595594772, 13.866980319960202, 13.834609953709194, 13.879599624552908, 13.832034907171916, 13.833920405475627, 13.839287120589214, 13.866651448984529, 13.832550730519458, 13.840290209511299, 13.849241555010765, 13.84369883378609, 13.862265402884095, 13.853928195934506, 13.845664404265278, 13.835231061407478, 13.832772782733322, 13.937710675905382, 13.834052734030209, 13.84632014240783, 13.860096319378751, 13.833133048675458, 13.869547454049503, 13.837474294908068, 13.872271532529322, 13.888911767337815, 14.008961926350427, 13.872503537736323, 13.92074115005883, 13.842494677793356, 13.85082229651031, 13.864556783001296, 13.85248795942896, 13.834597396014852, 13.861732258233879, 13.902442253340904, 13.885098283085679, 13.913916768929973]}]}