{"tests": [{"osnr_load_27": [12.018356104367161, 12.132020955143087, 12.16970448406429, 12.393661506535988, 12.577494350664779, 12.650318161350398, 12.722737866120333, 12.758796444642687, 12.79475431917752, 12.902024838392698, 13.008393123830704, 13.078805662300576, 13.218436046785616, 13.253095497443304, 13.322117548577948, 13.458978072184046, 13.694710372682295, 13.761186082163048, 13.827274543774308, 13.990809863226383, 14.151953302136304, 14.24750009161452, 14.310726168387227, 14.342198207410604, 14.373576487866993, 14.682243297110102, 14.712602537417292]}, {"gosnr_load_27": [12.059432085674153, 13.87035365135848, 13.57780289154259, 12.54929665924368, 13.119419890536903, 12.830585434902073, 12.492117972637454, 14.271751231585597, 12.530561983470193, 12.28938719952337, 13.271222006959515, 13.021698070270071, 13.505429710755784, 11.937351249770048, 13.744805368361025, 13.861777366634179, 12.022694326072072, 14.302958365235414, 12.601189527029428, 13.954670094452407, 13.863856737309021, 12.897476074324516, 12.735029763906754, 13.897174427485979, 13.463479882392056, 12.995454097073436, 12.44076400200191]}]}