{"tests": [{"osnr_load_54": [13.391637723174643, 13.392772144196938, 13.395040097273593, 13.398439806788724, 13.400704801533836, 13.401836855889433, 13.402968615105689, 13.404100079336418, 13.405231248735321, 13.407492703651833, 13.408622989476244, 13.409752981082415, 13.410882678623459, 13.412012082252343, 13.41427000838497, 13.41652676070175, 13.418782340422236, 13.422163514047998, 13.423289986943022, 13.424416167600812, 13.426667652810822, 13.427792957665794, 13.428917970889051, 13.430042692631687, 13.431167123044656, 13.432291262278822, 13.433415110484903, 13.4356619344152, 13.437907596039057, 13.439029991361672, 13.440152096558155, 13.441273911778424, 13.442395437172284, 13.445758275891633, 13.446878643475525, 13.447998721980262, 13.44911851155496, 13.450238012348601, 13.454713130688432, 13.456948961037334, 13.459183640420774, 13.46030054887055, 13.46141717002286, 13.46253350402544, 13.463649551025902, 13.464765311171746, 13.46811087195491, 13.469225486155043, 13.47033981423637, 13.471453856345699, 13.474794268308312, 13.475907167995661, 13.47701978244344, 13.47813211179779]}, {"gosnr_load_54": [13.030677704665523, 13.000935058168261, 13.130050276457993, 13.127526639398713, 13.056184788723455, 12.986692585871074, 13.023184228475579, 13.118650293020819, 13.115781582853682, 13.1184632140263, 13.13491794218992, 13.03542480339013, 12.978104827785744, 13.113351045411383, 13.076128919415012, 13.077717040456008, 12.998775077674662, 13.047902185825373, 13.048939150082383, 13.010691337973117, 13.0004549096884, 13.02024848440422, 13.138986241486956, 13.176369892673755, 13.02561343828831, 13.016423745382731, 13.036508156842, 13.085798833431477, 12.99449105180412, 12.989519035619994, 13.075609466945814, 13.028494513333165, 13.000276749526458, 13.08105684516875, 13.088278854313383, 13.023148115603288, 12.979362577368512, 13.015896648382828, 13.02186001147354, 12.991070469161146, 13.047592659577692, 13.061734926867285, 12.976275944466128, 13.047455900621847, 13.073074269389235, 13.04134694458622, 13.030481451553877, 13.0036628258922, 13.129153796228035, 13.093346927071604, 13.107758063175485, 13.034123443858622, 13.103540570191106, 13.011605832088835]}]}