{"tests": [{"osnr_load_81": [13.388232680312646, 13.389367991387573, 13.390503005623174, 13.391637723174604, 13.392772144196893, 13.393906268844948, 13.39504009727355, 13.396173629637369, 13.39730686609094, 13.398439806788684, 13.399572451884916, 13.400704801533795, 13.401836855889393, 13.402968615105646, 13.404100079336377, 13.40523124873528, 13.406362123455931, 13.407492703651794, 13.408622989476203, 13.409752981082374, 13.410882678623416, 13.412012082252298, 13.41314119212189, 13.414270008384925, 13.415398531194032, 13.416526760701707, 13.417654697060343, 13.418782340422197, 13.419909690939418, 13.421036748764031, 13.422163514047957, 13.42328998694298, 13.424416167600771, 13.425542056172894, 13.42666765281078, 13.427792957665751, 13.428917970889012, 13.430042692631645, 13.431167123044611, 13.43229126227878, 13.43341511048486, 13.43453866781349, 13.43566193441516, 13.436784910440247, 13.437907596039015, 13.439029991361629, 13.440152096558114, 13.441273911778381, 13.442395437172241, 13.443516672889368, 13.444637619079336, 13.44575827589159, 13.446878643475484, 13.447998721980222, 13.449118511554916, 13.450238012348558, 13.451357224510028, 13.45247614818808, 13.45359478353135, 13.454713130688392, 13.455831189807604, 13.45694896103729, 13.458066444525642, 13.45918364042073, 13.460300548870507, 13.46141717002282, 13.462533504025398, 13.463649551025863, 13.464765311171705, 13.465880784610327, 13.466995971488995, 13.468110871954867, 13.469225486155006, 13.470339814236326, 13.471453856345658, 13.472567612629721, 13.473681083235093, 13.474794268308269, 13.47590716799562, 13.477019782443397, 13.478132111797748]}, {"gosnr_load_81": [12.894904464822885, 12.938249639815595, 12.87704121672286, 12.876100366305916, 12.879380369135164, 12.8729717407089, 12.87900352833721, 12.874048376308982, 12.940792731033024, 12.874221081861183, 12.981492727287314, 12.884295904615762, 12.918947672139653, 12.872926778815314, 12.873146651152297, 13.003375921584446, 12.915855262071696, 13.02190185860957, 12.929301365293322, 12.88839854945163, 12.878129694709195, 12.922253846402958, 12.87279952655404, 12.956688462583749, 12.882013301134581, 12.877319182132185, 12.898706307076154, 12.885628479780419, 12.872712584888998, 12.896755341338924, 13.10761104881223, 12.873590623472923, 12.948610125677169, 12.888809774080954, 12.882440719415104, 12.898318118019077, 12.891553052805214, 12.880810502187108, 13.034108745833787, 12.989542104150942, 12.933753110717474, 12.872779383683344, 12.969343421060044, 12.876572180181638, 12.907656124665966, 12.875268442306195, 12.920438791086609, 12.8727070039177, 12.874613798435991, 12.87994161544155, 12.907456034663989, 12.873233720284249, 12.880944543862311, 12.88989912374394, 12.884353588538174, 12.902935406637505, 12.894696368507667, 12.88640641621807, 12.875888526293341, 12.873436830550624, 12.978510568716423, 12.874712390834349, 12.886975965288839, 12.90076384905907, 12.873795482551095, 12.910226634157675, 12.878129547524557, 12.912954443783825, 12.92962019108655, 13.049915893657078, 12.913323975866698, 12.961507237726167, 12.883149138969806, 12.891481009286556, 12.905229537611982, 12.893148008093828, 12.875294758324943, 12.902523144354628, 12.943174058660322, 12.92580050075037, 12.954669768932012]}]}