{"tests_qot": [{"osnr_load_qot_27": [18.688561251185536, 18.72118087408068, 18.732031108501296, 18.796892178515282, 18.85062972760731, 18.872045368246905, 18.893415799876784, 18.904084093610468, 18.91474112263583, 18.946644746443955, 18.978447437541405, 18.999593324154368, 19.041751367735383, 19.052263090823395, 19.073253278568806, 19.115100967575167, 19.187910785883673, 19.208615040718474, 19.229275676164633, 19.28073707563221, 19.331928003719774, 19.362513371176796, 19.382849990910366, 19.393002249808195, 19.403143824310867, 19.503974603354667, 19.513999451709132]}, {"gosnr_load_qot_27": [18.555799427975124, 19.093458849717866, 19.021951189173635, 18.631968968338068, 18.86321668738254, 18.770173220807884, 18.66007494000031, 19.277854013473835, 18.641298924908515, 18.645577692031644, 18.93161618068687, 18.805761589429363, 18.99050928526038, 18.555305067155146, 19.090913022804386, 19.12511749812919, 18.544538276221502, 19.290130504027726, 18.66681870734517, 19.13321690955668, 19.082732698413977, 18.792809627095913, 18.742659460503234, 19.124560860958816, 18.985240538986197, 18.8015584789224, 18.663586717163888]}]}