{"tests_qot": [{"osnr_load_qot_54": [19.06610950296512, 19.067243256570837, 19.069509874814884, 19.072907582082447, 19.07517124199673, 19.076302628937185, 19.077433720738476, 19.07856451755442, 19.079695019538715, 19.081955139626547, 19.083084758036886, 19.084214082229167, 19.085343112356497, 19.086471848571843, 19.08872843987794, 19.0909838573689, 19.093238102264284, 19.09661727365373, 19.097743079137004, 19.09886859238323, 19.101118742770634, 19.102243380214574, 19.10336772602698, 19.104491780358938, 19.105615543361413, 19.106739015185255, 19.107862195981205, 19.110107685091755, 19.11235201189659, 19.113473739809958, 19.114595177597373, 19.115716325408755, 19.1168371833939, 19.1201980198882, 19.12131772006409, 19.122437131161014, 19.123556253328072, 19.12467508671426, 19.129147535426046, 19.131382030961994, 19.133615375533196, 19.13473161657712, 19.13584757032377, 19.136963236920852, 19.138078616515998, 19.139193709256713, 19.14253726782554, 19.14365121462125, 19.144764875298335, 19.145878250003605, 19.149216659755105, 19.150328892039106, 19.151440839083715, 19.152552501035075]}, {"gosnr_load_qot_54": [18.708611042721945, 18.679320482230455, 18.805969940542052, 18.80458794379181, 18.733857257312682, 18.66511798135097, 18.700792983442337, 18.79576561718968, 18.792997665073067, 18.795387465167085, 18.81157328522845, 18.71343807455213, 18.656666290504, 18.789485267806747, 18.75382612467699, 18.755139928320407, 18.676807174632945, 18.72538080772468, 18.72695107229241, 18.688953181449047, 18.678373723789996, 18.697929243800516, 18.815851849388366, 18.852736073671828, 18.703736885814457, 18.6944122382856, 18.714682244034908, 18.762655250898575, 18.672554400622776, 18.667963242569403, 18.752583321846707, 18.706281053400243, 18.67818318507499, 18.758698213241885, 18.765742761082343, 18.70132130334173, 18.657935620645496, 18.693848171320614, 18.699859873361216, 18.669197328260783, 18.724790224813873, 18.73919400033126, 18.654877885826295, 18.725208832810036, 18.750682407339365, 18.71942292211959, 18.708075443572078, 18.681994931083192, 18.80504034991677, 18.77012404500569, 18.78405099548885, 18.712316761167436, 18.780829348495264, 18.689335463746545]}]}