{"tests_qot": [{"osnr_load_qot_81": [19.062706462353955, 19.06384110601177, 19.064975452830442, 19.06610950296512, 19.067243256570837, 19.0683767138025, 19.069509874814884, 19.070642739762665, 19.07177530880038, 19.072907582082447, 19.074039559763172, 19.07517124199673, 19.076302628937185, 19.077433720738476, 19.07856451755442, 19.079695019538715, 19.080825226844937, 19.081955139626547, 19.083084758036886, 19.084214082229167, 19.085343112356497, 19.086471848571843, 19.087600291028078, 19.08872843987794, 19.089856295274046, 19.0909838573689, 19.092111126314894, 19.093238102264284, 19.094364785369223, 19.095491175781735, 19.09661727365373, 19.097743079137004, 19.09886859238323, 19.099993813543957, 19.101118742770634, 19.102243380214574, 19.10336772602698, 19.104491780358938, 19.105615543361413, 19.106739015185255, 19.107862195981205, 19.10898508589987, 19.110107685091755, 19.11122999370724, 19.11235201189659, 19.113473739809958, 19.114595177597373, 19.115716325408755, 19.1168371833939, 19.117957751702498, 19.11907803048411, 19.1201980198882, 19.12131772006409, 19.122437131161014, 19.123556253328072, 19.12467508671426, 19.125793631468447, 19.126911887739396, 19.128029855675752, 19.129147535426046, 19.13026492713869, 19.131382030961994, 19.13249884704414, 19.133615375533196, 19.13473161657712, 19.13584757032377, 19.136963236920852, 19.138078616515998, 19.139193709256713, 19.140308515290375, 19.141423034764262, 19.14253726782554, 19.14365121462125, 19.144764875298335, 19.145878250003605, 19.14699133888378, 19.148104142085455, 19.149216659755105, 19.150328892039106, 19.151440839083715, 19.152552501035075]}, {"gosnr_load_qot_81": [18.574887521543793, 18.61784706617657, 18.55676840293799, 18.555855045266604, 18.55904617716821, 18.552856269399733, 18.559034443368553, 18.553874778302205, 18.61939449358868, 18.55421769383535, 18.659487703042753, 18.56384995774824, 18.598741214929582, 18.552883842171298, 18.55311504107414, 18.682178332573393, 18.595677318986574, 18.700457691127962, 18.608079805709863, 18.56841425173861, 18.557827325621517, 18.602015898154555, 18.552700831916166, 18.635050689984944, 18.56204561830696, 18.557344701306594, 18.578665436080033, 18.565653817869872, 18.5526294806411, 18.57672712787456, 18.784974433919682, 18.553437778304026, 18.628092196238345, 18.568271983372135, 18.56203505923945, 18.577604085491622, 18.570962510098195, 18.560441976715435, 18.7113344855414, 18.66852435132261, 18.613398643816247, 18.552724113879343, 18.648579548666287, 18.556593683192574, 18.587548727233745, 18.555279276689593, 18.59935651295491, 18.55263835870095, 18.554417946787954, 18.55997390016523, 18.586585061692233, 18.5531002229407, 18.560977300496127, 18.569908408404498, 18.564382219689275, 18.582864683558583, 18.574047448489754, 18.565916602405558, 18.55590513546502, 18.553415570948236, 18.657632932323857, 18.55471656284738, 18.566997005337505, 18.58070884277379, 18.55378362313951, 18.590097980956017, 18.558158205150843, 18.592802348630126, 18.609308748887226, 18.728089517746998, 18.59235617856044, 18.640838359979973, 18.563180088037257, 18.571482750313727, 18.585141396815832, 18.573141026621684, 18.555075041679892, 18.58173577814043, 18.622717391113145, 18.605527709845568, 18.63408182961444]}]}