{"tests_qot": [{"osnr_load_qot_27": [5.130661944560874, 5.486138936126908, 5.60318797254453, 6.290190856711204, 6.842499791664669, 7.058248937918053, 7.271033136372723, 7.376312460122644, 7.480849693771923, 7.790009266124245, 8.092496836666559, 8.290456285861815, 8.677532271486898, 8.772466410275527, 8.96014369634332, 9.326786919370862, 9.940844517787845, 10.109950185210636, 10.276283577111451, 10.680170089868986, 11.067365252296813, 11.291880659313371, 11.438378420548823, 11.510686902149176, 11.582374506483504, 12.266134119663414, 12.331304090974038]}, {"gosnr_load_qot_27": [5.552590084517563, 10.182391376139915, 9.846167734515527, 7.242049953818896, 8.745243699642696, 7.946496113880941, 6.959752627826813, 10.432060527357743, 7.149242619353001, 6.231511560587517, 9.096127126762006, 8.54666232558759, 9.697094706574479, 5.094186237849261, 10.16967618759477, 10.350613123096855, 5.4372230966502935, 10.475521717859133, 7.351423700071874, 10.327217716706176, 10.11951199200497, 8.132847238670163, 7.663589019716096, 10.342170270805948, 9.58617944921254, 8.46446568986055, 6.759322421427032]}]}