{"tests_qot": [{"osnr_load_qot_54": [9.216312779122712, 9.2174473531854, 9.219715612342815, 9.223115780978992, 9.225381081804734, 9.226513289200637, 9.227645201457177, 9.22877681872819, 9.229908141167346, 9.232169902164351, 9.233300341028986, 9.234430485675375, 9.235560336256617, 9.236689892925705, 9.238948125138666, 9.241205183535751, 9.243461069336478, 9.246842702082535, 9.247969328017621, 9.249095661715476, 9.251347453005563, 9.252472910900552, 9.253598077163826, 9.254722951946448, 9.255847535399418, 9.256971827673548, 9.258095828919592, 9.260342958929774, 9.262588926633482, 9.263711474995993, 9.264833733232363, 9.265955701492508, 9.267077379926222, 9.270440677765109, 9.271561198388813, 9.272681429933353, 9.273801372547846, 9.274921026381264, 9.279396756880105, 9.281632893308434, 9.283867878771241, 9.284984940260692, 9.28610171445267, 9.287218201494893, 9.288334401534996, 9.289450314720462, 9.292796334622427, 9.293911101862136, 9.295025582983023, 9.29613977813191, 9.299480649213105, 9.300593701939949, 9.301706469427218, 9.302818951821045]}, {"gosnr_load_qot_54": [8.853233505067417, 8.82328813392112, 8.953517497350141, 8.95046313163736, 8.87885541243629, 8.809030682924275, 8.845892961866374, 8.941563967295668, 8.938649117923688, 8.94146585845659, 8.95804143384396, 8.857942200667745, 8.800381806770188, 8.936722747848375, 8.898782886758248, 8.900498235407973, 8.821293068441099, 8.87066513565981, 8.871453706585049, 8.833099417661948, 8.823025176328654, 8.842924465272704, 8.96201080466779, 8.999617055348391, 8.848082090954442, 8.838957528427475, 8.858950462900642, 8.908841548168233, 8.81699559154957, 8.811847665952374, 8.898600165383062, 8.85111917005157, 8.822852820470622, 8.90373551690826, 8.91103822628171, 8.845594259031735, 8.801633851686674, 8.83844776551302, 8.844387117551557, 8.81354633101441, 8.870486473201556, 8.884503412176867, 8.79853455769512, 8.870091332148641, 8.895770467858918, 8.863833651080501, 8.853195187747826, 8.826040010433033, 8.952636666588397, 8.916424590048868, 8.931057343733888, 8.856557415141427, 8.926377467691818, 8.834261278745489]}]}