{"tests_qot": [{"osnr_load_qot_81": [9.2129072771395, 9.21404274125485, 9.21517790853087, 9.216312779122712, 9.2174473531854, 9.218581630873839, 9.219715612342815, 9.220849297746993, 9.221982687240914, 9.223115780978992, 9.22424857911554, 9.225381081804734, 9.226513289200637, 9.227645201457177, 9.22877681872819, 9.229908141167346, 9.231039168928255, 9.232169902164351, 9.233300341028986, 9.234430485675375, 9.235560336256617, 9.236689892925705, 9.237819155835465, 9.238948125138666, 9.24007680098794, 9.241205183535751, 9.242333272934504, 9.243461069336478, 9.244588572893807, 9.245715783758525, 9.246842702082535, 9.247969328017621, 9.249095661715476, 9.250221703327647, 9.251347453005563, 9.252472910900552, 9.253598077163826, 9.254722951946448, 9.255847535399418, 9.256971827673548, 9.258095828919592, 9.259219539288178, 9.260342958929774, 9.26146608799479, 9.262588926633482, 9.263711474995993, 9.264833733232363, 9.265955701492508, 9.267077379926222, 9.268198768683213, 9.26931986791301, 9.270440677765109, 9.271561198388813, 9.272681429933353, 9.273801372547846, 9.274921026381264, 9.276040391582498, 9.277159468300308, 9.278278256683336, 9.279396756880105, 9.28051496903904, 9.281632893308434, 9.282750529836472, 9.283867878771241, 9.284984940260692, 9.28610171445267, 9.287218201494893, 9.288334401534996, 9.289450314720462, 9.290565941198697, 9.291681281116958, 9.292796334622427, 9.293911101862136, 9.295025582983023, 9.29613977813191, 9.297253687455505, 9.298367311100407, 9.299480649213105, 9.300593701939949, 9.301706469427218, 9.302818951821045]}, {"gosnr_load_qot_81": [8.716541196921506, 8.760054865367776, 8.698801334888559, 8.697847933883168, 8.701168448026763, 8.6946597075877, 8.700621947087576, 8.69576310289275, 8.763060359675563, 8.695856629847619, 8.804032370347278, 8.706134731526866, 8.740666535617482, 8.694581033250127, 8.694795585339605, 8.82553442162343, 8.737561639025822, 8.844170325511753, 8.751489694392713, 8.710021716542872, 8.699903286070448, 8.743986526748474, 8.69447973588151, 8.779063519392892, 8.703630323960564, 8.698940525652182, 8.720353220284393, 8.707247852873781, 8.694385567203168, 8.71839685399954, 8.930412169381416, 8.69529581415756, 8.770466391534518, 8.710690190359403, 8.7042612726051, 8.720278131600626, 8.713457319330901, 8.702614191686347, 8.856992908218475, 8.811620477367834, 8.755537093763921, 8.6944394084897, 8.791308834947737, 8.698195575387823, 8.72933174379731, 8.6968971194765, 8.742564554523039, 8.694373265179603, 8.69633873218838, 8.701559165553935, 8.729486761126367, 8.694930003479445, 8.702561626645824, 8.711524902787872, 8.705971746138196, 8.724595148448527, 8.716627001933443, 8.708265118492992, 8.697514365557499, 8.695080880960095, 8.800526572119418, 8.696344302737774, 8.708597003040335, 8.722416823198104, 8.695435074099692, 8.731911496198755, 8.69974923173322, 8.73464952569002, 8.75138520286995, 8.87235497341414, 8.735398270741701, 8.783430452092823, 8.704766516918006, 8.713109903508316, 8.726896807198706, 8.714780544332752, 8.697030619979149, 8.724516216239582, 8.765003202542236, 8.747548495776433, 8.776557066692753]}]}