{"tests_qot": [{"osnr_load_qot_27": [8.83967082216317, 9.037798786387558, 9.1033048494128, 9.490702802659985, 9.806150253131577, 9.930451063181955, 10.053679877516837, 10.114892639615631, 10.175837856888965, 10.357070142115717, 10.535902002543853, 10.653793058488956, 10.88639347093167, 10.943882675402662, 11.05807058201018, 11.283295797761442, 11.667407973228416, 11.774829005721498, 11.881224762631282, 12.142760604548858, 12.39799954593385, 12.548156660192012, 12.647029457156634, 12.696098578806406, 12.744923898573123, 13.219948598025686, 13.266146932573339]}, {"gosnr_load_qot_27": [9.025120241360145, 11.99779320702973, 11.580288640657209, 9.9429849399034, 10.856009815611273, 10.37579610154139, 9.802837120573223, 12.502367250348115, 9.896916366590728, 9.410621385951153, 11.08558829509544, 10.719710983012792, 11.473672625234935, 8.782894346668183, 11.824699644185333, 11.996130561686964, 8.960999527011168, 12.54573632304826, 10.01470227528178, 12.116026708981165, 11.984344215430749, 10.486818256338262, 10.211639840744187, 12.04381288739081, 11.400876422460131, 10.672217161550645, 9.697179450946482]}]}