{"tests_qot": [{"osnr_load_qot_54": [11.19910083172014, 11.20023535096374, 11.202503500482969, 11.205903504661913, 11.208168695849514, 11.20930084842634, 11.210432705863822, 11.211564268315762, 11.212695535935872, 11.214957187294768, 11.216087571340355, 11.217217661167693, 11.218347456929896, 11.219476958779936, 11.22173508135483, 11.223992030113859, 11.22624780627654, 11.229629274565543, 11.230755845681626, 11.231882124560473, 11.234133806212556, 11.235259209288554, 11.236384320732828, 11.237509140696462, 11.238633669330438, 11.23975790678559, 11.240881853212647, 11.243128873584878, 11.245374731650639, 11.246497225194185, 11.247619428611593, 11.248741342052783, 11.249862965667546, 11.253226099049572, 11.254346564854332, 11.255466741579935, 11.256586629375482, 11.257706228389972, 11.2621817396131, 11.264417766403588, 11.266652642228577, 11.267769648899122, 11.268886368272188, 11.270002800495513, 11.271118945716715, 11.27223480408329, 11.275580659528583, 11.276695371949412, 11.277809798251416, 11.278923938581427, 11.282264645206011, 11.283377643113992, 11.284490355782406, 11.285602783357373]}, {"gosnr_load_qot_54": [10.836166380155971, 10.80624766497175, 10.936332428290342, 10.93334347931205, 10.861772675796715, 10.791992879872234, 10.828807469465877, 10.924447650112988, 10.921538645141972, 10.924338611913262, 10.940898344604992, 10.840879520451416, 10.783352013897826, 10.919550421140071, 10.881701024518403, 10.883400635344781, 10.804232447732868, 10.853571532303732, 10.854390584769625, 10.816051619654349, 10.805958030609684, 10.825843171143397, 10.94487963743074, 10.982456267331289, 10.831025976804439, 10.82189394130938, 10.841896952245042, 10.891711312558098, 10.79993687281619, 10.794810863487413, 10.881476927856408, 10.834043706098752, 10.805784971396758, 10.886650326172841, 10.893942685671965, 10.828541056182575, 10.784604687665457, 10.821382077715644, 10.827324034949262, 10.796491336290359, 10.853376796425385, 10.867408316240464, 10.781507128317395, 10.85301343471927, 10.878683592960702, 10.846774398205758, 10.836108654637258, 10.808996419085403, 10.93544972647906, 10.899289610211419, 10.913894255851304, 10.83950506861887, 10.909271489912808, 10.817183012252611]}]}