{"tests_qot": [{"osnr_load_qot_81": [11.195695494194224, 11.196830903490477, 11.197966015947395, 11.19910083172014, 11.20023535096374, 11.201369573833084, 11.202503500482969, 11.203637131068065, 11.204770465742907, 11.205903504661913, 11.207036247979392, 11.208168695849514, 11.20930084842634, 11.210432705863822, 11.211564268315762, 11.212695535935872, 11.21382650887772, 11.214957187294768, 11.216087571340355, 11.217217661167693, 11.218347456929896, 11.219476958779936, 11.220606166870667, 11.22173508135483, 11.222863702385066, 11.223992030113859, 11.225120064693588, 11.22624780627654, 11.227375255014852, 11.228502411060546, 11.229629274565543, 11.230755845681626, 11.231882124560473, 11.233008111353634, 11.234133806212556, 11.235259209288554, 11.236384320732828, 11.237509140696462, 11.238633669330438, 11.23975790678559, 11.240881853212647, 11.242005508762256, 11.243128873584878, 11.244251947830923, 11.245374731650639, 11.246497225194185, 11.247619428611593, 11.248741342052783, 11.249862965667546, 11.250984299605575, 11.25210534401643, 11.253226099049572, 11.254346564854332, 11.255466741579935, 11.256586629375482, 11.257706228389972, 11.258825538772273, 11.259944560671151, 11.261063294235248, 11.2621817396131, 11.26329989695311, 11.264417766403588, 11.265535348112719, 11.266652642228577, 11.267769648899122, 11.268886368272188, 11.270002800495513, 11.271118945716715, 11.27223480408329, 11.273350375742638, 11.274465660842004, 11.275580659528583, 11.276695371949412, 11.277809798251416, 11.278923938581427, 11.280037793086153, 11.281151361912187, 11.282264645206011, 11.283377643113992, 11.284490355782406, 11.285602783357373]}, {"gosnr_load_qot_81": [10.699594868363695, 10.743085359078057, 10.681840846258474, 10.680889041158661, 10.68420439021498, 10.677708317984083, 10.68367876756226, 10.6788083630097, 10.746033858709644, 10.678911613947372, 10.78697008671558, 10.689164157700723, 10.723708746632706, 10.677633790562798, 10.677848984312138, 10.808517734119402, 10.72060556089216, 10.827139040981963, 10.734473599220411, 10.69307742327193, 10.682941079779631, 10.727026851069063, 10.677529309634131, 10.76202289966872, 10.686687146367495, 10.681997081479908, 10.70340542500224, 10.690304182400903, 10.67743603429075, 10.701449833043664, 10.913310349168908, 10.678342272330433, 10.753490017835324, 10.693714248779067, 10.68729304996096, 10.703291866674345, 10.696478290620508, 10.685648134142557, 10.83988520713978, 10.794614442176096, 10.738570455722872, 10.677491464727499, 10.774317852359372, 10.681251921073855, 10.71237991241617, 10.679952889257294, 10.725556656353248, 10.677424558822906, 10.679382705660444, 10.684616039941425, 10.712491284792325, 10.677977576774468, 10.685618501945216, 10.694580203661822, 10.689028297033115, 10.707645536574974, 10.699644553956237, 10.691291982114496, 10.680570449292004, 10.678134863977768, 10.783528841867646, 10.679399706171878, 10.691653051863119, 10.705468166319886, 10.678489585070627, 10.714958382686701, 10.68280594588979, 10.717695000922511, 10.734421132849327, 10.855301074621286, 10.718397104852457, 10.766445108072727, 10.687823231607144, 10.69616473203948, 10.70994613987516, 10.69783483091035, 10.680073211690559, 10.707525648922884, 10.74803047429164, 10.730586735419541, 10.759576530690369]}]}