{"tests_qot": [{"osnr_load_qot_27": [5.986825286783253, 6.299409116019165, 6.402440292475788, 7.0083302989338145, 7.497037805005107, 7.688378000503764, 7.877346836304663, 7.970941642675292, 8.06394334557977, 8.339391008288677, 8.609508321503059, 8.786631314174434, 9.133809801808516, 9.219137231119376, 9.388038926875883, 9.718865418675879, 10.275683652266409, 10.429672011525629, 10.581422696025456, 10.951130660186568, 11.307276910437523, 11.514595755417968, 11.650202707865862, 11.717233515224235, 11.783753308746629, 12.421548256751326, 12.482659863493256]}, {"gosnr_load_qot_27": [6.348425845214454, 10.575468875585393, 10.189204002142553, 7.83186491195117, 9.179587727766192, 8.463467676533035, 7.5865025567891475, 10.946513822820647, 7.751194837245642, 6.947359638829131, 9.499761890057009, 8.997144661679041, 10.049621012102444, 5.9479811376892355, 10.497631110844276, 10.684666296349237, 6.247010276427893, 10.9917634749861, 7.930823320466085, 10.716904174325173, 10.528583893068514, 8.630081312732065, 8.21178378074563, 10.698438493527384, 9.947416866319198, 8.923878632640394, 7.410990154650307]}]}