{"tests_qot": [{"osnr_load_qot_54": [9.614938424306374, 9.616072989261554, 9.618341230203939, 9.62174137151759, 9.624006654128312, 9.625138852416704, 9.626270755565738, 9.627402363729235, 9.62853367706089, 9.63079541984288, 9.631925849600009, 9.633055985138892, 9.63418582661263, 9.635315374174208, 9.637573588172163, 9.639830628354243, 9.642086495939962, 9.64546810136351, 9.6465947181911, 9.647721042781454, 9.64997281585654, 9.65109826464403, 9.652223421799803, 9.653348287474927, 9.654472861820397, 9.655597144987032, 9.656721137125576, 9.658968248920765, 9.661214198409482, 9.662336737664496, 9.663458986793371, 9.664580945946026, 9.665702615272245, 9.669065885788651, 9.670186397304864, 9.671306619741914, 9.672426553248911, 9.67354619797484, 9.678021892043722, 9.680258010257074, 9.682492977504905, 9.68361002988687, 9.684726794971356, 9.685843272906094, 9.68695946383871, 9.688075367916694, 9.6914213604962, 9.692536118628428, 9.693650590641829, 9.694764776683233, 9.698105620441984, 9.699218664061345, 9.700331422441137, 9.701443895727481]}, {"gosnr_load_qot_54": [9.252214859652305, 9.222298719347169, 9.352366705554015, 9.349390513912159, 9.277820402070287, 9.20804316768928, 9.244851612892335, 9.34049451490177, 9.337586402252159, 9.340383288149518, 9.3569414180826, 9.25692931887961, 9.199403113573656, 9.335585664032592, 9.297750770157387, 9.299447402001164, 9.220279301840899, 9.269616335856606, 9.270441539194065, 9.232102108379156, 9.222003741530294, 9.241887879675772, 9.36092546177713, 9.398499741491573, 9.247076179123125, 9.237941817436708, 9.257948671833859, 9.307752346864444, 9.215983714630724, 9.210861606977826, 9.297518406143674, 9.250090328639327, 9.221830526348077, 9.30269986795228, 9.309990842660325, 9.24459161090599, 9.200656026340573, 9.237429488302485, 9.243372508957426, 9.2125386066965, 9.269418378413235, 9.283454100082936, 9.197558531738755, 9.269061317198258, 9.294732059599673, 9.2628254220356, 9.252153260538233, 9.225047101889215, 9.351483547888105, 9.315330404440399, 9.329930810980564, 9.255556800357317, 9.325318995682338, 9.23322753164034]}]}