{"tests_qot": [{"osnr_load_qot_81": [9.611532949645703, 9.612668404653542, 9.613803562822046, 9.614938424306374, 9.616072989261554, 9.617207257842477, 9.618341230203939, 9.619474906500606, 9.620608286887016, 9.62174137151759, 9.622874160546628, 9.624006654128312, 9.625138852416704, 9.626270755565738, 9.627402363729235, 9.62853367706089, 9.62966469571429, 9.63079541984288, 9.631925849600009, 9.633055985138892, 9.63418582661263, 9.635315374174208, 9.636444627976466, 9.637573588172163, 9.63870225491393, 9.639830628354243, 9.640958708645488, 9.642086495939962, 9.643213990389793, 9.644341192147001, 9.64546810136351, 9.6465947181911, 9.647721042781454, 9.64884707528612, 9.64997281585654, 9.65109826464403, 9.652223421799803, 9.653348287474927, 9.654472861820397, 9.655597144987032, 9.656721137125576, 9.657844838386666, 9.658968248920765, 9.660091368878286, 9.661214198409482, 9.662336737664496, 9.663458986793371, 9.664580945946026, 9.665702615272245, 9.66682399492174, 9.667945085044048, 9.669065885788651, 9.670186397304864, 9.671306619741914, 9.672426553248911, 9.67354619797484, 9.674665554068586, 9.675784621678902, 9.676903400954437, 9.678021892043722, 9.679140095095166, 9.680258010257074, 9.681375637677622, 9.682492977504905, 9.68361002988687, 9.684726794971356, 9.685843272906094, 9.68695946383871, 9.688075367916694, 9.689190985287444, 9.690306316098217, 9.6914213604962, 9.692536118628428, 9.693650590641829, 9.694764776683233, 9.695878676899348, 9.696992291436771, 9.698105620441984, 9.699218664061345, 9.700331422441137, 9.701443895727481]}, {"gosnr_load_qot_81": [9.115655078165668, 9.159144838710148, 9.097896657023577, 9.096945085672294, 9.1002596991038, 9.093765576281319, 9.099738191274684, 9.094865050945254, 9.162082243483251, 9.094970249199068, 9.203015038903606, 9.105218607881746, 9.139768823974105, 9.093691868819537, 9.093907209517365, 9.224573735576957, 9.136665701652804, 9.243193835837202, 9.150523019625535, 9.10913745920507, 9.098996645704393, 9.143086849386846, 9.09358674409704, 9.178069911147391, 9.102746837288104, 9.098056303369376, 9.119465681701339, 9.106364096132824, 9.093493638553788, 9.117510069942647, 9.32935906095095, 9.094399157784437, 9.169549065001485, 9.109768033216705, 9.10334780270317, 9.119344445571636, 9.112531705451701, 9.101703172491696, 9.255925940975384, 9.21067130018736, 9.154630101443017, 9.093549390645597, 9.190375868802859, 9.097311035041471, 9.128440164795016, 9.096011773342076, 9.141606911470209, 9.093482326818025, 9.095439188012934, 9.100675557509657, 9.128542847906333, 9.094034652199225, 9.101678108605533, 9.110640292252478, 9.105088141608501, 9.12370580902831, 9.115697568929017, 9.107346110476746, 9.09662945066514, 9.094193230907896, 9.19958634816733, 9.095458468235345, 9.107713029440763, 9.121528435050848, 9.094548088643476, 9.131018609710907, 9.098865271032137, 9.13375519112374, 9.15048091803128, 9.27135395128977, 9.134448061414208, 9.182503536285624, 9.103883001868777, 9.112224867350404, 9.126006407118018, 9.1138950067298, 9.09612947979914, 9.123577747542273, 9.164089756468005, 9.146646637148315, 9.175635297011857]}]}