{"tests": [{"osnr_load_27": [10.329257885015625, 10.48284688111546, 10.533697216708429, 10.835170724862927, 11.081656421938773, 11.179046791086078, 11.27575073847608, 11.323845658010146, 11.37176940836551, 11.514515246252348, 11.655726566988882, 11.74901739481369, 11.933566162466567, 11.979281089807865, 12.07020581795687, 12.250041549210506, 12.558336883389437, 12.644932072540806, 12.730869789262282, 12.942854391141802, 13.15078729363033, 13.273620573690106, 13.354712895000285, 13.39502124019556, 13.435171559972265, 13.828071931526347, 13.866510816303384]}, {"gosnr_load_27": [10.440008239779978, 12.824140112527227, 12.457779285057045, 11.13277626321784, 11.867515175977497, 11.486307728577426, 11.035982020662123, 13.292412421505386, 11.100983650770772, 10.743116112226275, 12.057410428876512, 11.750909220278361, 12.368084638422152, 10.260808733602092, 12.664656192405602, 12.811702413340946, 10.390357005120446, 13.330459555893377, 11.194062502055377, 12.92625160323315, 12.816072956713517, 11.574401526824953, 11.357925103828162, 12.856501668639286, 12.310586881184001, 11.714386072059124, 10.958736396156093]}]}