{"tests": [{"osnr_load_54": [12.174474077965733, 12.175608559549234, 12.177876633748276, 12.181276524946954, 12.18354164081439, 12.184673755731145, 12.18580557550855, 12.186937100300426, 12.188068330260467, 12.190329906299233, 12.191460252684765, 12.192590304852049, 12.193720062954199, 12.194849527144186, 12.197107574398995, 12.199364447837937, 12.201620148680558, 12.20500150398948, 12.206128037445541, 12.20725427866437, 12.20950588499643, 12.210631250412419, 12.211756324196683, 12.212881106500323, 12.21400559747429, 12.215129797269448, 12.216253706036515, 12.218500651088766, 12.220746433834558, 12.221868889718122, 12.222991055475557, 12.224112931256773, 12.225234517211565, 12.228597537613695, 12.229717965758498, 12.230838104824143, 12.23195795495974, 12.233077516314275, 12.237552876897627, 12.23978882836825, 12.242023628873389, 12.243140597884006, 12.244257279597154, 12.245373674160561, 12.246489781721845, 12.247605602428504, 12.25095134489408, 12.252066019655008, 12.253180408297117, 12.25429451096723, 12.257635104612145, 12.258748064860248, 12.259860739868778, 12.26097312978387]}, {"gosnr_load_54": [11.81084197633073, 11.780881960445534, 11.911197520680687, 11.908091740099575, 11.836470646799583, 11.766625505916245, 11.803517681104355, 11.899191925758073, 11.896273077678611, 11.899102544150972, 11.915686997802052, 11.815546092098558, 11.75797213744998, 11.894396407585944, 11.85639299062425, 11.858120491532592, 11.778903382452421, 11.828290841699902, 11.829054959957965, 11.79069692872806, 11.780640307818373, 11.800546494462967, 11.919645974980842, 11.957267271554706, 11.805682928633399, 11.796566327365316, 11.816546828238195, 11.866487934907088, 11.774605331694994, 11.76944107641659, 11.856243264845023, 11.808734749683156, 11.780468549940338, 11.861347166686118, 11.868656487661692, 11.803193326178757, 11.759223408493797, 11.796058349717448, 11.801994319565654, 11.77115385968545, 11.828125021100607, 11.842127235831839, 11.756123408589351, 11.82770465583918, 11.853385235806835, 11.82143351022621, 11.810819125702228, 11.783635720514525, 11.910318379149153, 11.874073058953892, 11.888724918462767, 11.81415338195867, 11.884000605413584, 11.79188280196081]}]}