{"tests": [{"osnr_load_81": [12.171068853420085, 12.172204225056229, 12.173339299853046, 12.174474077965687, 12.175608559549184, 12.176742744758435, 12.17787663374823, 12.179010226673235, 12.180143523687988, 12.181276524946906, 12.182409230604305, 12.183541640814346, 12.1846737557311, 12.185805575508507, 12.186937100300376, 12.188068330260418, 12.1891992655422, 12.190329906299187, 12.191460252684719, 12.192590304852002, 12.19372006295415, 12.194849527144136, 12.195978697574823, 12.197107574398947, 12.198236157769138, 12.199364447837892, 12.20049244475759, 12.201620148680512, 12.202747559758793, 12.203874678144457, 12.205001503989434, 12.206128037445495, 12.207254278664323, 12.208380227797473, 12.209505884996384, 12.21063125041237, 12.21175632419664, 12.212881106500273, 12.214005597474245, 12.215129797269402, 12.216253706036468, 12.217377323926078, 12.21850065108872, 12.219623687674774, 12.220746433834508, 12.221868889718078, 12.222991055475509, 12.224112931256723, 12.225234517211517, 12.226355813489578, 12.227476820240469, 12.228597537613645, 12.22971796575845, 12.230838104824095, 12.231957954959691, 12.233077516314228, 12.234196789036586, 12.23531577327552, 12.23643446917967, 12.237552876897585, 12.23867099657766, 12.239788828368203, 12.240906372417408, 12.24202362887334, 12.243140597883958, 12.244257279597106, 12.245373674160513, 12.246489781721799, 12.247605602428457, 12.248721136427893, 12.249836383867361, 12.250951344894032, 12.252066019654961, 12.25318040829707, 12.254294510967183, 12.255408327812018, 12.256521858978157, 12.257635104612099, 12.258748064860201, 12.259860739868731, 12.260973129783823]}, {"gosnr_load_81": [11.674083155881004, 11.717605931841335, 11.65635835753954, 11.655403888513789, 11.658727809057217, 11.652210365022864, 11.658164796160102, 11.65331619383364, 11.720656170542288, 11.653401956274694, 11.761647782747119, 11.66369822332575, 11.698212448544794, 11.652128404639114, 11.65234240003083, 11.783108814602931, 11.695106856804397, 11.801752249054633, 11.709079715166597, 11.667563447673642, 11.657461442023711, 11.701533228108618, 11.652029664350152, 11.736667109815698, 11.661172530278067, 11.656483943691294, 11.677895531837798, 11.664789680100007, 11.65193480421639, 11.675938967492986, 11.888031089682515, 11.652848050360882, 11.728020675897524, 11.668256984934615, 11.661823291404929, 11.677851098324972, 11.671025981506983, 11.660174837265451, 11.814632867671744, 11.769189432498631, 11.713086851186132, 11.651987368378634, 11.748870230833981, 11.655739319443917, 11.686875346122063, 11.654441598673609, 11.70014996881806, 11.651921846505024, 11.653892725351769, 11.659101771973624, 11.687065091248584, 11.652481429393767, 11.66010401867436, 11.669066636125612, 11.663513669332723, 11.682137998426976, 11.674197709782533, 11.665830196627542, 11.655058463295555, 11.652627169784298, 11.758091334611407, 11.65388919138894, 11.666138765884517, 11.67995937916478, 11.652980867064642, 11.689455566190986, 11.657292351412474, 11.69219413187298, 11.708933810472885, 11.829948681140179, 11.692979863521431, 11.740989069643277, 11.662308566738695, 11.670651674413282, 11.684440004523733, 11.672322389815609, 11.654585566353466, 11.682091702074079, 11.722555765661344, 11.705096090589763, 11.734113346416908]}]}