{"tests_qot": [{"osnr_load_qot_27": [19.914162315301784, 19.940422267702434, 19.949159461032327, 20.001413920486662, 20.044739330587376, 20.06201376129434, 20.079256446822992, 20.08786590644382, 20.09646745531419, 20.122224722389888, 20.14791109830132, 20.164996077823787, 20.199072090327693, 20.20757157042539, 20.224547161878203, 20.25840510484086, 20.317358756496628, 20.334133378798967, 20.35087733278367, 20.39260347901819, 20.434139396353224, 20.45897006525442, 20.475486114089865, 20.483732843954705, 20.491972055024206, 20.57395242614256, 20.58210946821005]}, {"gosnr_load_qot_27": [19.771623953182942, 20.197581523081354, 20.148983946825588, 19.817044208171968, 20.017709784956335, 19.941558469471715, 19.850612653275007, 20.35835567243588, 19.82818926520673, 19.849720299462895, 20.078122219302447, 19.96466734674637, 20.121551560054293, 19.779658399128518, 20.20833563977211, 20.234315485696698, 19.762402632991535, 20.368687977562352, 19.849822595832567, 20.232847140000835, 20.18605624419059, 19.960380737378614, 19.919667345073407, 20.22982454486918, 20.119481598718217, 19.962255097488036, 19.857947421500665]}]}