{"tests_qot": [{"osnr_load_qot_54": [20.21097097969111, 20.212104457249733, 20.214370523399996, 20.217767402527883, 20.220030510349723, 20.221161621244157, 20.22229243699956, 20.22342295776975, 20.224553183708423, 20.226812751705417, 20.227942094070535, 20.229071142217737, 20.230199896300114, 20.231328356470645, 20.233584395687508, 20.235839261089772, 20.238092953896995, 20.241471297155208, 20.242596826594998, 20.24372206379788, 20.245971662099002, 20.2470960235, 20.248220093269595, 20.249343871558874, 20.250467358518808, 20.25159055430025, 20.252713459053922, 20.254958396080326, 20.25720217080156, 20.25832362267332, 20.259444784419266, 20.260565656189307, 20.261686238133258, 20.26504624650475, 20.26616567063997, 20.26728480569637, 20.268403651823025, 20.269522209168947, 20.273993553721013, 20.276227497177906, 20.278460289670587, 20.27957625467545, 20.28069193238317, 20.281807322941464, 20.282922426497954, 20.284037243200146, 20.2873799736542, 20.288493644411925, 20.28960702905115, 20.290720127718703, 20.294057709357844, 20.29516966560466, 20.296281336612214, 20.29739272252666]}, {"gosnr_load_qot_54": [19.86158857254314, 19.832986829829366, 19.955840854238577, 19.956289920633246, 19.88644834315043, 19.81883038204751, 19.853238928057493, 19.94754271998933, 19.94493295347705, 19.94685720834752, 19.962632579321927, 19.866550283833337, 19.81058660080806, 19.93967883955271, 19.906482949257338, 19.90735777878783, 19.82990247369347, 19.877649481332956, 19.880078612396346, 19.84243328289611, 19.831289002395174, 19.85048717682366, 19.96725443485331, 20.00338577965776, 19.85701361498724, 19.847460086661783, 19.868054491461447, 19.913973115645206, 19.825694469388154, 19.821709518519057, 19.904076625844397, 19.859019706174614, 19.831078329527003, 19.911271690829196, 19.91804035865204, 19.854674851265422, 19.811876166105687, 19.846835888166463, 19.852933007250062, 19.82243515782363, 19.876606681902935, 19.89144920500404, 19.80886098050979, 19.87791797158008, 19.903192037597094, 19.87264364018389, 19.86050706608403, 19.835579015421047, 19.954856897358606, 19.921324342910037, 19.934492188846967, 19.865716854185997, 19.93286540518542, 19.841960855872564]}]}