{"tests_qot": [{"osnr_load_qot_81": [20.20756876722203, 20.208703134832344, 20.20983720560366, 20.21097097969111, 20.212104457249733, 20.213237638434435, 20.214370523399996, 20.215503112301082, 20.216635405292244, 20.217767402527883, 20.21889910416232, 20.220030510349723, 20.221161621244157, 20.22229243699956, 20.22342295776975, 20.224553183708423, 20.225683114969158, 20.226812751705417, 20.227942094070535, 20.229071142217737, 20.230199896300114, 20.231328356470645, 20.232456522882195, 20.233584395687508, 20.234711975039197, 20.235839261089772, 20.236966253991614, 20.238092953896995, 20.239219360958053, 20.240345475326823, 20.241471297155208, 20.242596826594998, 20.24372206379788, 20.2448470089154, 20.245971662099002, 20.2470960235, 20.248220093269595, 20.249343871558874, 20.250467358518808, 20.25159055430025, 20.252713459053922, 20.253836072930447, 20.254958396080326, 20.256080428653945, 20.25720217080156, 20.25832362267332, 20.259444784419266, 20.260565656189307, 20.261686238133258, 20.262806530400784, 20.263926533141465, 20.26504624650475, 20.26616567063997, 20.26728480569637, 20.268403651823025, 20.269522209168947, 20.270640477883006, 20.271758458113958, 20.27287615001045, 20.273993553721013, 20.275110669394067, 20.276227497177906, 20.277344037220722, 20.278460289670587, 20.27957625467545, 20.28069193238317, 20.281807322941464, 20.282922426497954, 20.284037243200146, 20.285151773195413, 20.286266016631046, 20.2873799736542, 20.288493644411925, 20.28960702905115, 20.290720127718703, 20.29183294056129, 20.29294546772551, 20.294057709357844, 20.29516966560466, 20.296281336612214, 20.29739272252666]}, {"gosnr_load_qot_81": [19.730990436933034, 19.773383768397153, 19.71243706230475, 19.71156678718129, 19.714618955160336, 19.708773144686376, 19.71519452074841, 19.70969942027618, 19.773332213709416, 19.71031657460379, 19.81250119239072, 19.71924899211331, 19.754569241365047, 19.708917436548084, 19.7091671449502, 19.836518635363657, 19.751547353665618, 19.854425128273434, 19.76228723798438, 19.724561579786574, 19.713449767522697, 19.75779739706049, 19.70864450116871, 19.788623247644196, 19.71821171260205, 19.71349398847082, 19.734734594591764, 19.721813194656157, 19.70859814063154, 19.73281421831496, 19.937135774421286, 19.709295258236, 19.783456347203384, 19.72352883627484, 19.717496620692764, 19.732589200983334, 19.72613789343456, 19.715961275056323, 19.863178784128728, 19.82313627891298, 19.769007095090267, 19.708737668699538, 19.803574227774114, 19.712735571948237, 19.74352201836784, 19.711402362055267, 19.753776862630748, 19.708630289688852, 19.710207469540705, 19.716137354253767, 19.741329087323898, 19.70898840514877, 19.7171427670872, 19.726047281966753, 19.72054530434434, 19.738891088207225, 19.729132814668485, 19.721247668829083, 19.712038291960315, 19.70948470065293, 19.812456226877583, 19.71082822809309, 19.723151147490654, 19.736757825170564, 19.709868334249606, 19.74604028375691, 19.714313556863118, 19.748710343799758, 19.76498123548163, 19.88147838830449, 19.74695177644497, 19.795975944187237, 19.71934539905362, 19.72761145899572, 19.74114264085143, 19.729257779819164, 19.710826995939467, 19.736608152297528, 19.778173257121438, 19.761257593312756, 19.789340989425742]}]}