{"tests_qot": [{"osnr_load_qot_27": [5.869889391120059, 6.188059140232088, 6.292917515204754, 6.909398969634466, 7.4064373232162275, 7.600981909370552, 7.793081510459374, 7.88821401531659, 7.982734931221271, 8.262629191792662, 8.537026494465414, 8.716910382881288, 9.069389750123536, 9.155996601702455, 9.327402536803309, 9.663020881371843, 10.22754333991897, 10.383577406789094, 10.537306354916762, 10.911671673487689, 11.27207745032782, 11.48176891327587, 11.618883991734887, 11.686647273894025, 11.753885375231066, 12.398122355492099, 12.459807940109663]}, {"gosnr_load_qot_27": [6.238273078441524, 10.535107300055175, 10.142527965176644, 7.748258319418497, 9.11766178697502, 8.389953700801517, 7.498262877240206, 10.905352442669532, 7.666057573361396, 6.847708459863995, 9.44242413629571, 8.932784655869048, 10.001124966783816, 5.830483181175747, 10.454777778572078, 10.644384494915258, 6.1350419984787505, 10.951417800040545, 7.84872268978678, 10.678162756200631, 10.488115507181082, 8.559282680751778, 8.134059629389071, 10.65875752004253, 9.89710379880734, 8.858249719788342, 7.319577770847678]}]}