{"tests_qot": [{"osnr_load_qot_54": [9.558212684329078, 9.559347250631856, 9.561615494269438, 9.56501563962588, 9.567280924931797, 9.568413124567787, 9.569545029064418, 9.570676638575513, 9.571807953254766, 9.57406969873195, 9.575200129836677, 9.576330266723156, 9.57746010954449, 9.578589658453666, 9.580847875146814, 9.583104918024086, 9.585360788304998, 9.588742397771338, 9.589869015946523, 9.59099534188447, 9.593247117654752, 9.594372567789836, 9.595497726293205, 9.596622593315926, 9.597747169008992, 9.598871453523222, 9.599995447009363, 9.602242561499743, 9.60448851368365, 9.60561105428626, 9.606733304762729, 9.60785526526298, 9.608976935936793, 9.612340210495985, 9.613460723359792, 9.614580947144436, 9.615700881999029, 9.616820528072552, 9.621296227531813, 9.623532348440353, 9.625767318383373, 9.626884372112931, 9.628001138545011, 9.629117617827346, 9.630233810107555, 9.631349715533132, 9.63469571215542, 9.63581047163524, 9.636924944996235, 9.638039132385233, 9.641379980186763, 9.642493025153717, 9.643605784881101, 9.64471825951504]}, {"gosnr_load_qot_54": [9.19520846613305, 9.165270947964428, 9.295457248940004, 9.292423214725293, 9.220825898355873, 9.15101411389944, 9.1878620903525, 9.283524952016482, 9.28061187836788, 9.28342343695455, 9.29999433302944, 9.19991861749623, 9.142367603843068, 9.278666209850165, 9.240753948560545, 9.242464420784504, 9.163269574966746, 9.212632112069539, 9.213430190486257, 9.17508009594166, 9.16499967618272, 9.184894856844675, 9.303967479252108, 9.341565087438012, 9.19006040428588, 9.18093337628271, 9.200929751446314, 9.250797694476454, 9.158972626163466, 9.153831450760627, 9.240558335223216, 9.193091501433305, 9.164827098632376, 9.245705617469218, 9.253005214365347, 9.187573441755827, 9.143619863342854, 9.180422951297054, 9.186363204370696, 9.155524474068372, 9.212448439732977, 9.226470133830276, 9.140521063471367, 9.21206319253187, 9.23773992216124, 9.205811224733152, 9.195164102244512, 9.168021893096759, 9.29457582168889, 9.258379374557585, 9.273003596649591, 9.19853703014738, 9.268341439630163, 9.176232483057468]}]}