{"tests_qot": [{"osnr_load_qot_81": [9.554807205625613, 9.555942661981048, 9.557077821497153, 9.558212684329078, 9.559347250631856, 9.560481520560378, 9.561615494269438, 9.562749171913703, 9.563882553647712, 9.56501563962588, 9.566148430002517, 9.567280924931797, 9.568413124567787, 9.569545029064418, 9.570676638575513, 9.571807953254766, 9.572938973255763, 9.57406969873195, 9.575200129836677, 9.576330266723156, 9.57746010954449, 9.578589658453666, 9.579718913603521, 9.580847875146814, 9.581976543236179, 9.583104918024086, 9.58423299966293, 9.585360788304998, 9.586488284102424, 9.587615487207232, 9.588742397771338, 9.589869015946523, 9.59099534188447, 9.592121375736735, 9.593247117654752, 9.594372567789836, 9.595497726293205, 9.596622593315926, 9.597747169008992, 9.598871453523222, 9.599995447009363, 9.601119149618048, 9.602242561499743, 9.603365682804858, 9.60448851368365, 9.60561105428626, 9.606733304762729, 9.60785526526298, 9.608976935936793, 9.610098316933884, 9.611219408403786, 9.612340210495985, 9.613460723359792, 9.614580947144436, 9.615700881999029, 9.616820528072552, 9.617939885513891, 9.619058954471804, 9.620177735094934, 9.621296227531813, 9.62241443193085, 9.623532348440353, 9.624649977208495, 9.625767318383373, 9.626884372112931, 9.628001138545011, 9.629117617827346, 9.630233810107555, 9.631349715533132, 9.632465334251476, 9.633580666409841, 9.63469571215542, 9.63581047163524, 9.636924944996235, 9.638039132385233, 9.639153033948942, 9.640266649833958, 9.641379980186763, 9.642493025153717, 9.643605784881101, 9.64471825951504]}, {"gosnr_load_qot_81": [9.05855175505358, 9.10205884351154, 9.040807222861782, 9.039854305102029, 9.043173258675873, 9.036668369661795, 9.042633253583377, 9.037770737389764, 9.105046627669601, 9.037867294833582, 9.146008100536813, 9.048137584839965, 9.082673877820312, 9.036590985987846, 9.03680574108603, 9.167524677648448, 9.079569468492961, 9.18615631466629, 9.093479032979888, 9.052032813330435, 9.041908655038892, 9.0859933301106, 9.03648869543054, 9.121045626386762, 9.045641674947847, 9.040951725190444, 9.062363377339489, 9.049259103140626, 9.036394803664358, 9.060407223610383, 9.27237749848977, 9.037303815055305, 9.11246838451617, 9.052691438108651, 9.046264830987864, 9.062276303809316, 9.055457645863733, 9.044618400486618, 9.198955285896304, 9.153613843229794, 9.09754189864061, 9.036449140772486, 9.133306586712932, 9.04020669860546, 9.071340775239207, 9.038908044370196, 9.084556315028758, 9.036382758942704, 9.038345974267338, 9.043570502514074, 9.071482198913536, 9.036938346421806, 9.044572978514836, 9.053535895121128, 9.047983046726953, 9.0666048017923, 9.05862630970266, 9.050267204657075, 9.039525397245981, 9.037091222798159, 9.142522359312558, 9.038355105455699, 9.050608185574005, 9.06442674209664, 9.03744558556003, 9.073920166126758, 9.041760492383347, 9.076657796229256, 9.093390746422486, 9.214334344111235, 9.07739202300421, 9.125429843127954, 9.046777850934024, 9.055120771879848, 9.068906165520557, 9.056791268319555, 9.039037441705545, 9.066513110317528, 9.107006250209349, 9.089554702228376, 9.118557853395474]}]}