{"tests_qot": [{"osnr_load_qot_27": [8.57749453234966, 8.784477996676932, 8.85289402367038, 9.257309353038986, 9.586355271003088, 9.715946501328354, 9.844380472601383, 9.908163826801296, 9.971658310491131, 10.160410476450297, 10.346570525955086, 10.469240743534083, 10.711145182822113, 10.770907586294161, 10.889578767277738, 11.123519216276447, 11.522085222954342, 11.63345175161125, 11.74371215782838, 12.014559986378874, 12.278619911784254, 12.433838726735132, 12.535991437300066, 12.586672460906074, 12.637091121485028, 13.127052944452899, 13.17464791694077]}, {"gosnr_load_qot_27": [8.77710938109218, 11.85814234820144, 11.435918725652838, 9.73922009459138, 10.686954209523702, 10.187676283732369, 9.590704891967421, 12.36398708046057, 9.690397961362907, 9.179056205330811, 10.924094500879962, 10.546828594348632, 11.326236732452124, 8.52250623417283, 11.68682809341638, 11.861578173722132, 8.710109068461197, 12.408112100290014, 9.81304493855087, 11.979173954513247, 11.842916228168527, 10.303148452730799, 10.016560466001259, 11.908425270158592, 11.250767769358955, 10.497241908589881, 9.47952037829227]}]}