{"tests_qot": [{"osnr_load_qot_54": [11.037676293153847, 11.038810817854435, 11.041078978287636, 11.044478998837539, 11.046744200939107, 11.04787635897292, 11.049008221867386, 11.050139789776306, 11.0512710628534, 11.05353272512626, 11.05466311462883, 11.05579320991315, 11.056923011132334, 11.058052518439354, 11.060310651928209, 11.062567611601198, 11.064823398677836, 11.068204883337774, 11.069331459910831, 11.070457744246658, 11.072709436812696, 11.073834845345665, 11.074959962246918, 11.076084787667524, 11.077209321758478, 11.078333564670604, 11.079457516554633, 11.08170454784081, 11.083950416820517, 11.085072915821035, 11.086195124695415, 11.087317043593576, 11.088438672665307, 11.091801822418246, 11.092922293679976, 11.09404247586255, 11.095162369115064, 11.096281973586521, 11.10075750663752, 11.102993544341942, 11.10522843108086, 11.106345443208369, 11.107462168038403, 11.108578605718693, 11.109694756396859, 11.110810620220395, 11.114156492036578, 11.115271209914368, 11.116385641673334, 11.117499787460305, 11.120840510455771, 11.121953513820714, 11.123066231946087, 11.124178664978013]}, {"gosnr_load_qot_54": [10.673960492195327, 10.643981772397801, 10.774398543507111, 10.771247444704102, 10.699600185965938, 10.629723354005773, 10.666648851922211, 10.762345245274627, 10.75942232600154, 10.76226342973925, 10.778858993844572, 10.678661570214969, 10.621064368509522, 10.757588464503618, 10.719522092443123, 10.721260503641117, 10.642017129170371, 10.691427835402315, 10.692170857105257, 10.653801896252196, 10.643758586318102, 10.663674733916892, 10.78280975078843, 10.82045187934781, 10.66879377848667, 10.65968227474155, 10.679655966561665, 10.729650612637634, 10.637717725978886, 10.632538255124315, 10.719401010812618, 10.671859021182382, 10.643587313956893, 10.724478614795213, 10.731795163151956, 10.666302139717963, 10.622315214545564, 10.659175747187433, 10.665109962945971, 10.634263647176397, 10.691273141553257, 10.705265379273655, 10.619213988133486, 10.690830771034216, 10.716517782583935, 10.684546664894523, 10.673951078051804, 10.646737716997624, 10.77352068991855, 10.737239085644212, 10.751910530432065, 10.677261694300903, 10.747146637158902, 10.655008873089391]}]}