{"tests_qot": [{"osnr_load_qot_81": [11.03427093925697, 11.03540635401021, 11.036541471924115, 11.037676293153847, 11.038810817854435, 11.039945046180765, 11.041078978287636, 11.042212614329719, 11.043345954461547, 11.044478998837539, 11.045611747612, 11.046744200939107, 11.04787635897292, 11.049008221867386, 11.050139789776306, 11.0512710628534, 11.052402041252234, 11.05353272512626, 11.05466311462883, 11.05579320991315, 11.056923011132334, 11.058052518439354, 11.059181731987064, 11.060310651928209, 11.061439278415428, 11.062567611601198, 11.063695651637905, 11.064823398677836, 11.065950852873128, 11.067078014375799, 11.068204883337774, 11.069331459910831, 11.070457744246658, 11.071583736496798, 11.072709436812696, 11.073834845345665, 11.074959962246918, 11.076084787667524, 11.077209321758478, 11.078333564670604, 11.079457516554633, 11.080581177561214, 11.08170454784081, 11.082827627543828, 11.083950416820517, 11.085072915821035, 11.086195124695415, 11.087317043593576, 11.088438672665307, 11.089560012060309, 11.090681061928132, 11.091801822418246, 11.092922293679976, 11.09404247586255, 11.095162369115064, 11.096281973586521, 11.097401289425793, 11.098520316781638, 11.0996390558027, 11.10075750663752, 11.101875669434499, 11.102993544341942, 11.104111131508036, 11.10522843108086, 11.106345443208369, 11.107462168038403, 11.108578605718693, 11.109694756396859, 11.110810620220395, 11.111926197336706, 11.113041487893033, 11.114156492036578, 11.115271209914368, 11.116385641673334, 11.117499787460305, 11.118613647421993, 11.119727221704988, 11.120840510455771, 11.121953513820714, 11.123066231946087, 11.124178664978013]}, {"gosnr_load_qot_81": [10.53711691974402, 10.580656095473422, 10.519401780400646, 10.518446198879996, 10.521773721878617, 10.51524745549284, 10.521196251227101, 10.516355612492145, 10.583745815516338, 10.516434644117423, 10.624762537718473, 10.526748687157315, 10.561254342212269, 10.515162623711507, 10.515376176636595, 10.646192181280938, 10.55814754080064, 10.664845876470135, 10.572162061533515, 10.530595749763274, 10.520506062869998, 10.564576454952462, 10.515066086470137, 10.599766660645322, 10.524204008319556, 10.519515568382086, 10.54093034198141, 10.527821528600235, 10.51497060715234, 10.538973225726433, 10.75117427731483, 10.515886635874331, 10.591075679025284, 10.531311201600621, 10.524872112423267, 10.540912539353815, 10.534082357738132, 10.52322214612846, 10.677779507156735, 10.632265309185382, 10.576134992231525, 10.51502207163712, 10.61193551889237, 10.51877108359233, 10.549913023249111, 10.517473751016741, 10.563226567577434, 10.514957077146637, 10.51693303935809, 10.522133197291188, 10.550132983995969, 10.51551923999422, 10.52313545146189, 10.532099231345189, 10.526545354265181, 10.545174100571353, 10.537256478792997, 10.528882451687224, 10.518090403283168, 10.515660544379042, 10.621161370078598, 10.516921592878024, 10.529170819623106, 10.542994802510243, 10.516013879034942, 10.552494151877038, 10.5203238730297, 10.555233716808317, 10.571980139802815, 10.693058200611517, 10.556051743183088, 10.604050389303685, 10.5253401285355, 10.533684609456785, 10.547476856019776, 10.535355713570793, 10.517626842493065, 10.54515615598351, 10.58560820031775, 10.56814078966549, 10.597171281042757]}]}