{"tests_qot": [{"osnr_load_qot_27": [12.841046548726371, 12.93876828078708, 12.971185415554572, 13.164047177898375, 13.32262473589388, 13.385513305478302, 13.448092901538129, 13.479267048643248, 13.510364211190852, 13.603194677982904, 13.695335513345752, 13.75638084166103, 13.877558375891336, 13.907663093632634, 13.967645625460769, 14.08670592189289, 14.292176102780198, 14.350211575766005, 14.407950765292949, 14.551008479333822, 14.692234623618297, 14.776097364290958, 14.831644165512534, 14.859309430457115, 14.886902771948304, 15.158908466143288, 15.185719116951365]}, {"gosnr_load_qot_27": [12.849287743330542, 14.427648507680358, 14.167666289555461, 13.257293877442251, 13.763038600430468, 13.511108023136234, 13.216844719106529, 14.796753915682903, 13.244054900028905, 13.051072818196587, 13.899610621502932, 13.672588174172073, 14.102444407245805, 12.750966694067385, 14.317877905318932, 14.421758891890759, 12.817618684165517, 14.824978087731148, 13.30593097652881, 14.504377911534796, 14.421603469214999, 13.569579674515971, 13.428644891999745, 14.452694196672784, 14.066903599076442, 13.650490429883193, 13.176231806145687]}]}