{"tests_qot": [{"osnr_load_qot_54": [14.022787018531847, 14.023921400796706, 14.026189276358522, 14.029588869601424, 14.03185378683174, 14.032985802429945, 14.034117522888812, 14.03524894836216, 14.036380079003688, 14.038641456405461, 14.039771703472507, 14.04090165632132, 14.042031315105008, 14.043160679976545, 14.04541852859449, 14.047675203396608, 14.049930705602453, 14.053311762956282, 14.054438197094004, 14.055564338994502, 14.057815746689933, 14.058941012787624, 14.060065987253605, 14.061190670238968, 14.06231506189467, 14.063439162371571, 14.064562971820397, 14.066809718236193, 14.069055302345568, 14.07017765891095, 14.071299725350201, 14.072421501813245, 14.073542988449887, 14.076905710897607, 14.078026039724298, 14.07914607947184, 14.080265830289347, 14.081385292325804, 14.08586025563694, 14.08809600847152, 14.090330610340656, 14.09144748003329, 14.092564062428465, 14.093680357673911, 14.094796365917242, 14.095912087305964, 14.099257531817784, 14.100372107260814, 14.101486396585036, 14.10260039993727, 14.105940695628627, 14.107053556558899, 14.108166132249607, 14.109278422846891]}, {"gosnr_load_qot_54": [13.660824609543385, 13.631018154122474, 13.760488818862466, 13.757787179939351, 13.686366547803377, 13.616772712321053, 13.653383634336452, 13.748904490322008, 13.746020699941877, 13.74874734350281, 13.765240228962664, 13.665558104790547, 13.608165651560766, 13.743759979282054, 13.706302138651536, 13.707932789723799, 13.628913922475594, 13.678116195823442, 13.679069514650518, 13.640791504453105, 13.630611082453283, 13.650437309671146, 13.769274667652404, 13.806727505362792, 13.655731789670778, 13.6465653308546, 13.666616058349742, 13.71610128818006, 13.624625996896642, 13.619595570463595, 13.705895946025596, 13.658664882509644, 13.630434899208437, 13.711237639525313, 13.718485704728344, 13.653259260747442, 13.609421301730919, 13.646044137340123, 13.651998559524314, 13.621196270406678, 13.677850701360306, 13.691948762903047, 13.606330858769422, 13.677627113468295, 13.703262135138141, 13.67146906184267, 13.66068147259364, 13.633753629573606, 13.759597732399762, 13.72366000914468, 13.738143489625564, 13.664228892861756, 13.733771212697112, 13.64178901501344]}]}