{"tests_qot": [{"osnr_load_qot_81": [14.019382091942205, 14.020517364259685, 14.021652339737846, 14.022787018531847, 14.023921400796706, 14.025055486687334, 14.026189276358522, 14.027322769964922, 14.028455967661085, 14.029588869601424, 14.030721475940254, 14.03185378683174, 14.032985802429945, 14.034117522888812, 14.03524894836216, 14.036380079003688, 14.037510914966964, 14.038641456405461, 14.039771703472507, 14.04090165632132, 14.042031315105008, 14.043160679976545, 14.044289751088792, 14.04541852859449, 14.046547012646261, 14.047675203396608, 14.048803100997919, 14.049930705602453, 14.051058017362358, 14.052185036429666, 14.053311762956282, 14.054438197094004, 14.055564338994502, 14.056690188809334, 14.057815746689933, 14.058941012787624, 14.060065987253605, 14.061190670238968, 14.06231506189467, 14.063439162371571, 14.064562971820397, 14.065686490391773, 14.066809718236193, 14.067932655504036, 14.069055302345568, 14.07017765891095, 14.071299725350201, 14.072421501813245, 14.073542988449887, 14.0746641854098, 14.075785092842557, 14.076905710897607, 14.078026039724298, 14.07914607947184, 14.080265830289347, 14.081385292325804, 14.08250446573009, 14.083623350650964, 14.084741947237067, 14.08586025563694, 14.08697827599899, 14.08809600847152, 14.089213453202717, 14.090330610340656, 14.09144748003329, 14.092564062428465, 14.093680357673911, 14.094796365917242, 14.095912087305964, 14.097027521987467, 14.098142670109016, 14.099257531817784, 14.100372107260814, 14.101486396585036, 14.10260039993727, 14.103714117464243, 14.104827549312532, 14.105940695628627, 14.107053556558899, 14.108166132249607, 14.109278422846891]}, {"gosnr_load_qot_81": [13.524761965483753, 13.568157609630042, 13.506942724690209, 13.50599778782469, 13.509290946594783, 13.502849566972003, 13.50885712221727, 13.503935046856807, 13.570855780318054, 13.504081109449587, 13.611641354614047, 13.514222847673427, 13.548829366318902, 13.502793277821116, 13.503011330556804, 13.63339325566524, 13.545733199153334, 13.651953460173363, 13.559339401792208, 13.518252411299574, 13.508035578403062, 13.552139714100086, 13.502674769143256, 13.586785342337794, 13.511866000483934, 13.507173997127914, 13.52856669131273, 13.515481458095131, 13.502585410132685, 13.52661418672942, 13.737829060131121, 13.503474152794093, 13.578533768813143, 13.518750059780412, 13.512361781571995, 13.528283814583471, 13.521500967851413, 13.510726125547208, 13.664365520566689, 13.619534510275598, 13.563654582756053, 13.50264784339063, 13.599300773819749, 13.506427790381831, 13.537524888285281, 13.505126012238193, 13.550457060646961, 13.502577570434832, 13.504503820675913, 13.509794784789706, 13.537444204829194, 13.503114305403221, 13.510797414402854, 13.519753651262999, 13.5142063385302, 13.53279950334313, 13.524652701946705, 13.51633974235561, 13.505745054649251, 13.503299827168568, 13.608483604609816, 13.50457112670262, 13.516829312604736, 13.530625978898655, 13.50365692957048, 13.540098139527261, 13.507983690261424, 13.542828996727266, 13.55951587624683, 13.680020743909445, 13.54332595737249, 13.591451533329268, 13.51300179715202, 13.521336360063245, 13.53509583914513, 13.5230043471018, 13.505188358233742, 13.532499357219079, 13.573089363774262, 13.555691010798192, 13.584602973867653]}]}