{"tests_qot": [{"osnr_load_qot_27": [8.27984661401797, 8.4972748366466, 8.569121499083561, 8.993581803016697, 9.33862155149179, 9.474428573018873, 9.60897426994759, 9.675774439840108, 9.742259702830902, 9.939828013039913, 10.134570117021124, 10.262831888004335, 10.515608886422328, 10.578024947092821, 10.701926375674965, 10.946020564273123, 11.361382383708987, 11.477323235815968, 11.592059505713049, 11.873671534442051, 12.147898920941408, 12.30893803015977, 12.414856347670646, 12.467386203868147, 12.51963123502703, 13.026653364292365, 13.075837350059809]}, {"gosnr_load_qot_27": [8.497721215652076, 11.699361691891559, 11.27652938473642, 9.51264996994854, 10.500188538298303, 9.978918284115446, 9.353907414390324, 12.200758451917526, 9.460470321239253, 8.918952682073613, 10.745782352534235, 10.355931854782982, 11.163602526363167, 8.228223818870994, 11.534145370371343, 11.711481048827022, 8.427325665190104, 12.245240104385005, 9.588759257346585, 11.822970026186315, 11.68128827055776, 10.09954060456561, 9.799657870170499, 11.756078295487649, 11.085244536141222, 10.303920823220224, 9.236055879730774]}]}