{"tests_qot": [{"osnr_load_qot_54": [10.85826154600271, 10.859396076535134, 10.861664248632012, 10.865064286677423, 10.867329500442661, 10.86846166430831, 10.869593533034607, 10.870725106775366, 10.871856385684291, 10.874118059620816, 10.875248454955223, 10.876378556071373, 10.877508363122388, 10.87863787626124, 10.880896021413758, 10.883152992750407, 10.8854087914907, 10.888790293646124, 10.88991687605101, 10.891043166218664, 10.893294870448354, 10.894420284813151, 10.895545407546228, 10.89667023879866, 10.897794778721437, 10.898919027465386, 10.900042985181244, 10.902290028131066, 10.90453590877442, 10.905658413606758, 10.90678062831296, 10.907902553042945, 10.909024187946494, 10.912387355194896, 10.913507832288445, 10.914628020302837, 10.91574791938717, 10.916867529690446, 10.921343086068715, 10.923579135436771, 10.92581403383932, 10.926931051798645, 10.92804778246049, 10.929164225972594, 10.930280382482575, 10.931396252137928, 10.934742141449547, 10.93585686515915, 10.936971302749928, 10.938085454368709, 10.941426194859607, 10.942539204056356, 10.94365192801354, 10.944764366877276]}, {"gosnr_load_qot_54": [10.495959683032813, 10.466085021776703, 10.595925203858139, 10.593057221483814, 10.521541685380456, 10.451832597092528, 10.488565300080115, 10.584165921374026, 10.581267229721359, 10.584036558430522, 10.600569964721187, 10.500681945835538, 10.443205045680912, 10.579163724483276, 10.54147534394569, 10.54314603190737, 10.464031998447298, 10.513318841810133, 10.514194674530955, 10.475877148018792, 10.465745773152936, 10.48560825877048, 10.604574154191681, 10.642102853608996, 10.490838793657604, 10.481691203242946, 10.501716600143151, 10.551397621765158, 10.459739175355427, 10.454652951494, 10.541174338788702, 10.493821127174922, 10.465571375699811, 10.546419379749306, 10.553693865454978, 10.48835882668105, 10.444459114806616, 10.481175343348248, 10.48712322755183, 10.45629993097977, 10.513094208907596, 10.527155405033179, 10.441364216955371, 10.512789820193479, 10.538448040663837, 10.506584274233399, 10.495865889855953, 10.468828475776286, 10.595038860535102, 10.558968514887221, 10.573523665511615, 10.499326440121282, 10.569006133806875, 10.476952141576568]}]}