{"tests_qot": [{"osnr_load_qot_81": [10.854856174610317, 10.855991595195395, 10.857126718941139, 10.85826154600271, 10.859396076535134, 10.860530310693303, 10.861664248632012, 10.86279789050593, 10.863931236469595, 10.865064286677423, 10.866197041283721, 10.867329500442661, 10.86846166430831, 10.869593533034607, 10.870725106775366, 10.871856385684291, 10.87298736991496, 10.874118059620816, 10.875248454955223, 10.876378556071373, 10.877508363122388, 10.87863787626124, 10.879767095640782, 10.880896021413758, 10.882024653732804, 10.883152992750407, 10.88428103861894, 10.8854087914907, 10.886536251517821, 10.887663418852323, 10.888790293646124, 10.88991687605101, 10.891043166218664, 10.892169164300629, 10.893294870448354, 10.894420284813151, 10.895545407546228, 10.89667023879866, 10.897794778721437, 10.898919027465386, 10.900042985181244, 10.901166652019649, 10.902290028131066, 10.903413113665907, 10.90453590877442, 10.905658413606758, 10.90678062831296, 10.907902553042945, 10.909024187946494, 10.910145533173319, 10.91126658887296, 10.912387355194896, 10.913507832288445, 10.914628020302837, 10.91574791938717, 10.916867529690446, 10.917986851361537, 10.919105884549197, 10.92022462940208, 10.921343086068715, 10.922461254697511, 10.923579135436771, 10.924696728434679, 10.92581403383932, 10.926931051798645, 10.92804778246049, 10.929164225972594, 10.930280382482575, 10.931396252137928, 10.932511835086046, 10.933627131474191, 10.934742141449547, 10.93585686515915, 10.936971302749928, 10.938085454368709, 10.93919932016221, 10.940312900277014, 10.941426194859607, 10.942539204056356, 10.94365192801354, 10.944764366877276]}, {"gosnr_load_qot_81": [10.359587938501049, 10.403043135207618, 10.341804458082162, 10.340855449631503, 10.344161789183419, 10.337688104236635, 10.343674864573831, 10.338782119134706, 10.405886273070129, 10.338903455204118, 10.44676341109925, 10.349110329234206, 10.38368482186959, 10.337621268482192, 10.337837692477695, 10.468399687715962, 10.38058426035829, 10.486997276159457, 10.394343272235933, 10.353073117298745, 10.342901695060318, 10.387000014208743, 10.337510854113601, 10.42185196101168, 10.346683779945922, 10.341992389009684, 10.363396447636983, 10.350300541517274, 10.33741922206364, 10.361441946518173, 10.573053470724535, 10.338318171952267, 10.4134369049765, 10.353651254600656, 10.347243258143031, 10.36321139440606, 10.356410051549245, 10.345602073467692, 10.499603809454328, 10.454513656741772, 10.398532750734816, 10.337477614898328, 10.434241354524856, 10.341246706257522, 10.372365034381964, 10.339946374523093, 10.38543996245016, 10.337409280282618, 10.339354172856618, 10.344612403133253, 10.372395336767774, 10.33795548374896, 10.34561504442896, 10.35457541038825, 10.349024841171488, 10.367633938752906, 10.359570524720036, 10.351233769977568, 10.340564627162077, 10.338124707847795, 10.443441474826539, 10.339392412894206, 10.351649128727363, 10.365457955198753, 10.3384804726089, 10.374941582309983, 10.342801690801045, 10.377676066796814, 10.394387455285623, 10.515122467105476, 10.3782916397194, 10.426377663925269, 10.34781986641782, 10.356159342544721, 10.36993299086247, 10.357828731166173, 10.340042233807276, 10.367437936699043, 10.407983152535591, 10.390556662358305, 10.419516780679137]}]}