{"tests_qot": [{"osnr_load_qot_27": [14.495882631590145, 14.567646481923882, 14.591476781814519, 14.733506740524515, 14.850624160190529, 14.897156831519494, 14.943510533961701, 14.966620404363413, 14.989685692016062, 15.058614595920211, 15.127144199276765, 15.172609497086121, 15.263011434535443, 15.285502107770423, 15.330352075420034, 15.419528089656431, 15.573914819325621, 15.617636898781944, 15.66118721677553, 15.769314699839938, 15.876379219842129, 15.940110892627175, 15.982388439266067, 16.003464329024737, 16.024498379911293, 16.23255165299236, 16.25312965817554]}, {"gosnr_load_qot_27": [14.451612021683344, 15.628585573337228, 15.435082864987796, 14.726981560624106, 15.124300227462967, 14.934560916159699, 14.713491791046655, 15.932610397128585, 14.722618599251911, 14.607671313697194, 15.234553677365252, 15.04664213264855, 15.38259920463963, 14.39176493092531, 15.554989189053572, 15.633708489406718, 14.428179233129706, 15.955066319607944, 14.769975063095767, 15.691544049439717, 15.621600981562558, 14.97892493867575, 14.87382099583372, 15.654125870090532, 15.358463462314205, 15.03152648795801, 14.690289295500946]}]}