{"tests_qot": [{"osnr_load_qot_54": [15.361369825652364, 15.362504104476798, 15.364771773157806, 15.368171056079623, 15.370435766429289, 15.371567678587198, 15.372699295605784, 15.373830617638866, 15.374961644840141, 15.377222815361462, 15.378352958988309, 15.379482808396938, 15.380612363740457, 15.381741625171838, 15.383999266909527, 15.386255734831451, 15.388511030157165, 15.391891777190922, 15.39301810788865, 15.394144146349175, 15.396395347164699, 15.397520509822463, 15.398645380848535, 15.399769960393998, 15.400894248609823, 15.402018245646863, 15.403141951655844, 15.405388491191989, 15.40763386842179, 15.408756121547402, 15.409878084546904, 15.410999757570211, 15.412121140767134, 15.415483552895799, 15.416603778282834, 15.417723714590739, 15.418843361968623, 15.419962720565476, 15.424437270118352, 15.426672816073896, 15.428907211064063, 15.430023977317235, 15.431140456272969, 15.432256648078987, 15.433372552882908, 15.434488170832235, 15.437833305025958, 15.438947777029657, 15.440061962914564, 15.441175862827503, 15.444515848201057, 15.445628605692097, 15.446741077943582, 15.447853265101667]}, {"gosnr_load_qot_54": [15.00114708549092, 14.971500694787709, 15.100090820518723, 15.0978103290865, 15.026598622994253, 14.957266732616802, 14.993584495898789, 15.088945486550234, 15.086098233125254, 15.088717716880485, 15.105115176321085, 15.00591120372933, 14.948707943504207, 15.083437289765884, 15.04654802094211, 15.048077729409497, 14.969265486403504, 15.018274742902893, 15.019425263202129, 14.981230663242048, 14.970921198018344, 14.990664084064857, 15.109228255466988, 15.14650554153446, 14.9961232971912, 14.986904869912706, 15.007028797699316, 15.056038890171692, 14.9649881146507, 14.960097187405763, 15.045874533490679, 14.998932637000213, 14.97074040216159, 15.051464057076878, 15.058648277931376, 14.993668564953943, 14.94996815857687, 14.986369901190537, 14.99234355670093, 14.961581054442977, 15.01790536662913, 15.032103321273024, 14.946887678026233, 15.017886868169317, 15.043474405427364, 15.01184669631658, 15.000878575409203, 14.974217110545943, 15.099187287712986, 15.063570095660229, 15.077878111135789, 15.004648179073856, 15.073872701078098, 14.982031838232981]}]}