{"tests_qot": [{"osnr_load_qot_81": [15.357965209384101, 15.359100378261104, 15.360235250298809, 15.361369825652364, 15.362504104476798, 15.363638086927018, 15.364771773157806, 15.365905163323827, 15.367038257579626, 15.368171056079623, 15.369303558978118, 15.370435766429289, 15.371567678587198, 15.372699295605784, 15.373830617638866, 15.374961644840141, 15.376092377363186, 15.377222815361462, 15.378352958988309, 15.379482808396938, 15.380612363740457, 15.381741625171838, 15.382870592843949, 15.383999266909527, 15.385127647521193, 15.386255734831451, 15.38738352899269, 15.388511030157165, 15.389638238477033, 15.390765154104313, 15.391891777190922, 15.39301810788865, 15.394144146349175, 15.395269892724045, 15.396395347164699, 15.397520509822463, 15.398645380848535, 15.399769960393998, 15.400894248609823, 15.402018245646863, 15.403141951655844, 15.404265366787387, 15.405388491191989, 15.406511325020036, 15.40763386842179, 15.408756121547402, 15.409878084546904, 15.410999757570211, 15.412121140767134, 15.413242234287345, 15.414363038280417, 15.415483552895799, 15.416603778282834, 15.417723714590739, 15.418843361968623, 15.419962720565476, 15.42108179053017, 15.422200572011473, 15.42331906515802, 15.424437270118352, 15.425555187040876, 15.426672816073896, 15.427790157365601, 15.428907211064063, 15.430023977317235, 15.431140456272969, 15.432256648078987, 15.433372552882908, 15.434488170832235, 15.435603502074354, 15.436718546756543, 15.437833305025958, 15.438947777029657, 15.440061962914564, 15.441175862827503, 15.442289476915187, 15.443402805324213, 15.444515848201057, 15.445628605692097, 15.446741077943582, 15.447853265101667]}, {"gosnr_load_qot_81": [14.865810197878416, 14.90907329073176, 14.847892487905774, 14.846957489423154, 14.850218575635882, 14.843856502435624, 14.849919447722957, 14.844920765806268, 14.911404426526087, 14.845129700073208, 14.951975232154401, 14.855110323100638, 14.889813067519412, 14.843826979315097, 14.844049262457318, 14.974030333893516, 14.88672672671667, 14.992503775662009, 14.899950674496818, 14.859311230913228, 14.848974674902188, 14.893112538841521, 14.843687859159997, 14.927249160483111, 14.8529295189556, 14.848233953049286, 14.869606947239554, 14.856543212154893, 14.84360423586697, 14.867658675595942, 15.07795906698971, 14.844467430213093, 14.919409221782004, 14.859604642433785, 14.853263713333062, 14.869075470143427, 14.862336692075838, 14.85164140054993, 15.004427452677145, 14.960234801155963, 14.904587001555464, 14.843676959123522, 14.940090163658597, 14.847486096287014, 14.878542604901789, 14.846180087667344, 14.891117751669015, 14.843601732452667, 14.84548145122584, 14.850857826356103, 14.878179978194455, 14.844114645195328, 14.85186085521941, 14.860810439256845, 14.855269021816866, 14.87382969290687, 14.86546758113575, 14.857211497105283, 14.846801400779132, 14.84434164490046, 14.949233093754536, 14.845622618153415, 14.857889782855962, 14.871661480588127, 14.844702297678968, 14.88110859013866, 14.849044986438303, 14.883831410164465, 14.900463240016846, 15.020436435913203, 14.884027307506633, 14.932274201968843, 14.854065065599887, 14.86239071918571, 14.876120116575411, 14.864055861462479, 14.846157331407605, 14.873264885736909, 14.913986195128693, 14.896651776803404, 14.925453962377036]}]}