{"tests_qot": [{"osnr_load_qot_27": [5.401203723154387, 5.742677666893057, 5.8551526169285575, 6.5157140996026115, 7.047328364196687, 7.255146327448251, 7.460198966092558, 7.561687581694737, 7.662484235037449, 7.960723136174753, 8.252741557313854, 8.443971852700574, 8.81818683299971, 8.910029367914243, 9.091670615539611, 9.44682438147921, 10.042599817356715, 10.20689595860974, 10.368598386127099, 10.761666963225114, 11.139084485525553, 11.358207898942398, 11.501300419788405, 11.571961569910435, 11.642038009723041, 12.311559203736053, 12.37548098501668]}, {"gosnr_load_qot_27": [5.803024375637341, 10.30508451316207, 9.950199544458263, 7.4251460583569, 8.878129650220432, 8.106044033871017, 7.154953098967358, 10.599015682561584, 7.336313708422024, 6.455838095240161, 9.219239210327222, 8.684646536174759, 9.80399472963928, 5.363608817094527, 10.269378257989795, 10.453021001528843, 5.692216472628471, 10.643455011694002, 7.531173756886872, 10.44941402688118, 10.247693717256066, 8.286012393507841, 7.833270716929338, 10.452402253599043, 9.69579825122459, 8.60533126795206, 6.962671829093798]}]}