{"tests_qot": [{"osnr_load_qot_54": [9.338440850766105, 9.339575422126785, 9.341843675880177, 9.345243836410326, 9.347509131832048, 9.348641336525944, 9.349773246080474, 9.350904860649473, 9.352036180386623, 9.354297935979613, 9.355428372142237, 9.356558514086618, 9.35768836196585, 9.35881791593293, 9.361076142741876, 9.363333195734945, 9.365589076131656, 9.368970700771689, 9.370097324004771, 9.371223655000616, 9.37347544088669, 9.374600896079674, 9.37572605964094, 9.376850931721556, 9.377975512472517, 9.379099802044642, 9.380223800588679, 9.382470925194852, 9.384716887494546, 9.385839433155052, 9.386961688689418, 9.38808365424756, 9.389205329979267, 9.392568619712138, 9.393689137633837, 9.394809366476373, 9.39592930638886, 9.397048957520274, 9.4015246772111, 9.403760808235422, 9.405995788294222, 9.40711284708167, 9.408229618571644, 9.409346102911865, 9.410462300249964, 9.41157821073343, 9.414924222529384, 9.416038987067092, 9.417153465485974, 9.418267657932862, 9.421608520908052, 9.422721570932893, 9.423834335718162, 9.424946815409989]}, {"gosnr_load_qot_54": [8.974383424768446, 8.944365695205137, 9.074995945874846, 9.071744863168021, 9.000045469269203, 8.930104049509328, 8.96710035153021, 9.062838106435736, 9.059906417818445, 9.062773032474281, 9.07939183143346, 8.979077412541818, 8.921433316667573, 9.05816739092346, 9.019964822396174, 9.021727226339925, 8.942432026473684, 8.991890255234024, 8.992586556704493, 8.954196451005018, 8.94418337041137, 8.964119984288356, 9.083324086612054, 9.121009231802402, 8.969200163260691, 8.96010065195317, 8.980057708076911, 9.03016679759854, 8.938129968830616, 8.932917250034617, 9.019907106264412, 8.972294849909817, 8.94401318533996, 9.024926138549745, 9.03225808752227, 8.966704217082585, 8.922683125108936, 8.959597371554992, 8.965527240345773, 8.934670394752967, 8.991760184067465, 9.005729243318628, 8.919579427870586, 8.991269177045032, 9.016968371755627, 8.984956902753915, 8.974403730143255, 8.94712625527513, 9.074121012044504, 9.037762070554319, 9.052475658059203, 8.977661798186634, 9.04762460164168, 8.955450009532369]}]}