{"tests_qot": [{"osnr_load_qot_81": [9.335035356888927, 9.336170818302266, 9.337305982876277, 9.338440850766105, 9.339575422126785, 9.340709697113212, 9.341843675880177, 9.342977358582345, 9.344110745374255, 9.345243836410326, 9.346376631844866, 9.347509131832048, 9.348641336525944, 9.349773246080474, 9.350904860649473, 9.352036180386623, 9.353167205445523, 9.354297935979613, 9.355428372142237, 9.356558514086618, 9.35768836196585, 9.35881791593293, 9.359947176140683, 9.361076142741876, 9.36220481588914, 9.363333195734945, 9.364461282431689, 9.365589076131656, 9.36671657698698, 9.367843785149688, 9.368970700771689, 9.370097324004771, 9.371223655000616, 9.37234969391078, 9.37347544088669, 9.374600896079674, 9.37572605964094, 9.376850931721556, 9.377975512472517, 9.379099802044642, 9.380223800588679, 9.381347508255262, 9.382470925194852, 9.38359405155786, 9.384716887494546, 9.385839433155052, 9.386961688689418, 9.38808365424756, 9.389205329979267, 9.390326716034252, 9.391447812562046, 9.392568619712138, 9.393689137633837, 9.394809366476373, 9.39592930638886, 9.397048957520274, 9.398168320019506, 9.399287394035312, 9.400406179716333, 9.4015246772111, 9.40264288666803, 9.403760808235422, 9.404878442061456, 9.405995788294222, 9.40711284708167, 9.408229618571644, 9.409346102911865, 9.410462300249964, 9.41157821073343, 9.41269383450966, 9.413809171725918, 9.414924222529384, 9.416038987067092, 9.417153465485974, 9.418267657932862, 9.419381564554456, 9.420495185497357, 9.421608520908052, 9.422721570932893, 9.423834335718162, 9.424946815409989]}, {"gosnr_load_qot_81": [8.837363041403346, 8.880935140012388, 8.819670617104356, 8.81871264791969, 8.822047884768299, 8.81550260347533, 8.821438482484194, 8.81661582526854, 8.884111942470307, 8.816679964618805, 8.92518101483888, 8.827032535901292, 8.861516592342804, 8.815411427606389, 8.815623985691635, 8.946539557989832, 8.858407354484136, 8.965214480571845, 8.872512940553271, 8.830839137044876, 8.820777464966566, 8.864841397935914, 8.815319770097227, 8.900153455574834, 8.824446061029583, 8.819758302880063, 8.841178485760274, 8.82806412456819, 8.815222928624493, 8.839220298706538, 9.051645627528073, 8.81614504172358, 8.891364620786144, 8.831603001997209, 8.825152470994952, 8.84121958338524, 8.834378722613174, 8.823499286161077, 8.978264342109474, 8.9325972110129, 8.87640991267608, 8.81527195708357, 8.912245587933311, 8.81901418324647, 8.850166819235039, 8.817717808046705, 8.863565422957599, 8.815208133930279, 8.81719518837156, 8.822375291322528, 8.850453590483964, 8.815775959969846, 8.823377485587748, 8.832343152050278, 8.82678768589459, 8.845424776679051, 8.8375578929862, 8.829170099152705, 8.818333943686866, 8.815907442676284, 8.92148122008319, 8.817166242983772, 8.82941376647796, 8.843244144352973, 8.81625994843165, 8.852749759163522, 8.820566317966655, 8.855491323682608, 8.872251373927128, 8.993459723855148, 8.856380713056343, 8.904352294666735, 8.825582279805968, 8.83392916055566, 8.847729012879698, 8.835600996585947, 8.81789106658226, 8.84546953847967, 8.88589188471369, 8.868408714188899, 8.897466233824032]}]}