{"tests": [{"osnr_load_27": [8.839670822163129, 9.037798786387523, 9.10330484941275, 9.49070280265994, 9.80615025313153, 9.930451063181904, 10.053679877516789, 10.114892639615583, 10.175837856888911, 10.357070142115658, 10.535902002543798, 10.653793058488898, 10.886393470931612, 10.943882675402605, 11.05807058201012, 11.283295797761376, 11.667407973228363, 11.774829005721445, 11.881224762631224, 12.1427606045488, 12.397999545933793, 12.548156660191953, 12.647029457156574, 12.696098578806348, 12.744923898573067, 13.219948598025631, 13.26614693257328]}, {"gosnr_load_27": [9.0251202413601, 11.997793207029703, 11.580288640657164, 9.942984939903358, 10.856009815611223, 10.375796101541342, 9.802837120573177, 12.502367250348097, 9.896916366590684, 9.410621385951107, 11.08558829509538, 10.719710983012742, 11.473672625234897, 8.782894346668146, 11.824699644185287, 11.996130561686925, 8.960999527011134, 12.54573632304824, 10.014702275281731, 12.11602670898114, 11.984344215430724, 10.486818256338212, 10.211639840744134, 12.043812887390777, 11.400876422460088, 10.672217161550597, 9.69717945094644]}]}