{"tests": [{"osnr_load_54": [11.199100831720205, 11.200235350963805, 11.202503500483038, 11.20590350466198, 11.208168695849576, 11.209300848426405, 11.210432705863889, 11.211564268315827, 11.212695535935937, 11.214957187294829, 11.21608757134042, 11.21721766116776, 11.218347456929962, 11.21947695878, 11.221735081354897, 11.223992030113923, 11.226247806276604, 11.229629274565609, 11.23075584568169, 11.231882124560538, 11.234133806212622, 11.235259209288618, 11.236384320732892, 11.23750914069653, 11.238633669330504, 11.239757906785655, 11.240881853212716, 11.243128873584944, 11.245374731650708, 11.24649722519425, 11.247619428611657, 11.24874134205285, 11.24986296566761, 11.253226099049638, 11.254346564854398, 11.255466741580001, 11.256586629375548, 11.257706228390035, 11.262181739613164, 11.264417766403652, 11.266652642228646, 11.267769648899186, 11.268886368272252, 11.270002800495579, 11.27111894571678, 11.272234804083352, 11.275580659528648, 11.276695371949476, 11.277809798251484, 11.27892393858149, 11.282264645206075, 11.283377643114056, 11.28449035578247, 11.285602783357438]}, {"gosnr_load_54": [10.836166380156023, 10.806247664971796, 10.936332428290399, 10.9333434793121, 10.861772675796766, 10.79199287987228, 10.828807469465927, 10.924447650113038, 10.921538645142023, 10.92433861191331, 10.940898344605044, 10.840879520451463, 10.783352013897872, 10.919550421140126, 10.881701024518451, 10.883400635344831, 10.804232447732918, 10.853571532303786, 10.854390584769671, 10.816051619654399, 10.805958030609734, 10.825843171143443, 10.944879637430791, 10.98245626733134, 10.831025976804487, 10.821893941309428, 10.84189695224509, 10.891711312558147, 10.799936872816238, 10.794810863487461, 10.881476927856461, 10.834043706098804, 10.805784971396807, 10.886650326172893, 10.89394268567201, 10.828541056182623, 10.784604687665505, 10.821382077715695, 10.827324034949314, 10.796491336290408, 10.853376796425433, 10.867408316240514, 10.781507128317443, 10.85301343471932, 10.87868359296075, 10.846774398205806, 10.836108654637307, 10.80899641908545, 10.935449726479117, 10.899289610211468, 10.913894255851357, 10.839505068618916, 10.909271489912857, 10.81718301225266]}]}