{"tests": [{"osnr_load_81": [11.19569549419424, 11.196830903490492, 11.197966015947411, 11.199100831720155, 11.200235350963752, 11.2013695738331, 11.202503500482985, 11.203637131068081, 11.204770465742921, 11.20590350466193, 11.207036247979406, 11.208168695849528, 11.209300848426356, 11.210432705863838, 11.211564268315774, 11.212695535935884, 11.213826508877736, 11.21495718729478, 11.216087571340367, 11.217217661167707, 11.218347456929909, 11.219476958779948, 11.22060616687068, 11.221735081354844, 11.222863702385082, 11.223992030113873, 11.225120064693602, 11.226247806276554, 11.227375255014868, 11.228502411060557, 11.229629274565557, 11.230755845681642, 11.231882124560485, 11.233008111353646, 11.234133806212572, 11.235259209288566, 11.236384320732842, 11.237509140696478, 11.238633669330449, 11.239757906785604, 11.240881853212663, 11.242005508762267, 11.24312887358489, 11.244251947830934, 11.245374731650653, 11.246497225194199, 11.247619428611607, 11.248741342052798, 11.249862965667557, 11.250984299605589, 11.25210534401644, 11.253226099049588, 11.254346564854348, 11.25546674157995, 11.256586629375494, 11.257706228389981, 11.258825538772289, 11.259944560671167, 11.261063294235258, 11.262181739613116, 11.263299896953127, 11.2644177664036, 11.265535348112731, 11.266652642228593, 11.267769648899135, 11.268886368272199, 11.27000280049553, 11.271118945716731, 11.2722348040833, 11.27335037574265, 11.274465660842017, 11.275580659528595, 11.276695371949426, 11.277809798251429, 11.278923938581439, 11.28003779308617, 11.281151361912201, 11.282264645206023, 11.283377643114008, 11.284490355782422, 11.285602783357387]}, {"gosnr_load_81": [10.6995948683637, 10.743085359078066, 10.681840846258483, 10.680889041158672, 10.684204390214987, 10.677708317984091, 10.683678767562268, 10.678808363009711, 10.746033858709655, 10.678911613947381, 10.786970086715593, 10.689164157700732, 10.723708746632711, 10.677633790562808, 10.677848984312151, 10.808517734119413, 10.720605560892169, 10.827139040981976, 10.73447359922042, 10.693077423271937, 10.682941079779638, 10.72702685106907, 10.677529309634142, 10.762022899668729, 10.686687146367504, 10.681997081479919, 10.703405425002249, 10.690304182400912, 10.677436034290759, 10.70144983304367, 10.913310349168919, 10.67834227233044, 10.753490017835333, 10.693714248779076, 10.687293049960967, 10.703291866674356, 10.696478290620517, 10.685648134142568, 10.83988520713979, 10.794614442176105, 10.738570455722877, 10.67749146472751, 10.774317852359383, 10.681251921073862, 10.712379912416178, 10.679952889257308, 10.725556656353259, 10.67742455882291, 10.679382705660457, 10.684616039941432, 10.712491284792335, 10.677977576774481, 10.685618501945225, 10.694580203661834, 10.689028297033126, 10.707645536574981, 10.699644553956247, 10.691291982114507, 10.680570449292011, 10.678134863977778, 10.783528841867657, 10.679399706171889, 10.691653051863131, 10.705468166319896, 10.678489585070636, 10.714958382686708, 10.682805945889797, 10.71769500092252, 10.734421132849336, 10.855301074621298, 10.718397104852468, 10.766445108072736, 10.687823231607151, 10.69616473203949, 10.709946139875171, 10.69783483091036, 10.680073211690566, 10.707525648922893, 10.74803047429165, 10.730586735419552, 10.759576530690378]}]}