{"tests_qot": [{"osnr_load_qot_27": [9.844072796361987, 10.011146214912209, 10.06643713378155, 10.393983094722639, 10.661446261319794, 10.767036558171892, 10.871831251656644, 10.923930613902524, 10.975831531271123, 11.130345338254187, 11.283079678631351, 11.383916723062903, 11.583233019598357, 11.632572335244074, 11.730665114139851, 11.924515272282544, 12.256312334717697, 12.34938532457463, 12.44169648492037, 12.669161989327742, 12.891937043582168, 13.023373495995362, 13.110076921883547, 13.153153806233245, 13.196048122126427, 13.615061522019092, 13.655981405292243]}, {"gosnr_load_qot_27": [9.97815994996839, 12.548074169395548, 12.161479682613972, 10.739572027767688, 11.528908666072798, 11.117172810118497, 10.629395717595004, 13.03214627670407, 10.703371210578949, 10.306136271240785, 11.731092100310562, 11.406285319384484, 12.066409675371006, 9.77971785139774, 12.380542770251001, 12.536300464543011, 9.924131419011015, 13.072057998219304, 10.803972382546949, 12.655391297122812, 12.539001500975576, 11.212303883118985, 10.977821173395906, 12.583202772522304, 12.003942719690368, 11.366358178167191, 10.543426695290934]}]}