{"tests_qot": [{"osnr_load_qot_54": [11.846276565940695, 11.84741106115105, 11.8496791626038, 11.853079094683034, 11.855344237804172, 11.856476366347772, 11.857608199752024, 11.85873973817074, 11.859870981757627, 11.86213258505008, 11.863262945062452, 11.864393010856574, 11.865522782585561, 11.866652260402386, 11.868910334910863, 11.871167235603474, 11.873422963699756, 11.876804359889162, 11.877930906972047, 11.879057161817704, 11.881308795403406, 11.882434174446214, 11.883559261857304, 11.884684057787755, 11.885808562388547, 11.88693277581052, 11.888056698204398, 11.890303670510278, 11.892549480509691, 11.893671950020071, 11.89479412940431, 11.895916018812333, 11.89703761839393, 11.900400679676475, 11.901521121448077, 11.902641274140526, 11.903761137902924, 11.904880712884259, 11.909356127974796, 11.911592106698999, 11.913826934457713, 11.914943917095124, 11.916060612435057, 11.91717702062525, 11.91829314181332, 11.919408976146766, 11.922754759492683, 11.92386944788039, 11.924983850149275, 11.926097966446168, 11.929438600971407, 11.93055157484628, 11.931664263481585, 11.932776667023447]}, {"gosnr_load_qot_54": [11.483960032062798, 11.454094472213383, 11.583886200041649, 11.5810384545583, 11.509536458267771, 11.439843291267593, 11.476560212109277, 11.572148453327229, 11.569251650319806, 11.572015727833222, 11.588543748855987, 11.488683522756418, 11.431218462502512, 11.567129157191857, 11.529469785294445, 11.53113557498039, 11.452035302134258, 11.501310514443437, 11.50219571034295, 11.463884049654016, 11.453747015984826, 11.47360455224866, 11.592551487820977, 11.630069908111087, 11.478842687499235, 11.469693067966983, 11.48972097073026, 11.539376862606137, 11.44774319227948, 11.442663870404115, 11.529156044415787, 11.48181897136782, 11.453572407047265, 11.534412646338213, 11.541683723706475, 11.476363691375838, 11.432472688301967, 11.469176576345596, 11.47512508571145, 11.444305196999451, 11.50108093719336, 11.515146201889603, 11.429378416224145, 11.500786346686667, 11.526441029366373, 11.494586730144896, 11.483860263220853, 11.456836882869377, 11.582999307550004, 11.546946064944908, 11.561492115626692, 11.487331240852567, 11.556992312328891, 11.46494962561085]}]}