{"tests_qot": [{"osnr_load_qot_81": [11.842871300514517, 11.844006685777522, 11.845141774201194, 11.846276565940695, 11.84741106115105, 11.848545259987153, 11.8496791626038, 11.85081276915566, 11.851946079797264, 11.853079094683034, 11.854211813967282, 11.855344237804172, 11.856476366347772, 11.857608199752024, 11.85873973817074, 11.859870981757627, 11.861001930666253, 11.86213258505008, 11.863262945062452, 11.864393010856574, 11.865522782585561, 11.866652260402386, 11.867781444459904, 11.868910334910863, 11.870038931907892, 11.871167235603474, 11.872295246150005, 11.873422963699756, 11.874550388404865, 11.87567752041736, 11.876804359889162, 11.877930906972047, 11.879057161817704, 11.880183124577673, 11.881308795403406, 11.882434174446214, 11.883559261857304, 11.884684057787755, 11.885808562388547, 11.88693277581052, 11.888056698204398, 11.889180329720828, 11.890303670510278, 11.891426720723148, 11.892549480509691, 11.893671950020071, 11.89479412940431, 11.895916018812333, 11.89703761839393, 11.898158928298798, 11.899279948676494, 11.900400679676475, 11.901521121448077, 11.902641274140526, 11.903761137902924, 11.904880712884259, 11.905999999233412, 11.90711899709914, 11.90823770663009, 11.909356127974796, 11.910474261281667, 11.911592106698999, 11.912709664374994, 11.913826934457713, 11.914943917095124, 11.916060612435057, 11.91717702062525, 11.91829314181332, 11.919408976146766, 11.920524523772984, 11.921639784839229, 11.922754759492683, 11.92386944788039, 11.924983850149275, 11.926097966446168, 11.927211796917778, 11.928325341710694, 11.929438600971407, 11.93055157484628, 11.931664263481585, 11.932776667023447]}, {"gosnr_load_qot_81": [11.347629514222671, 11.391076304998993, 11.329842185544374, 11.328893696138067, 11.332198349022587, 11.325728753643931, 11.331717870665049, 11.326821704844036, 11.39390180154082, 11.326946033197732, 11.434766714035865, 11.337144738699747, 11.371722166748444, 11.325663197406735, 11.325879812847743, 11.456416395403208, 11.36862222261595, 11.475008933435165, 11.38236234386361, 11.341115508670573, 11.330938861684954, 11.375036681213832, 11.32555180542266, 11.409862671753832, 11.334726699744355, 11.330035362125738, 11.351437461093711, 11.338343204946701, 11.325460451234331, 11.349483255196134, 11.561040806779525, 11.326358140136069, 11.401467654562051, 11.341683879085805, 11.335278445901956, 11.351240561653533, 11.344441645128033, 11.333637975647942, 11.487591550621586, 11.44253405787024, 11.386566936090343, 11.325519331974833, 11.42226699178195, 11.329289636147593, 11.36040454404566, 11.327989164495891, 11.373461819015695, 11.325450764386941, 11.327393345680512, 11.332655398767429, 11.360421399685745, 11.325995805936824, 11.333658011391368, 11.342617633254633, 11.337067609677137, 11.355674269609398, 11.347600973386111, 11.33926732859739, 11.328607496025999, 11.326166999877923, 11.431464761883039, 11.327435105977912, 11.33969166668123, 11.353498643418181, 11.326522917035504, 11.36298062208077, 11.33084468934058, 11.365714592255092, 11.382422552915072, 11.503126316164977, 11.366315778427538, 11.41440526982928, 11.335862720207803, 11.344201374043475, 11.35797292980228, 11.3458705473598, 11.328080961095006, 11.355465655897035, 11.396015185071997, 11.378592583377198, 11.407546069497323]}]}