{"tests_qot": [{"osnr_load_qot_27": [13.32122280542298, 13.410719759060232, 13.440417327272321, 13.617192672891438, 13.762666773670471, 13.820390610769952, 13.877849184037318, 13.906479190136423, 13.935043113608845, 14.020339182077201, 14.105043390401164, 14.161185144444662, 14.272685144893886, 14.300397411585744, 14.355627270879488, 14.465310761542096, 14.654781509513162, 14.708340949290378, 14.76164618914581, 14.893802222127936, 15.024386544328777, 15.101987916248499, 15.153411685458542, 15.17903073576251, 15.204588035084592, 15.45678792985026, 15.481672961120235]}, {"gosnr_load_qot_27": [13.31235439211892, 14.761658447177952, 14.52362557157154, 13.677441648975536, 14.14882345077487, 13.916760963028826, 13.645905499457129, 15.11140604469124, 13.667140189620792, 13.499537499046099, 14.277242684550258, 14.062162728177906, 14.462313770821167, 13.226376974421987, 14.66446426896132, 14.76022561651304, 13.283315281636414, 15.137884126996736, 13.72438700771671, 14.834336254048528, 14.755071760027773, 13.970735990001621, 13.841276555479796, 14.787484413149723, 14.43054841862622, 14.042337497413245, 13.610963921341598]}]}