{"tests_qot": [{"osnr_load_qot_54": [14.403197545753274, 14.404331901787424, 14.406599724887823, 14.409999239438632, 14.412264104207566, 14.413396093575088, 14.414527787803275, 14.415659187045948, 14.4167902914568, 14.419051616397239, 14.420181837233626, 14.42131176385178, 14.422441396404812, 14.423570735045697, 14.425828531202352, 14.42808515354319, 14.430340603287775, 14.433721581949737, 14.434847989856841, 14.43597410552673, 14.438225460760947, 14.439350700628037, 14.440475648863423, 14.44160030561819, 14.442724671043305, 14.443848745289621, 14.444972528507865, 14.447219222462504, 14.44946475411074, 14.450587084445559, 14.45170912465425, 14.452830874886736, 14.453952335292824, 14.457314979048906, 14.458435281645057, 14.459555295162065, 14.460675019749038, 14.461794455554966, 14.466269313944025, 14.468505014317588, 14.470739563725722, 14.471856407187861, 14.472972963352543, 14.474089232367502, 14.475205214380349, 14.47632090953859, 14.479666275358987, 14.48078082457155, 14.481895087665308, 14.483009064787087, 14.486349281787085, 14.487462116486913, 14.488574665947178, 14.489686930314026]}, {"gosnr_load_qot_54": [14.038197637478094, 14.008171584848018, 14.138859788441243, 14.135558946604686, 14.063861118443072, 13.993913771432576, 14.03093196925858, 14.126653389530466, 14.123718382841508, 14.126596888813264, 14.14322096496591, 14.042886185246592, 13.985240363996688, 14.122028462042902, 14.0837713847358, 14.085545347804711, 14.006254473988694, 14.055717829734784, 14.056390007326897, 14.01800398079509, 14.008010191707822, 14.027949564163965, 14.14714221197226, 14.184834278870284, 14.033007935129486, 14.02391806507004, 14.043858901347384, 14.09400686251252, 14.001952715330441, 13.996725024205805, 14.083746042649567, 14.03611645593637, 14.007840627245967, 14.088733204226573, 14.096070138823046, 14.030510755692935, 13.98648916415038, 14.023416636886791, 14.029341994505174, 13.99849166473456, 14.055600380395987, 14.069552161668193, 13.983385393622171, 14.055084732941038, 14.08078011970997, 14.04876053156076, 14.038233108239972, 14.01093343849508, 14.137986692351598, 14.101602623063435, 14.116331931268116, 14.041463084856595, 14.111438285896455, 14.019280837784411]}]}