{"tests_qot": [{"osnr_load_qot_81": [14.399792697855794, 14.40092794394255, 14.402062893189992, 14.403197545753274, 14.404331901787424, 14.405465961447344, 14.406599724887823, 14.407733192263523, 14.408866363728984, 14.409999239438632, 14.411131819546767, 14.412264104207566, 14.413396093575088, 14.414527787803275, 14.415659187045948, 14.4167902914568, 14.417921101189409, 14.419051616397239, 14.420181837233626, 14.42131176385178, 14.422441396404812, 14.423570735045697, 14.424699779927296, 14.425828531202352, 14.426956989023482, 14.42808515354319, 14.429213024913869, 14.430340603287775, 14.431467888817053, 14.432594881653738, 14.433721581949737, 14.434847989856841, 14.43597410552673, 14.437099929110953, 14.438225460760947, 14.439350700628037, 14.440475648863423, 14.44160030561819, 14.442724671043305, 14.443848745289621, 14.444972528507865, 14.44609602084866, 14.447219222462504, 14.448342133499777, 14.44946475411074, 14.450587084445559, 14.45170912465425, 14.452830874886736, 14.453952335292824, 14.455073506022186, 14.456194387224397, 14.457314979048906, 14.458435281645057, 14.459555295162065, 14.460675019749038, 14.461794455554966, 14.46291360272873, 14.46403246141908, 14.465151031774667, 14.466269313944025, 14.467387308075565, 14.468505014317588, 14.469622432818285, 14.470739563725722, 14.471856407187861, 14.472972963352543, 14.474089232367502, 14.475205214380349, 14.47632090953859, 14.477436317989614, 14.478551439880691, 14.479666275358987, 14.48078082457155, 14.481895087665308, 14.483009064787087, 14.484122756083602, 14.485236161701438, 14.486349281787085, 14.487462116486913, 14.488574665947178, 14.489686930314026]}, {"gosnr_load_qot_81": [13.90113925866263, 13.944711721228666, 13.883465061020473, 13.882506231095245, 13.8858441585449, 13.879291616973276, 13.885218682425908, 13.880407008486689, 13.94793177668224, 13.88046352102191, 13.989011913411549, 13.89083188831328, 13.925291948474701, 13.87919723636882, 13.879409207150019, 14.010325952623315, 13.922182640382578, 14.029004505975102, 13.93632938689868, 13.894616406271652, 13.88457280458927, 13.928616872903836, 13.879108104316934, 13.963977741451242, 13.888225044199867, 13.883539388223308, 13.90495430200354, 13.89184202994958, 13.879010603613104, 13.902996304075222, 14.115454349292245, 13.879935478392586, 13.95514229421152, 13.895404700885017, 13.88895074572667, 13.905025454296158, 13.89818171054523, 13.887296536664074, 14.042108654451669, 13.996381065325576, 13.940186103930223, 13.879058370109254, 13.976026089265435, 13.882795733276708, 13.91394213941621, 13.881500331509454, 13.92737911448175, 13.878995168794056, 13.880987143553178, 13.886155070680166, 13.914262911248322, 13.879565673871934, 13.88715685928583, 13.896120129584638, 13.890565934540284, 13.909200289041781, 13.901362265326664, 13.892970589957411, 13.882115973066194, 13.879692093261074, 13.985263182779095, 13.88094927539246, 13.893191345201457, 13.907019795700286, 13.880044044123654, 13.916525030991572, 13.884346953267839, 13.91926658289134, 13.93602725813029, 14.057255596999632, 13.92019206968465, 13.968131641000072, 13.889360887848119, 13.897705864943253, 13.911504414106822, 13.899377447223515, 13.881683821023662, 13.909277047285624, 13.949668953565626, 13.932184362698422, 13.961244654544915]}]}