{"tests_qot": [{"osnr_load_qot_27": [12.018356104367182, 12.13202095514311, 12.169704484064319, 12.39366150653602, 12.577494350664807, 12.65031816135043, 12.72273786612036, 12.758796444642718, 12.794754319177548, 12.90202483839273, 13.008393123830738, 13.078805662300606, 13.218436046785655, 13.25309549744334, 13.322117548577978, 13.458978072184076, 13.694710372682326, 13.761186082163075, 13.827274543774344, 13.990809863226419, 14.151953302136334, 14.247500091614555, 14.31072616838726, 14.342198207410636, 14.373576487867023, 14.68224329711013, 14.712602537417327]}, {"gosnr_load_qot_27": [12.059432085674182, 13.8703536513585, 13.577802891542618, 12.549296659243705, 13.11941989053693, 12.8305854349021, 12.492117972637487, 14.271751231585615, 12.530561983470216, 12.289387199523397, 13.271222006959542, 13.021698070270102, 13.505429710755806, 11.937351249770067, 13.744805368361053, 13.861777366634202, 12.022694326072092, 14.302958365235439, 12.601189527029458, 13.954670094452428, 13.863856737309042, 12.897476074324544, 12.73502976390678, 13.897174427486005, 13.463479882392082, 12.99545409707347, 12.440764002001934]}]}