{"tests_qot": [{"osnr_load_qot_54": [13.39163772317459, 13.392772144196883, 13.39504009727354, 13.398439806788671, 13.400704801533783, 13.40183685588938, 13.402968615105632, 13.404100079336365, 13.40523124873527, 13.40749270365178, 13.408622989476191, 13.409752981082361, 13.410882678623402, 13.412012082252286, 13.414270008384914, 13.416526760701695, 13.418782340422183, 13.422163514047945, 13.423289986942965, 13.424416167600759, 13.426667652810767, 13.42779295766574, 13.428917970888996, 13.430042692631632, 13.4311671230446, 13.432291262278767, 13.433415110484848, 13.435661934415146, 13.437907596039, 13.439029991361618, 13.440152096558101, 13.441273911778367, 13.44239543717223, 13.445758275891578, 13.446878643475468, 13.447998721980207, 13.449118511554905, 13.450238012348548, 13.45471313068838, 13.456948961037279, 13.459183640420715, 13.460300548870496, 13.461417170022807, 13.462533504025384, 13.463649551025847, 13.464765311171696, 13.468110871954856, 13.469225486154992, 13.470339814236315, 13.471453856345645, 13.474794268308257, 13.475907167995606, 13.477019782443385, 13.478132111797736]}, {"gosnr_load_qot_54": [13.03067770466548, 13.00093505816822, 13.130050276457952, 13.12752663939867, 13.056184788723414, 12.986692585871033, 13.02318422847554, 13.118650293020778, 13.115781582853641, 13.118463214026256, 13.13491794218988, 13.03542480339009, 12.978104827785707, 13.113351045411337, 13.076128919414975, 13.077717040455967, 12.998775077674622, 13.04790218582533, 13.048939150082344, 13.010691337973075, 13.000454909688361, 13.02024848440418, 13.138986241486911, 13.176369892673712, 13.025613438288271, 13.01642374538269, 13.03650815684196, 13.085798833431435, 12.994491051804083, 12.989519035619955, 13.075609466945771, 13.028494513333122, 13.000276749526417, 13.08105684516871, 13.088278854313346, 13.023148115603247, 12.979362577368473, 13.015896648382787, 13.021860011473498, 12.991070469161105, 13.04759265957765, 13.061734926867244, 12.976275944466085, 13.047455900621806, 13.073074269389194, 13.041346944586182, 13.030481451553834, 13.003662825892162, 13.129153796227993, 13.093346927071561, 13.10775806317544, 13.034123443858585, 13.103540570191065, 13.011605832088796]}]}