{"tests_qot": [{"osnr_load_qot_81": [13.388232680312635, 13.389367991387557, 13.39050300562316, 13.39163772317459, 13.392772144196883, 13.393906268844933, 13.39504009727354, 13.396173629637358, 13.397306866090927, 13.398439806788671, 13.399572451884902, 13.400704801533783, 13.40183685588938, 13.402968615105632, 13.404100079336365, 13.40523124873527, 13.406362123455917, 13.40749270365178, 13.408622989476191, 13.409752981082361, 13.410882678623402, 13.412012082252286, 13.413141192121875, 13.414270008384914, 13.415398531194018, 13.416526760701695, 13.41765469706033, 13.418782340422183, 13.419909690939406, 13.42103674876402, 13.422163514047945, 13.423289986942965, 13.424416167600759, 13.425542056172882, 13.426667652810767, 13.42779295766574, 13.428917970888996, 13.430042692631632, 13.4311671230446, 13.432291262278767, 13.433415110484848, 13.434538667813477, 13.435661934415146, 13.436784910440235, 13.437907596039, 13.439029991361618, 13.440152096558101, 13.441273911778367, 13.44239543717223, 13.443516672889356, 13.444637619079325, 13.445758275891578, 13.446878643475468, 13.447998721980207, 13.449118511554905, 13.450238012348548, 13.451357224510016, 13.452476148188065, 13.453594783531342, 13.45471313068838, 13.45583118980759, 13.456948961037279, 13.458066444525631, 13.459183640420715, 13.460300548870496, 13.461417170022807, 13.462533504025384, 13.463649551025847, 13.464765311171696, 13.465880784610317, 13.466995971488982, 13.468110871954856, 13.469225486154992, 13.470339814236315, 13.471453856345645, 13.472567612629707, 13.47368108323508, 13.474794268308257, 13.475907167995606, 13.477019782443385, 13.478132111797736]}, {"gosnr_load_qot_81": [12.89490446482288, 12.938249639815588, 12.877041216722851, 12.876100366305906, 12.87938036913516, 12.872971740708895, 12.879003528337202, 12.874048376308973, 12.940792731033017, 12.874221081861174, 12.981492727287304, 12.884295904615753, 12.918947672139645, 12.872926778815309, 12.873146651152286, 13.003375921584437, 12.915855262071688, 13.021901858609562, 12.92930136529331, 12.888398549451622, 12.878129694709186, 12.922253846402949, 12.872799526554033, 12.956688462583742, 12.882013301134572, 12.877319182132176, 12.898706307076145, 12.885628479780408, 12.872712584888987, 12.896755341338917, 13.10761104881222, 12.873590623472914, 12.948610125677163, 12.888809774080945, 12.882440719415097, 12.898318118019068, 12.891553052805204, 12.880810502187101, 13.034108745833779, 12.989542104150933, 12.933753110717468, 12.872779383683335, 12.969343421060035, 12.876572180181627, 12.907656124665955, 12.875268442306187, 12.9204387910866, 12.872707003917693, 12.874613798435986, 12.879941615441542, 12.90745603466398, 12.87323372028424, 12.880944543862302, 12.889899123743929, 12.884353588538161, 12.902935406637502, 12.894696368507656, 12.886406416218062, 12.875888526293336, 12.873436830550615, 12.978510568716416, 12.874712390834338, 12.886975965288832, 12.900763849059063, 12.873795482551087, 12.910226634157668, 12.878129547524551, 12.912954443783818, 12.929620191086537, 13.049915893657067, 12.91332397586669, 12.96150723772616, 12.883149138969799, 12.891481009286546, 12.905229537611973, 12.89314800809382, 12.875294758324936, 12.902523144354621, 12.943174058660315, 12.925800500750363, 12.954669768932003]}]}