{"tests": [{"osnr_load_27": [8.279846614017934, 8.497274836646566, 8.569121499083513, 8.993581803016648, 9.338621551491741, 9.474428573018818, 9.60897426994754, 9.675774439840058, 9.742259702830845, 9.939828013039854, 10.134570117021068, 10.262831888004275, 10.51560888642227, 10.57802494709276, 10.701926375674901, 10.946020564273054, 11.361382383708929, 11.477323235815915, 11.592059505712989, 11.873671534441987, 12.147898920941344, 12.308938030159705, 12.414856347670584, 12.467386203868081, 12.519631235026964, 13.026653364292304, 13.075837350059745]}, {"gosnr_load_27": [8.497721215652028, 11.699361691891534, 11.276529384736374, 9.512649969948498, 10.500188538298246, 9.978918284115396, 9.353907414390275, 12.200758451917512, 9.46047032123921, 8.918952682073565, 10.745782352534173, 10.35593185478293, 11.163602526363125, 8.228223818870958, 11.534145370371295, 11.711481048826979, 8.427325665190072, 12.245240104384989, 9.588759257346535, 11.822970026186287, 11.681288270557735, 10.099540604565556, 9.799657870170446, 11.756078295487615, 11.085244536141175, 10.303920823220176, 9.236055879730726]}]}