{"tests": [{"osnr_load_54": [10.858261546002776, 10.859396076535203, 10.86166424863208, 10.865064286677491, 10.867329500442725, 10.868461664308374, 10.869593533034674, 10.870725106775431, 10.871856385684357, 10.874118059620884, 10.875248454955287, 10.87637855607144, 10.877508363122455, 10.878637876261305, 10.880896021413825, 10.883152992750471, 10.885408791490768, 10.888790293646194, 10.88991687605108, 10.89104316621873, 10.893294870448422, 10.894420284813215, 10.895545407546292, 10.896670238798727, 10.897794778721504, 10.898919027465455, 10.900042985181313, 10.902290028131134, 10.904535908774491, 10.905658413606824, 10.906780628313024, 10.907902553043012, 10.909024187946564, 10.912387355194962, 10.913507832288513, 10.914628020302903, 10.915747919387238, 10.91686752969051, 10.92134308606878, 10.923579135436833, 10.925814033839387, 10.92693105179871, 10.928047782460556, 10.929164225972661, 10.93028038248264, 10.93139625213799, 10.934742141449611, 10.935856865159215, 10.936971302749994, 10.938085454368775, 10.941426194859673, 10.942539204056423, 10.943651928013608, 10.944764366877342]}, {"gosnr_load_54": [10.495959683032865, 10.466085021776749, 10.595925203858194, 10.593057221483871, 10.521541685380505, 10.451832597092576, 10.488565300080166, 10.584165921374076, 10.581267229721409, 10.584036558430572, 10.600569964721238, 10.500681945835586, 10.443205045680958, 10.579163724483333, 10.541475343945736, 10.543146031907417, 10.464031998447346, 10.513318841810184, 10.514194674531002, 10.475877148018842, 10.465745773152985, 10.48560825877053, 10.604574154191733, 10.642102853609048, 10.490838793657655, 10.481691203242995, 10.501716600143201, 10.551397621765208, 10.459739175355473, 10.454652951494047, 10.541174338788755, 10.493821127174973, 10.46557137569986, 10.546419379749356, 10.553693865455028, 10.488358826681099, 10.444459114806666, 10.4811753433483, 10.487123227551882, 10.456299930979817, 10.513094208907646, 10.52715540503323, 10.44136421695542, 10.51278982019353, 10.538448040663885, 10.506584274233449, 10.495865889856002, 10.468828475776332, 10.595038860535158, 10.558968514887274, 10.573523665511669, 10.499326440121328, 10.569006133806925, 10.476952141576616]}]}