{"tests": [{"osnr_load_81": [10.85485617461033, 10.855991595195409, 10.857126718941155, 10.858261546002726, 10.859396076535148, 10.860530310693319, 10.861664248632028, 10.862797890505947, 10.863931236469611, 10.865064286677438, 10.866197041283737, 10.867329500442676, 10.868461664308322, 10.869593533034623, 10.870725106775378, 10.871856385684307, 10.87298736991497, 10.874118059620832, 10.875248454955234, 10.876378556071387, 10.877508363122402, 10.878637876261251, 10.879767095640794, 10.880896021413772, 10.88202465373282, 10.883152992750421, 10.884281038618953, 10.885408791490716, 10.886536251517837, 10.887663418852334, 10.88879029364614, 10.889916876051027, 10.89104316621868, 10.89216916430064, 10.893294870448369, 10.894420284813165, 10.89554540754624, 10.896670238798675, 10.897794778721448, 10.8989190274654, 10.90004298518126, 10.901166652019661, 10.902290028131079, 10.90341311366592, 10.904535908774434, 10.905658413606773, 10.906780628312973, 10.907902553042959, 10.909024187946507, 10.910145533173335, 10.911266588872975, 10.912387355194912, 10.91350783228846, 10.914628020302853, 10.915747919387183, 10.916867529690457, 10.91798685136155, 10.91910588454921, 10.92022462940209, 10.92134308606873, 10.922461254697527, 10.923579135436785, 10.924696728434695, 10.925814033839334, 10.926931051798658, 10.928047782460503, 10.92916422597261, 10.930280382482591, 10.93139625213794, 10.932511835086062, 10.933627131474204, 10.934742141449558, 10.935856865159163, 10.93697130274994, 10.938085454368725, 10.939199320162222, 10.940312900277027, 10.941426194859623, 10.942539204056374, 10.943651928013555, 10.94476436687729]}, {"gosnr_load_81": [10.359587938501056, 10.403043135207625, 10.34180445808217, 10.340855449631512, 10.344161789183428, 10.337688104236642, 10.34367486457384, 10.338782119134715, 10.405886273070138, 10.338903455204127, 10.446763411099258, 10.349110329234216, 10.383684821869597, 10.3376212684822, 10.337837692477708, 10.46839968771597, 10.3805842603583, 10.48699727615947, 10.394343272235941, 10.353073117298754, 10.342901695060325, 10.387000014208752, 10.337510854113612, 10.42185196101169, 10.34668377994593, 10.341992389009695, 10.363396447636994, 10.350300541517283, 10.337419222063652, 10.36144194651818, 10.573053470724545, 10.338318171952277, 10.413436904976507, 10.353651254600663, 10.347243258143042, 10.363211394406074, 10.356410051549254, 10.345602073467699, 10.49960380945434, 10.454513656741781, 10.398532750734823, 10.337477614898338, 10.434241354524865, 10.341246706257529, 10.372365034381975, 10.339946374523104, 10.385439962450175, 10.337409280282623, 10.339354172856625, 10.344612403133262, 10.372395336767786, 10.337955483748972, 10.345615044428968, 10.35457541038826, 10.349024841171497, 10.367633938752917, 10.35957052472005, 10.35123376997758, 10.340564627162083, 10.338124707847802, 10.443441474826546, 10.339392412894215, 10.351649128727372, 10.365457955198764, 10.338480472608909, 10.37494158230999, 10.342801690801052, 10.377676066796823, 10.394387455285635, 10.515122467105487, 10.37829163971941, 10.426377663925276, 10.34781986641783, 10.356159342544732, 10.369932990862479, 10.357828731166183, 10.340042233807283, 10.367437936699053, 10.4079831525356, 10.390556662358314, 10.419516780679146]}]}