{"tests_qot": [{"osnr_load_qot_27": [13.045133632444246, 13.139250754348522, 13.170476329616609, 13.35629332924968, 13.509136900318463, 13.569766555236292, 13.630107006717687, 13.66016898463413, 13.690158907420269, 13.779697184292344, 13.868590018941092, 13.92749449238079, 14.04444886114292, 14.073509949066239, 14.131419770839384, 14.24639265839684, 14.444894804133554, 14.500982344194242, 14.556792564560173, 14.695110374276547, 14.831713604290467, 14.912858264954153, 14.96661604522864, 14.9933936792265, 15.020103962460542, 15.283528240080855, 15.309505425634955]}, {"gosnr_load_qot_27": [13.046443584397522, 14.570767301295668, 14.318963142958914, 13.436173181897109, 13.926957849179004, 13.683530078209687, 13.39936906414761, 14.931514625564757, 13.424133863828995, 13.241815627114315, 14.059920966191754, 13.838297384723129, 14.255463788069624, 12.953392443287647, 14.465127055989997, 14.56580472245766, 13.015922334206419, 14.958981007926377, 13.483997309257758, 14.645620807515913, 14.564737417464249, 13.740063632521869, 13.604049664007732, 14.595556508248105, 14.221414203524777, 13.817144862537774, 13.361130090625064]}]}