{"tests_qot": [{"osnr_load_qot_54": [14.183260536380171, 14.18439490785929, 14.186662761849629, 14.190062322735326, 14.192327218394178, 14.193459223206656, 14.194590932879796, 14.195722347567418, 14.196853467423221, 14.199114823253549, 14.200245059534877, 14.20137500159797, 14.20250464959594, 14.203634003681762, 14.205891830728278, 14.208148483958976, 14.210403964593405, 14.213784989590124, 14.214911412942142, 14.216037544056942, 14.218288930180975, 14.21941418549297, 14.22053914917326, 14.221663821372928, 14.22278820224294, 14.223912291934152, 14.225036090597289, 14.227282815441711, 14.229528377979722, 14.230650723759421, 14.231772779412996, 14.23289454509036, 14.234016020941327, 14.237378711032022, 14.238499029073044, 14.239619058034918, 14.240738798066754, 14.241858249317545, 14.246333169486029, 14.248568900749293, 14.250803481047116, 14.251920339954099, 14.25303691156362, 14.254153196023417, 14.2552691934811, 14.256384904084173, 14.25973031623906, 14.260844880896446, 14.26195915943503, 14.263073152001626, 14.266413415336071, 14.267526265480711, 14.268638830385786, 14.269751110197442]}, {"gosnr_load_qot_54": [13.82214112721437, 13.79240086284077, 13.921505620797813, 13.918982191185954, 13.847646155345979, 13.778159525476891, 13.814648252723856, 13.910106573502574, 13.907238098521002, 13.909919509850093, 13.926372886058402, 13.82688784422639, 13.769572449923878, 13.904807760220008, 13.867588670064988, 13.869176662109275, 13.790241054708039, 13.839364221367878, 13.840401101947371, 13.802156363050804, 13.791920752682929, 13.811712744099404, 13.93044085030488, 13.967821407971774, 13.817077267593401, 13.80788831158366, 13.827971110507695, 13.877257797901844, 13.785957370438211, 13.78098575029172, 13.867069259778589, 13.819958111291673, 13.79174260673938, 13.872516195389126, 13.879737616871884, 13.814612142748786, 13.770830099628364, 13.807361256802936, 13.81332414194383, 13.782537060304685, 13.839054720093454, 13.853195844534955, 13.767743711784846, 13.838917972171053, 13.864534268023604, 13.832809508639876, 13.82194488987439, 13.795128412773373, 13.920609214273918, 13.884805276652251, 13.899215235811075, 13.825586589378274, 13.89499808767, 13.803070784002255]}]}