{"tests_qot": [{"osnr_load_qot_81": [14.179855642147759, 14.180990903679493, 14.182125868371912, 14.183260536380171, 14.18439490785929, 14.185528982964179, 14.186662761849629, 14.187796244670295, 14.18892943158072, 14.190062322735326, 14.191194918288424, 14.192327218394178, 14.193459223206656, 14.194590932879796, 14.195722347567418, 14.196853467423221, 14.197984292600776, 14.199114823253549, 14.200245059534877, 14.20137500159797, 14.20250464959594, 14.203634003681762, 14.204763064008294, 14.205891830728278, 14.20702030399434, 14.208148483958976, 14.20927637077458, 14.210403964593405, 14.211531265567604, 14.212658273849208, 14.213784989590124, 14.214911412942142, 14.216037544056942, 14.217163383086074, 14.218288930180975, 14.21941418549297, 14.22053914917326, 14.221663821372928, 14.22278820224294, 14.223912291934152, 14.225036090597289, 14.226159598382978, 14.227282815441711, 14.228405741923872, 14.229528377979722, 14.230650723759421, 14.231772779412996, 14.23289454509036, 14.234016020941327, 14.235137207115562, 14.236258103762648, 14.237378711032022, 14.238499029073044, 14.239619058034918, 14.240738798066754, 14.241858249317545, 14.242977411936167, 14.244096286071377, 14.245214871871818, 14.246333169486029, 14.24745117906242, 14.248568900749293, 14.249686334694836, 14.250803481047116, 14.251920339954099, 14.25303691156362, 14.254153196023417, 14.2552691934811, 14.256384904084173, 14.25750032798003, 14.258615465315936, 14.25973031623906, 14.260844880896446, 14.26195915943503, 14.263073152001626, 14.26418685874296, 14.265300279805611, 14.266413415336071, 14.267526265480711, 14.268638830385786, 14.269751110197442]}, {"gosnr_load_qot_81": [13.686378630100275, 13.729720411933597, 13.668516770552579, 13.667575993111956, 13.67085574146185, 13.664447610070667, 13.670478929910896, 13.665524162221185, 13.73226330301841, 13.665696854385125, 13.772960080325348, 13.67577089521012, 13.710419959442802, 13.664402651661609, 13.664622506958235, 13.794841531379197, 13.707327791500731, 13.813365985723621, 13.720772840679203, 13.67987322111047, 13.669605164092252, 13.713725874652416, 13.664275409262135, 13.748157780970349, 13.673488469045868, 13.668794714398713, 13.690180176089601, 13.677103366814746, 13.664188474334729, 13.688229362416537, 13.899068233474114, 13.665066444867879, 13.740080081725957, 13.680284413754984, 13.673915854130827, 13.6897920172946, 13.683027479031152, 13.672285763496593, 13.82557189253562, 13.78100881698626, 13.725224236410359, 13.664255267952443, 13.760811738142301, 13.66804777039378, 13.699129295227552, 13.666744133626597, 13.711910961578264, 13.664182893795935, 13.666089540514283, 13.671416944204623, 13.698929220856515, 13.664709569341994, 13.672419794764647, 13.681373678674362, 13.675828574650328, 13.694408945787565, 13.686170549993772, 13.677881242780987, 13.667364169528406, 13.664912663866014, 13.769978158637734, 13.666188125268754, 13.678450747572075, 13.692237557627465, 13.665271288066842, 13.701699603848187, 13.669605016919036, 13.704427200181065, 13.721091641439978, 13.84137776668579, 13.704796703359134, 13.752976175178427, 13.674624218658725, 13.682955441119752, 13.696702897688853, 13.684622310158034, 13.666770447604772, 13.693996715674647, 13.734644443137062, 13.717272250884117, 13.746139246775035]}]}