{"tests": [{"osnr_load_27": [4.895853299133849, 5.263858111044446, 5.384996955485749, 6.0956148467914595, 6.666368186220289, 6.889175456626554, 7.108833716113505, 7.217480853266355, 7.32533968536835, 7.64418652834482, 7.95594529300629, 8.159855021813735, 8.558281846912081, 8.655939980190313, 8.848930020815168, 9.22566390399594, 9.855708930299892, 10.02900418407419, 10.199364393818026, 10.612627170721161, 11.008255420739935, 11.237402030693495, 11.386816715067784, 11.460533978167787, 11.533597910162111, 12.229446913295835, 12.29566956404327]}, {"gosnr_load_27": [5.335448299046092, 10.06472577645946, 9.755553498251546, 7.084591381398983, 8.631572948173456, 7.809769160453261, 6.791658996566187, 10.261468561429751, 6.988295183844103, 6.037637159033444, 8.990775501677826, 8.428560916518975, 9.60432732039785, 4.860126182810131, 10.08142493629824, 10.25713174207596, 5.216013606180409, 10.303605853066205, 7.196936947783973, 10.209365294295274, 9.995532663900107, 8.00168805510655, 7.517995133822062, 10.238864668132827, 9.491537739122903, 8.343893396713273, 6.5840366790289515]}]}