{"tests": [{"osnr_load_54": [9.11336208668036, 9.114496662962488, 9.116764926558773, 9.120165101853258, 9.122430407117871, 9.123562616733214, 9.124694531209185, 9.125826150699632, 9.126957475358225, 9.129219240794102, 9.13034968187817, 9.131479828743995, 9.132609681544672, 9.133739240433194, 9.135997477085029, 9.13825453992098, 9.140510430160575, 9.143892069564934, 9.145018697719454, 9.146145033636742, 9.148396829365698, 9.14952228948012, 9.150647457962823, 9.151772334964882, 9.152896920637286, 9.154021215130847, 9.155145218596326, 9.157392353045374, 9.159638325187949, 9.16076087576989, 9.161883136225692, 9.16300510670527, 9.164126787358418, 9.1674900918556, 9.168610614698737, 9.169730848462706, 9.170850793296628, 9.171970449349478, 9.176446188726047, 9.178682329593235, 9.180917319494906, 9.182034383203789, 9.183151159615198, 9.184267648876851, 9.185383851136386, 9.18649976654128, 9.189845793101538, 9.190960562560672, 9.192075045900992, 9.193189243269309, 9.196530121008792, 9.197643175955065, 9.198755945661766, 9.19986843027502]}, {"gosnr_load_54": [8.749784540372689, 8.719801269638369, 8.850240404149252, 8.84708346457649, 8.775427524247817, 8.705541548590801, 8.742473915811432, 8.838180288543843, 8.835256642682218, 8.83809940152836, 8.854697610683196, 8.754485595772625, 8.696881227082729, 8.833427929952055, 8.795350882772132, 8.797090773667357, 8.717838201745355, 8.767255478850315, 8.767995950061163, 8.729622762541293, 8.719580348429913, 8.739499213088465, 8.858647655638658, 8.896295264685524, 8.744616492368205, 8.73550493673876, 8.75547928350541, 8.805484319584473, 8.713538311607858, 8.708356576004423, 8.7952333309081, 8.747683622920832, 8.719409123300025, 8.800308070787633, 8.80762606757062, 8.742124415466302, 8.698132113279085, 8.734998550486573, 8.740932993281294, 8.71008365400452, 8.767102148047558, 8.781094208179184, 8.695030505631598, 8.766657025517562, 8.792346770964771, 8.760370845449007, 8.749776785571443, 8.7225576894197, 8.84936264233002, 8.813073783198906, 8.82774876586934, 8.753084729483817, 8.822979619012155, 8.730832436769784]}]}