{"tests": [{"osnr_load_81": [9.109956578038778, 9.111092044373567, 9.112227213869025, 9.1133620866803, 9.114496662962425, 9.115630942870304, 9.116764926558716, 9.117898614182328, 9.119032005895683, 9.1201651018532, 9.121297902209184, 9.122430407117813, 9.123562616733153, 9.124694531209128, 9.125826150699574, 9.126957475358164, 9.128088505338509, 9.129219240794043, 9.130349681878108, 9.131479828743936, 9.132609681544611, 9.133739240433133, 9.134868505562332, 9.135997477084969, 9.137126155153675, 9.138254539920922, 9.139382631539107, 9.14051043016052, 9.14163793593728, 9.142765149021429, 9.143892069564878, 9.145018697719397, 9.146145033636682, 9.147271077468282, 9.148396829365637, 9.14952228948006, 9.150647457962762, 9.151772334964825, 9.152896920637225, 9.154021215130788, 9.155145218596267, 9.156268931184286, 9.157392353045314, 9.158515484329762, 9.159638325187887, 9.160760875769833, 9.161883136225633, 9.163005106705208, 9.164126787358356, 9.165248178334782, 9.16636927978401, 9.167490091855543, 9.168610614698679, 9.169730848462647, 9.17085079329657, 9.171970449349422, 9.173089816770087, 9.174208895707332, 9.175327686309789, 9.17644618872599, 9.177564403104354, 9.178682329593176, 9.179799968340648, 9.180917319494847, 9.182034383203728, 9.183151159615138, 9.18426764887679, 9.185383851136327, 9.186499766541221, 9.187615395238888, 9.18873073737658, 9.189845793101476, 9.190960562560614, 9.192075045900932, 9.193189243269252, 9.194303154812275, 9.195416780676604, 9.196530121008735, 9.197643175955008, 9.198755945661706, 9.199868430274963]}, {"gosnr_load_81": [8.61292039634669, 8.656464777467551, 8.595205165836248, 8.594249377734322, 8.597577586616683, 8.591049758131561, 8.596998287980202, 8.592158282885972, 8.659559602094868, 8.592236488669933, 8.70058245310847, 8.602553474541628, 8.637060581815346, 8.590964565472056, 8.591178079170788, 8.722009811404885, 8.633953404051008, 8.740666167035506, 8.647974096816087, 8.606398572326817, 8.596309676226568, 8.640383102071599, 8.590868293426768, 8.675582849806622, 8.600006265717614, 8.595317504450392, 8.616734225035179, 8.603624093928882, 8.5907727307102, 8.614776898306047, 8.827007215057458, 8.59168916942798, 8.666885724505867, 8.607116783505885, 8.600676560856584, 8.616719711227223, 8.60988840758319, 8.599026288223168, 8.753607316435282, 8.708080978004766, 8.651943092723222, 8.590824063055976, 8.687748373259895, 8.594572983022159, 8.625717914396434, 8.593275604558603, 8.639037238961981, 8.590759129022594, 8.592735862123506, 8.597935298201637, 8.625941624167886, 8.591321651249352, 8.5989376258723, 8.607902199214903, 8.602347806876375, 8.620978452000152, 8.613063054796285, 8.604687615067704, 8.593892275193971, 8.591462417805417, 8.69697549365429, 8.592723437266619, 8.604973508147175, 8.618798911484241, 8.59181573320736, 8.628299343415259, 8.596125854859709, 8.631039231612869, 8.647787712013022, 8.768882572442946, 8.631861307538742, 8.679862171065109, 8.601142478592415, 8.609487734384723, 8.623281467690605, 8.611159007864696, 8.593429834304088, 8.620964008828732, 8.66141752651804, 8.64394787939069, 8.67298213742957]}]}