{"tests_qot": [{"osnr_load_qot_27": [12.259320567568007, 12.368105604254742, 12.40417766420487, 12.618624688197288, 12.794740211959951, 12.864529845765132, 12.933945459626443, 12.968513261112513, 13.00298786293888, 13.105853525317439, 13.207884247986033, 13.275442361106533, 13.409453067446258, 13.442726122357795, 13.508997541605066, 13.640445143066142, 13.866986334512534, 13.930901330787286, 13.99445791161201, 14.151788910529959, 14.306905612312717, 14.398920756695126, 14.459827284547952, 14.490149960456018, 14.520385794637816, 14.818004439140752, 14.84729606570381]}, {"gosnr_load_qot_27": [12.288512768771705, 14.030485965293034, 13.746745645829124, 12.75263615131781, 13.304057037785855, 13.026228940363097, 12.701034617708132, 14.423613507184943, 12.735726661733223, 12.510086073679506, 13.451544726043444, 13.208198024704815, 13.676367530810317, 12.17407125457761, 13.90901804893338, 14.022313847065004, 12.25331067976267, 14.454056994832673, 12.803772720502174, 14.112779795440593, 14.024264999906142, 13.09061464378698, 12.934646523681781, 14.056576778569934, 13.63634303745555, 13.18322119149553, 12.653156693249127]}]}