{"tests_qot": [{"osnr_load_qot_54": [13.574144490887814, 13.575278901275546, 13.577546833083085, 13.580946510694549, 13.583211484170556, 13.584343527891603, 13.585475276473304, 13.586606730069487, 13.587737888833846, 13.589999322481267, 13.591129597671134, 13.592259578642762, 13.593389265549263, 13.594518658543606, 13.596776563407158, 13.59903329445487, 13.601288852906295, 13.604669994628464, 13.605796456888957, 13.606922626912226, 13.609174090853184, 13.610299385073636, 13.611424387662371, 13.612549098770488, 13.61367351854894, 13.614797647148587, 13.61592148472015, 13.61816828738142, 13.620413927736255, 13.621536312424361, 13.622658406986334, 13.623780211572091, 13.624901726331448, 13.628264533147288, 13.629384890096677, 13.630504957966917, 13.631624736907115, 13.63274422706626, 13.637219302868113, 13.639455111948033, 13.641689770062493, 13.642806667877787, 13.643923278395611, 13.645039601763706, 13.646155638129684, 13.647271387641053, 13.650616916520777, 13.651731520086436, 13.652845837533283, 13.65395986900814, 13.657300249067339, 13.65841313812022, 13.659525741933528, 13.660638060653413]}, {"gosnr_load_qot_54": [13.209984803352148, 13.180005886120165, 13.310430045347728, 13.30726398530917, 13.235622915646037, 13.165749750454449, 13.202679059170801, 13.298362867345915, 13.295439167820568, 13.298283679821008, 13.314879524110626, 13.214683848326306, 13.157090619963498, 13.293620468221768, 13.255540465243513, 13.257282272871265, 13.1780464592401, 13.227454856918804, 13.228190443479711, 13.189825744286496, 13.179789117918691, 13.199704551279423, 13.318826596916972, 13.35646779574846, 13.204816525923906, 13.19570868464675, 13.215675848796188, 13.265678424356867, 13.173747482676962, 13.168563836962745, 13.255429292321185, 13.207885758137456, 13.179618048689823, 13.260496747693995, 13.267814238391061, 13.202324705550497, 13.158341060567265, 13.19520276312816, 13.201135134428654, 13.17029322144711, 13.227304034657932, 13.241289883585686, 13.15524005246923, 13.22685416466994, 13.252537979509473, 13.220566906844303, 13.2099800271526, 13.182762011134601, 13.309552824249298, 13.273266441920075, 13.287941521708513, 13.213281793429195, 13.283164987070048, 13.191039750851854]}]}