{"tests_qot": [{"osnr_load_qot_81": [13.570739479929546, 13.571874780369907, 13.573009783970944, 13.574144490887814, 13.575278901275546, 13.576413015289038, 13.577546833083085, 13.578680354812345, 13.57981358063136, 13.580946510694549, 13.582079145156225, 13.583211484170556, 13.584343527891603, 13.585475276473304, 13.586606730069487, 13.587737888833846, 13.58886875291995, 13.589999322481267, 13.591129597671134, 13.592259578642762, 13.593389265549263, 13.594518658543606, 13.595647757778659, 13.596776563407158, 13.597905075581728, 13.59903329445487, 13.600161220178972, 13.601288852906295, 13.602416192788985, 13.60354323997907, 13.604669994628464, 13.605796456888957, 13.606922626912226, 13.608048504849826, 13.609174090853184, 13.610299385073636, 13.611424387662371, 13.612549098770488, 13.61367351854894, 13.614797647148587, 13.61592148472015, 13.617045031414266, 13.61816828738142, 13.619291252771998, 13.620413927736255, 13.621536312424361, 13.622658406986334, 13.623780211572091, 13.624901726331448, 13.626022951414072, 13.627143886969534, 13.628264533147288, 13.629384890096677, 13.630504957966917, 13.631624736907115, 13.63274422706626, 13.633863428593232, 13.634982341636787, 13.636100966345568, 13.637219302868113, 13.638337351352835, 13.639455111948033, 13.640572584801895, 13.641689770062493, 13.642806667877787, 13.643923278395611, 13.645039601763706, 13.646155638129684, 13.647271387641053, 13.648386850445194, 13.64950202668938, 13.650616916520777, 13.651731520086436, 13.652845837533283, 13.65395986900814, 13.65507361465773, 13.656187074628631, 13.657300249067339, 13.65841313812022, 13.659525741933528, 13.660638060653413]}, {"gosnr_load_qot_81": [13.073140197660235, 13.116676152935538, 13.05543197804787, 13.054476205773266, 13.057804299167845, 13.051276307425146, 13.057221957024739, 13.05238504395099, 13.119778861538911, 13.052461737339032, 13.160795795186377, 13.06277982818747, 13.097275513855296, 13.051190502075487, 13.05140385922657, 13.18221016117127, 13.094168928751824, 13.200863507044115, 13.108194961955226, 13.066619845519787, 13.056536450668407, 13.10059740848228, 13.05109474442217, 13.135799832583697, 13.060229113778181, 13.055541672408534, 13.076953206785669, 13.06384602973729, 13.0509990707473, 13.074996297477275, 13.287190787806189, 13.051915874578505, 13.127095268175694, 13.067342713411001, 13.060903066421465, 13.076944596031241, 13.070114052939676, 13.059252912178891, 13.213812721736396, 13.168283597899597, 13.112155277969569, 13.051050145430185, 13.147954360801172, 13.054797386170268, 13.085935051107151, 13.053500449616354, 13.099259310795688, 13.050985346018972, 13.052962663119969, 13.05815870338903, 13.086165392173147, 13.051548285516164, 13.05916075745191, 13.068123123579234, 13.062570057318103, 13.081196548887402, 13.073288355729545, 13.06491377870729, 13.054116904049685, 13.05168803085323, 13.157179943435429, 13.052948488961157, 13.065195118337126, 13.0790174595259, 13.052041169053034, 13.088515967783005, 13.05634977813285, 13.09125531945877, 13.108000650698962, 13.229075399906165, 13.09208432157211, 13.140069488276232, 13.06136503302164, 13.069708297569404, 13.08349909464662, 13.071379196924998, 13.05365665807775, 13.08118838995216, 13.121628025826519, 13.10416152304163, 13.133190628459444]}]}