{"tests": [{"osnr_load_27": [4.659401013176384, 5.04041906455539, 5.165803156640289, 5.900900327033979, 6.4907270964939965, 6.720820624908189, 6.947567651452382, 7.0596849301200955, 7.170964348773712, 7.499775498877948, 7.821052929058759, 8.03106176491717, 8.441099274362875, 8.541538670765206, 8.739947023467586, 9.126947904220138, 9.77318506961318, 9.95070610627106, 10.125120228894522, 10.5477902251409, 10.951835885562062, 11.185585003171767, 11.337890425448705, 11.413001434537438, 11.487425439339846, 12.195146195120381, 12.262395389147668]}, {"gosnr_load_27": [5.117230439863349, 9.945026230770125, 9.66669919691242, 6.928033042738241, 8.519862158366614, 7.674535836294778, 6.624169939582371, 10.081921044907745, 6.828152806069795, 5.8435451855019735, 8.887469955918073, 8.31235013028722, 9.513431684064283, 4.6243685322980035, 9.994424597078984, 10.163852640080371, 4.993574222853035, 10.122508818592275, 7.0434485772654165, 10.089089222576145, 9.869015266171798, 7.87215457547167, 7.373667208964724, 10.13467987490941, 9.39886095307657, 8.225167764649813, 6.409139400523387]}]}