{"tests": [{"osnr_load_54": [9.012795462568112, 9.013930040968068, 9.016198308800016, 9.019598490447988, 9.021863799948257, 9.02299601168143, 9.02412792827523, 9.025259549883506, 9.026390876659924, 9.02865264633146, 9.029783089533357, 9.03091323851701, 9.032043093435513, 9.033172654441865, 9.035430895329354, 9.037687962400963, 9.039943856876212, 9.043325502634051, 9.044452132906398, 9.045578470941514, 9.047830270906122, 9.048955733138369, 9.0500809037389, 9.051205782858787, 9.052330370649017, 9.053454667260404, 9.054578672843709, 9.056825811528412, 9.059071787906635, 9.060194340606404, 9.061316603180034, 9.062438575777435, 9.063560258548407, 9.066923569399066, 9.06804409436003, 9.069164330241822, 9.07028427719357, 9.071403935364245, 9.075879683212113, 9.07811582831495, 9.080350822452267, 9.081467888278974, 9.08258466680821, 9.083701158187685, 9.084817362565044, 9.085933280087762, 9.08927931300149, 9.090394084578449, 9.091508570036591, 9.09262276952273, 9.095963653615684, 9.09707671067978, 9.098189482504303, 9.099301969235379]}, {"gosnr_load_54": [8.648742508477477, 8.618723081634188, 8.749362344952665, 8.746107544039077, 8.674405599551845, 8.604461194983669, 8.641460426656678, 8.73720054071513, 8.734268502723678, 8.737136083961175, 8.75375588676729, 8.653436275096382, 8.595789954769854, 8.732532960057446, 8.694325031548777, 8.696088336190305, 8.616790539315907, 8.666250947227306, 8.66694553072875, 8.62855431399068, 8.618542263064699, 8.638479803180493, 8.757687493945062, 8.795374560993404, 8.64355859170759, 8.634459444673984, 8.654416058768584, 8.704529806254216, 8.61248834693573, 8.607274356764773, 8.694269653145893, 8.646654391494744, 8.618372116658016, 8.699286567830878, 8.706619149078742, 8.641062465106161, 8.597039735566732, 8.633956279773528, 8.639886039128111, 8.609028540524923, 8.666121783529558, 8.680090108548837, 8.593935920732205, 8.665628977542509, 8.691328844828526, 8.659315609264448, 8.648763910688762, 8.621483835650272, 8.748487511150055, 8.712125396500044, 8.726840668018868, 8.652020067779173, 8.721986352639675, 8.629809602147066]}]}