{"tests": [{"osnr_load_81": [9.009389947573043, 9.01052541602566, 9.011660587638948, 9.012795462568056, 9.01393004096801, 9.015064322993716, 9.016198308799957, 9.0173319985414, 9.018465392372583, 9.01959849044793, 9.020731292921742, 9.021863799948198, 9.02299601168137, 9.02412792827517, 9.025259549883447, 9.026390876659864, 9.027521908758038, 9.028652646331402, 9.029783089533295, 9.03091323851695, 9.032043093435453, 9.033172654441803, 9.03430192168883, 9.035430895329293, 9.036559575515827, 9.037687962400902, 9.038816056136913, 9.039943856876153, 9.041071364770744, 9.042198579972723, 9.043325502633996, 9.044452132906342, 9.045578470941452, 9.04670451689088, 9.047830270906061, 9.04895573313831, 9.050080903738841, 9.05120578285873, 9.052330370648956, 9.053454667260343, 9.05457867284365, 9.055702387549497, 9.05682581152835, 9.057948944930624, 9.059071787906575, 9.060194340606348, 9.061316603179971, 9.062438575777373, 9.063560258548346, 9.064681651642596, 9.065802755209653, 9.066923569399009, 9.06804409435997, 9.069164330241763, 9.070284277193512, 9.071403935364188, 9.07252330490268, 9.073642385957747, 9.074761178678031, 9.075879683212056, 9.076997899708243, 9.078115828314889, 9.079233469180187, 9.080350822452209, 9.081467888278915, 9.082584666808149, 9.083701158187624, 9.084817362564987, 9.085933280087703, 9.087048910903192, 9.08816425515871, 9.089279313001429, 9.09039408457839, 9.091508570036531, 9.092622769522675, 9.093736683183522, 9.094850311165672, 9.095963653615627, 9.097076710679723, 9.098189482504242, 9.099301969235322]}, {"gosnr_load_81": [8.511714438405424, 8.555288117525498, 8.494022704817649, 8.493064639564428, 8.496400188788915, 8.489854151442676, 8.495789603195597, 8.49096756937146, 8.558468160074844, 8.49103115974865, 8.599539512481165, 8.501385238823296, 8.535868786729894, 8.489762740727391, 8.489975263870479, 8.620895614488381, 8.532759432868989, 8.63957148062034, 8.54686849773478, 8.505190378712838, 8.495129656546721, 8.53919371961663, 8.489671262512573, 8.574510571484753, 8.498797200185416, 8.494109428183512, 8.515529989252107, 8.502415313906212, 8.489574369973434, 8.513571746324091, 8.726007169715869, 8.490496715240571, 8.565718051575974, 8.50595603642425, 8.49950502947365, 8.515573260578494, 8.508731948621675, 8.497851712114889, 8.652625743511251, 8.606952577292788, 8.550762699863757, 8.489623308953627, 8.586599975282663, 8.493365315835325, 8.524518606490066, 8.492068965182867, 8.537920461223118, 8.489559528490902, 8.49154700873476, 8.496726414765844, 8.524807845384503, 8.490127568213165, 8.497728615161932, 8.506694425943968, 8.501138854843896, 8.519776409119201, 8.511911331850476, 8.503522960056278, 8.492685086882604, 8.490258689604719, 8.59583604689343, 8.491517417418677, 8.503764980011534, 8.517595709321078, 8.490611167704085, 8.527101634893139, 8.494917439306631, 8.529843296177464, 8.546603990069375, 8.667818182327881, 8.530735326240404, 8.578706313781584, 8.499933432059992, 8.508280470941669, 8.522080719240911, 8.509952347931586, 8.492242969298033, 8.519823485097149, 8.560245075267138, 8.542761175876558, 8.571819938042482]}]}