{"tests": [{"osnr_load_27": [6.140862346494274, 6.446177426908167, 6.5468307674306025, 7.138934968563019, 7.616794543039877, 7.803960694703721, 7.988850424835894, 8.080441361280098, 8.171463013270387, 8.441113551988419, 8.705648251549485, 8.879168457660823, 9.2194255801784, 9.303081576109886, 9.468710632493794, 9.793270431931004, 10.339998476791244, 10.491303974060502, 10.64045859729923, 11.00404762707315, 11.354587570485506, 11.558778799783894, 11.692395717390616, 11.758459393982273, 11.824030364540352, 12.453295999091669, 12.513645679148333]}, {"gosnr_load_27": [6.490373411294498, 10.657631000777323, 10.255352328165973, 7.9377738415969805, 9.259704569570623, 8.557448949644243, 7.699183192634789, 11.05610759694849, 7.859322170361408, 7.07578383176774, 9.574945618103047, 9.07972594876221, 10.117066267296035, 6.100124928789047, 10.562112045494409, 10.751987753159156, 6.3913337777720125, 11.102566566869893, 8.035150503797459, 10.799298945093081, 10.614877415146521, 8.720733297981681, 8.311114030562239, 10.771631245851992, 10.015981635903836, 9.007959359073936, 7.528130167849806]}]}