{"tests": [{"osnr_load_54": [9.69049776349075, 9.691632326623358, 9.693900563920597, 9.69730069976653, 9.699565978732105, 9.700698175197926, 9.701830076524388, 9.702961682865311, 9.704092994374395, 9.70635473351124, 9.7074851614458, 9.708615295162108, 9.709745134813275, 9.71087468055228, 9.713132890905095, 9.71538992744203, 9.717645791382607, 9.721027391338444, 9.722154006343462, 9.723280329111244, 9.72553209854119, 9.72665754550611, 9.72778270083931, 9.728907564691866, 9.730032137214767, 9.73115641855883, 9.732280408874809, 9.734527517024855, 9.736773462868435, 9.737896000300877, 9.739018247607179, 9.740140204937267, 9.74126187244092, 9.744625137489615, 9.745745647183263, 9.746865867797743, 9.747985799482167, 9.749105442385527, 9.753581129164136, 9.75581724373235, 9.758052207335048, 9.759169257894445, 9.760286021156364, 9.761402497268536, 9.762518686378584, 9.763634588633996, 9.766980575745803, 9.768095332055463, 9.769209802246298, 9.770323986465135, 9.773664824756183, 9.774777866552979, 9.775890623110207, 9.777003094573983]}, {"gosnr_load_54": [9.326435110372572, 9.296419364723668, 9.427039080719476, 9.423792344131652, 9.352095931556562, 9.282158000674826, 9.319150878288388, 9.41488587563447, 9.411954595392373, 9.414820080233937, 9.431437705820937, 9.33112935664859, 9.273487860889853, 9.410211495868003, 9.372015192494203, 9.373776543632784, 9.294484379351667, 9.3439400609505, 9.344638370516762, 9.306249563486508, 9.29623527933635, 9.31617081055313, 9.435370718431807, 9.47305361721017, 9.321252614786564, 9.312152677687106, 9.332110250489201, 9.382213895422582, 9.290182479199919, 9.284971246487387, 9.371954743845258, 9.324346000312852, 9.29606504907058, 9.376976251344496, 9.384307461264772, 9.318756879501425, 9.274737701644298, 9.311649262286139, 9.317579258994522, 9.286723176691545, 9.343808929064515, 9.357778846542406, 9.271634141861732, 9.343320024810911, 9.369018433363173, 9.337009029257175, 9.326454133679475, 9.299179698094123, 9.426164029969327, 9.3898087975057, 9.404520416608388, 9.32971443539397, 9.399673169511951, 9.307501100287828]}]}