{"tests": [{"osnr_load_81": [9.687092294297742, 9.688227747483007, 9.689362903828938, 9.690497763490693, 9.6916323266233, 9.692766593381652, 9.693900563920542, 9.695034238394634, 9.696167616958473, 9.697300699766473, 9.69843348697294, 9.69956597873205, 9.700698175197868, 9.701830076524331, 9.702961682865256, 9.704092994374339, 9.705224011205164, 9.706354733511183, 9.707485161445739, 9.708615295162051, 9.709745134813218, 9.710874680552223, 9.712003932531914, 9.713132890905039, 9.714261555824233, 9.715389927441974, 9.716518005910647, 9.717645791382552, 9.71877328400981, 9.719900483944445, 9.721027391338389, 9.722154006343406, 9.723280329111187, 9.724406359793281, 9.725532098541134, 9.726657545506054, 9.727782700839253, 9.728907564691811, 9.730032137214708, 9.731156418558774, 9.73228040887475, 9.733404108313268, 9.734527517024796, 9.735650635159748, 9.736773462868374, 9.737896000300822, 9.739018247607124, 9.74014020493721, 9.741261872440859, 9.742383250267787, 9.743504338567524, 9.74462513748956, 9.745745647183204, 9.746865867797686, 9.747985799482109, 9.749105442385474, 9.75022479665665, 9.7513438624444, 9.752462639897367, 9.753581129164083, 9.754699330392958, 9.755817243732293, 9.75693486933028, 9.758052207334991, 9.759169257894388, 9.760286021156306, 9.761402497268477, 9.762518686378527, 9.763634588633941, 9.764750204182128, 9.76586553317033, 9.766980575745745, 9.768095332055406, 9.769209802246241, 9.77032398646508, 9.77143788485863, 9.772551497573481, 9.773664824756128, 9.774777866552924, 9.77589062311015, 9.777003094573928]}, {"gosnr_load_81": [9.189423711848821, 9.232993963026615, 9.17173048018959, 9.170772623297758, 9.174107495015754, 9.167563097460132, 9.17349947588108, 9.168676089993895, 9.236166978203805, 9.168740871029256, 9.27723338548365, 9.17909167988008, 9.21357633073893, 9.167472196099009, 9.167684795027546, 9.298594782036878, 9.210467228473224, 9.317268601722526, 9.224568748242083, 9.18289998905773, 9.172837206643669, 9.216900987540791, 9.1673803290158, 9.252207441297482, 9.176507032867104, 9.17181929090939, 9.193239031731732, 9.1801250377486, 9.167283547233701, 9.191280909988468, 9.403694439471627, 9.168205388955586, 9.24342291397353, 9.183661758485776, 9.177211783810913, 9.193277588556244, 9.186437255165687, 9.175558753882989, 9.330313318614534, 9.28465324184286, 9.228468958158242, 9.167332680283097, 9.264302763016238, 9.171075162760008, 9.202227033520652, 9.169778758867325, 9.215621837197148, 9.167268807229533, 9.169255363957609, 9.174436281526134, 9.202510920383789, 9.167836383499113, 9.175438468625089, 9.184403966395035, 9.178848622907022, 9.197485171925063, 9.189616176735527, 9.181229058469695, 9.1703949108022, 9.16796828854025, 9.273537881488718, 9.16922717358418, 9.181474651376615, 9.195304618465883, 9.168320826622248, 9.20480987003273, 9.172627310628815, 9.207551321444642, 9.224310619341203, 9.34551214028437, 9.208437624165398, 9.256409900171993, 9.177643236333232, 9.185989932245176, 9.199789321720672, 9.187661720398456, 9.169951145907822, 9.19752722872574, 9.237950458708964, 9.220468140142161, 9.249524207405788]}]}