{"tests_qot": [{"osnr_load_qot_27": [16.04193305084231, 16.095496028605062, 16.113296052820015, 16.219528201958603, 16.307314621622805, 16.342241683216983, 16.377061977069186, 16.39443216527745, 16.411775756663975, 16.46364726810793, 16.5152805555937, 16.549570827389168, 16.617835920250684, 16.63483666264321, 16.66875973678412, 16.73629315096427, 16.853478706336155, 16.886728289972282, 16.919875242874266, 17.002295348378766, 17.08407979937527, 17.132847084578668, 17.16523275353117, 17.181387931995133, 17.197518051116674, 17.35744837020582, 17.373305056026823]}, {"gosnr_load_qot_27": [15.957793780176086, 16.841832755917366, 16.7022336603691, 16.139979199360393, 16.460568829518905, 16.31538372435267, 16.14587812946522, 17.09359982821045, 16.141999759990448, 16.082594879676265, 16.551778631546256, 16.392044321228344, 16.659214237919024, 15.925445252707032, 16.799308576573146, 16.858227681114798, 15.940067253349019, 17.11155792056097, 16.179190964340595, 16.89445722294111, 16.83334999378007, 16.349710525225092, 16.270052423194194, 16.869499423497494, 16.643660929905405, 16.381967879111127, 16.13510839148905]}]}