{"tests_qot": [{"osnr_load_qot_54": [16.682318975278655, 16.6834531154713, 16.68572050688882, 16.689119373915624, 16.691383807002097, 16.69251558052845, 16.693647058915513, 16.6947782423171, 16.69590913088691, 16.69817002414539, 16.699300029140854, 16.70042973991814, 16.70155915663034, 16.702688279430433, 16.704945643905628, 16.707201834565176, 16.709456852628634, 16.712837183769228, 16.71396337583596, 16.71508927566552, 16.717340199219198, 16.71846522324608, 16.719589955641304, 16.720714396555948, 16.721838546140983, 16.72296240454726, 16.724085971925508, 16.726332234200278, 16.72857733416882, 16.729699448663844, 16.730821273032788, 16.731942807425572, 16.733064051991995, 16.736426048229344, 16.737546134985994, 16.738665932663547, 16.73978544141111, 16.740904661377673, 16.74537865640967, 16.74761392510495, 16.749848042834973, 16.750964670458117, 16.752081010783854, 16.753197063959902, 16.75431283013388, 16.755428309453297, 16.758773027757464, 16.759887361131366, 16.761001408386505, 16.762115169669713, 16.765454739154237, 16.766567358015656, 16.767679691637557, 16.76879174016608]}, {"gosnr_load_qot_54": [16.322074916277153, 16.292466979143235, 16.42085185589512, 16.41865815711278, 16.34750305242813, 16.27823806051421, 16.314488828539545, 16.409798699400856, 16.406959491121064, 16.409556493371536, 16.42593119284921, 16.326844405825955, 16.269690783468114, 16.40421700511698, 16.367451449177548, 16.368960164457008, 16.29020533474051, 16.339165689030914, 16.34035642672234, 16.302186207841444, 16.29185223364789, 16.311574285571172, 16.43005959307682, 16.467293571936658, 16.317066240497905, 16.30783890905618, 16.327974016688675, 16.376877276968507, 16.285930935871818, 16.28106953906254, 16.3667232830259, 16.319849668497874, 16.291670526138674, 16.372362546850706, 16.37953229021044, 16.314615624814053, 16.270951697396786, 16.30730121716695, 16.313277681513863, 16.28252916727587, 16.338775082625958, 16.352990799907513, 16.267873839783057, 16.338798641535924, 16.36437153296379, 16.33278379673651, 16.321780748697346, 16.29517897208896, 16.419945947466882, 16.384401386217526, 16.398670655500624, 16.325595194715095, 16.39474124319411, 16.302946969896315]}]}