{"tests_qot": [{"osnr_load_qot_81": [16.67891477490593, 16.680049805151057, 16.681184538556913, 16.682318975278655, 16.6834531154713, 16.68458695928976, 16.68572050688882, 16.68685375842314, 16.68798671404727, 16.689119373915624, 16.690251738182507, 16.691383807002097, 16.69251558052845, 16.693647058915513, 16.6947782423171, 16.69590913088691, 16.697039724778517, 16.69817002414539, 16.699300029140854, 16.70042973991814, 16.70155915663034, 16.702688279430433, 16.703817108471284, 16.704945643905628, 16.70607388588609, 16.707201834565176, 16.708329490095274, 16.709456852628634, 16.71058392231742, 16.711710699313645, 16.712837183769228, 16.71396337583596, 16.71508927566552, 16.71621488340945, 16.717340199219198, 16.71846522324608, 16.719589955641304, 16.720714396555948, 16.721838546140983, 16.72296240454726, 16.724085971925508, 16.725209248426346, 16.726332234200278, 16.72745492939768, 16.72857733416882, 16.729699448663844, 16.730821273032788, 16.731942807425572, 16.733064051991995, 16.734185006881734, 16.735305672244365, 16.736426048229344, 16.737546134985994, 16.738665932663547, 16.73978544141111, 16.740904661377673, 16.7420235927121, 16.743142235563173, 16.744260590079513, 16.74537865640967, 16.74649643470205, 16.74761392510495, 16.748731127766572, 16.749848042834973, 16.750964670458117, 16.752081010783854, 16.753197063959902, 16.75431283013388, 16.755428309453297, 16.756543502065533, 16.75765840811787, 16.758773027757464, 16.759887361131366, 16.761001408386505, 16.762115169669713, 16.76322864512769, 16.76434183490704, 16.765454739154237, 16.766567358015656, 16.767679691637557, 16.76879174016608]}, {"gosnr_load_qot_81": [16.186912259169826, 16.230140134888728, 16.168977655845644, 16.16804486767817, 16.171298775927873, 16.16495413843586, 16.171027329357845, 16.166013854678564, 16.232395562381733, 16.166235645622077, 16.27291471770344, 16.176181387262513, 16.210897447581534, 16.164930110503114, 16.165153220461907, 16.29502783108014, 16.207813695189163, 16.313479974210356, 16.2209567886235, 16.18041666319774, 16.170057456035313, 16.214194075104484, 16.164786788458947, 16.248219937622416, 16.174037091125186, 16.16934165880091, 16.19070667093547, 16.177649756655693, 16.164704356938028, 16.188759627575998, 16.39883266461373, 16.165562152656705, 16.24046588485995, 16.180668131992576, 16.174338082581446, 16.19012430522541, 16.183395809861068, 16.17271880516873, 16.325301232788675, 16.281247870282655, 16.225658115057108, 16.164779177330207, 16.261125299461817, 16.168593601179552, 16.199636052105127, 16.16728696505222, 16.21213564316666, 16.164702948465724, 16.166572778097574, 16.171965682145757, 16.199215667879635, 16.16521088097538, 16.17296860824427, 16.181915178298087, 16.17637599172377, 16.19492657092922, 16.186521845759273, 16.17827894981453, 16.167908629640845, 16.165446346163122, 16.270258326766992, 16.166729068053314, 16.178995815810918, 16.19275984926644, 16.165807660845175, 16.20220007158576, 16.170152817868036, 16.204920738321967, 16.221538186838412, 16.34137969817578, 16.20505485368249, 16.253317630119042, 16.17517237733706, 16.183494668448077, 16.1972153580539, 16.1851589198714, 16.167246758391773, 16.19430758771409, 16.23504825625082, 16.217730181724946, 16.24650447683093]}]}