{"tests_qot": [{"osnr_load_qot_27": [11.15954756392716, 11.292222498025978, 11.336179094362288, 11.597106450449512, 11.810873693626391, 11.895449074500142, 11.97949358530611, 12.021317081596742, 12.063008247422475, 12.187289135397215, 12.310384127093974, 12.391790634918525, 12.553033052203755, 12.593017428713342, 12.672595932965411, 12.830197078368377, 13.101039669614522, 13.177271904266663, 13.252995580164775, 13.440091711645263, 13.624049909686676, 13.732931388493643, 13.80490102419267, 13.840701222101355, 13.876378694541744, 14.226463773591798, 14.260809500562551]}, {"gosnr_load_qot_27": [11.233150883071863, 13.323383927780434, 12.99189995073606, 11.819355634626792, 12.468949623096556, 12.135556658707205, 11.743476603677543, 13.761105691087057, 11.79445127672894, 11.497966053831172, 12.639367698051384, 12.361898431004818, 12.910929148301236, 11.08399452596111, 13.178813325254932, 13.3112107145904, 11.190263933916501, 13.795879641229597, 11.875854850059767, 13.416701200687031, 13.316585775150072, 12.212656528078318, 12.024266679036533, 13.351978617780414, 12.861340582701665, 12.330706492225696, 11.67984918556568]}]}