{"tests_qot": [{"osnr_load_qot_54": [12.758879899128626, 12.760014353745326, 12.762282374010788, 12.765682184309098, 12.767947246242976, 12.769079334192952, 12.77021112700358, 12.771342624828685, 12.772473827821958, 12.774735349927193, 12.775865669345963, 12.776995694546486, 12.778125425681877, 12.779254862905109, 12.781512856226415, 12.783769675731866, 12.786025322641008, 12.789406597049723, 12.790533103539055, 12.791659317791158, 12.793910870189766, 12.795036208639036, 12.796161255456585, 12.79728601079351, 12.798410474800765, 12.799534647629214, 12.800658529429574, 12.802905420548418, 12.805151149360805, 12.806273578277683, 12.807395717068424, 12.808517565882944, 12.809639124871053, 12.813002064373132, 12.814122465551259, 12.815242577650231, 12.816362400819157, 12.817481935207022, 12.82195718792372, 12.824193085461031, 12.826427832032863, 12.827544774076838, 12.828661428823336, 12.829777796420101, 12.830893877014747, 12.832009670754768, 12.835355332320448, 12.83646998011475, 12.83758434179023, 12.838698417493717, 12.842038930238779, 12.84315186352027, 12.84426451156219, 12.845376874510677]}, {"gosnr_load_qot_54": [12.394748308759766, 12.364758727589113, 12.495239510980422, 12.49205009097712, 12.420392996547596, 12.350501078001443, 12.387448793534471, 12.483147423751229, 12.480221529205014, 12.483072113952273, 12.499674265057505, 12.399445964239268, 12.341838759673326, 12.478424719728661, 12.44031104167279, 12.442058508218977, 12.362806377934435, 12.412228466953128, 12.412953259747606, 12.374581579957615, 12.364551422939787, 12.384472675759234, 12.503617266710386, 12.541270539804978, 12.389575914367105, 12.38047036179962, 12.400434748707294, 12.4504665893934, 12.358506554825368, 12.353314921079155, 12.440214556172606, 12.392652140331183, 12.364380596638263, 12.445268707154696, 12.45259017031823, 12.387082960402662, 12.343089026585321, 12.379965165944215, 12.385896849665627, 12.355050833856424, 12.412083346126055, 12.426064582034542, 12.339987279623873, 12.411622173578582, 12.437310214106327, 12.405328042344234, 12.394750423847984, 12.367516071167199, 12.494362918303958, 12.458056600385026, 12.472742260177531, 12.398040183798196, 12.467945250601328, 12.375806453659502]}]}