{"tests_qot": [{"osnr_load_qot_81": [12.75547475548343, 12.75661010015277, 12.757745147982785, 12.758879899128626, 12.760014353745326, 12.76114851198778, 12.762282374010788, 12.763415939969, 12.764549210016966, 12.765682184309098, 12.766814862999713, 12.767947246242976, 12.769079334192952, 12.77021112700358, 12.771342624828685, 12.772473827821958, 12.773604736136972, 12.774735349927193, 12.775865669345963, 12.776995694546486, 12.778125425681877, 12.779254862905109, 12.780384006369038, 12.781512856226415, 12.78264141262986, 12.783769675731866, 12.78489764568483, 12.786025322641008, 12.78715270675255, 12.788279798171484, 12.789406597049723, 12.790533103539055, 12.791659317791158, 12.792785239957583, 12.793910870189766, 12.795036208639036, 12.796161255456585, 12.79728601079351, 12.798410474800765, 12.799534647629214, 12.800658529429574, 12.801782120352478, 12.802905420548418, 12.804028430167772, 12.805151149360805, 12.806273578277683, 12.807395717068424, 12.808517565882944, 12.809639124871053, 12.810760394182427, 12.811881373966639, 12.813002064373132, 12.814122465551259, 12.815242577650231, 12.816362400819157, 12.817481935207022, 12.818601180962714, 12.819720138234981, 12.82083880717247, 12.82195718792372, 12.82307528063714, 12.824193085461031, 12.825310602543583, 12.826427832032863, 12.827544774076838, 12.828661428823336, 12.829777796420101, 12.830893877014747, 12.832009670754768, 12.833125177787565, 12.834240398260404, 12.835355332320448, 12.83646998011475, 12.83758434179023, 12.838698417493717, 12.839812207371931, 12.840925711571456, 12.842038930238779, 12.84315186352027, 12.84426451156219, 12.845376874510677]}, {"gosnr_load_qot_81": [12.257855406464682, 12.301401292583687, 12.240151526824272, 12.23919515092016, 12.24252520707049, 12.235992464797752, 12.241935429793697, 12.237102433710776, 12.304524359234868, 12.237175677706754, 12.345555618380663, 12.247503242504528, 12.281995732896725, 12.235905183824894, 12.236118321421658, 12.366954646625324, 12.278888418914658, 12.385613920876992, 12.292936310150367, 12.251334078303618, 12.24125665207299, 12.285318427348704, 12.235810552742052, 12.320550974377028, 12.244942702440344, 12.240255174031024, 12.26166908470303, 12.248559933712846, 12.235714558198886, 12.259711824316788, 12.471969739433757, 12.236632820822926, 12.311823255875854, 12.252068210664389, 12.245625573159966, 12.261674131941252, 12.25484075394856, 12.243974586224597, 12.398590788838021, 12.353023746636909, 12.296879221751416, 12.235765070653882, 12.332688358766715, 12.239510933569708, 12.27065271200615, 12.23821415125565, 12.283997398574298, 12.235700539482865, 12.2376805320487, 12.242872193323599, 12.270898557938033, 12.236264821623656, 12.243874285909023, 12.252837558849114, 12.247283833183797, 12.265913237031915, 12.258016394163372, 12.249638185666358, 12.238830518096126, 12.236402296690581, 12.341916702608541, 12.237662299294911, 12.249909174342243, 12.26373372372019, 12.236755261117548, 12.273234184597321, 12.241063254851362, 12.275974144280735, 12.292723519754162, 12.413834977000352, 12.276819738496979, 12.324801172553009, 12.24607870398464, 12.25442296213381, 12.268216247262478, 12.25609411885361, 12.238375044454976, 12.265919618712978, 12.306354504062346, 12.288883421613688, 12.317920334174804]}]}