{"tests": [{"osnr_load_27": [6.888348335961174, 7.160244536100402, 7.249956738195734, 7.778528586123247, 8.206252224568601, 8.374086939409802, 8.540060535029472, 8.62234944691812, 8.704173215471949, 8.946855357559201, 9.185359339388043, 9.342045782973688, 9.649878404730162, 9.725686051159943, 9.875925928461612, 10.17092836175626, 10.669780813190515, 10.808288532005935, 10.945028644268959, 11.279224644547025, 11.602649320856484, 11.7916255565036, 11.915525018924653, 11.976855232754016, 12.037775117635361, 12.624867659001964, 12.681414064932369]}, {"gosnr_load_27": [7.188359934605605, 11.01491243391309, 10.588161226945763, 8.47244991957987, 9.669986174718183, 9.034619354835554, 8.263780715161603, 11.477729926887172, 8.403835001848227, 7.711380289077226, 9.959947668357977, 9.503045397702545, 10.458435616433484, 6.8438536671069405, 10.879544263887379, 11.069470030715971, 7.100208387911636, 11.524692771578328, 8.561804612050473, 11.151715983299058, 10.983542106577467, 9.18204140250146, 8.813325015046127, 11.102865032890733, 10.365026324299158, 9.438550491625804, 8.112718207628669]}]}