{"tests": [{"osnr_load_54": [10.073631588709269, 10.074766142096083, 10.077034359901727, 10.080434466510281, 10.082699725984272, 10.083831912704294, 10.084963804284971, 10.0860954008801, 10.087226702643399, 10.089488422288662, 10.090618840477434, 10.091748964447953, 10.092878794353332, 10.094008330346549, 10.096266521207792, 10.098523538253158, 10.10077938270216, 10.104160953420644, 10.105287558679885, 10.106413871701882, 10.10866562164027, 10.109791058859408, 10.110916204446825, 10.112041058553602, 10.113165621330722, 10.114289892929008, 10.115413873499206, 10.1176609621577, 10.119906888509727, 10.12102941619639, 10.12215165375692, 10.123273601341236, 10.124395259099114, 10.127758494910488, 10.128878994858365, 10.129999205727074, 10.131119127665723, 10.132238760823316, 10.136714408618845, 10.138950503695526, 10.141185447806688, 10.142302488620318, 10.14341924213647, 10.144535708502877, 10.14565188786716, 10.14676778037681, 10.150113738251328, 10.151228484815224, 10.152342945260298, 10.153457119733371, 10.156797928787142, 10.157910960838175, 10.15902370764965, 10.160136169367666]}, {"gosnr_load_54": [9.70956274430297, 9.679549348509154, 9.810156586696587, 9.806914997867118, 9.73522211652586, 9.665288318058337, 9.702277139620314, 9.798008870770259, 9.795078074228593, 9.79794222086069, 9.814558456646823, 9.714257296763316, 9.65661888072232, 9.793330150878466, 9.755141268269622, 9.756901372410828, 9.677612803636906, 9.727065468242872, 9.72776615630372, 9.689378887487083, 9.679363177779884, 9.699297426636441, 9.818492366398381, 9.856172604414981, 9.70438115591566, 9.695280714485408, 9.715238899269053, 9.76533609534812, 9.673311090026338, 9.66810161751162, 9.755077583086113, 9.70747300032265, 9.679192893983497, 9.760102022356424, 9.767432356904699, 9.701885670423492, 9.657868759750153, 9.694777139179923, 9.70070728740075, 9.669852109179235, 9.726933079985821, 9.740904013991882, 9.65476536277778, 9.72644666636127, 9.752144143746298, 9.720137185412058, 9.709580249060842, 9.682309413364347, 9.809281397460989, 9.77293055815095, 9.787639845780191, 9.712843196454179, 9.782797110635181, 9.690628029647883]}]}