{"tests": [{"osnr_load_81": [10.070226148753656, 10.071361592193124, 10.072496738793257, 10.073631588709215, 10.074766142096026, 10.07590039910858, 10.077034359901674, 10.078168024629973, 10.079301393448016, 10.080434466510226, 10.081567243970902, 10.082699725984218, 10.08383191270424, 10.084963804284916, 10.086095400880044, 10.087226702643344, 10.08835770972838, 10.089488422288609, 10.090618840477374, 10.091748964447895, 10.092878794353277, 10.09400833034649, 10.095137572580397, 10.096266521207735, 10.097395176381143, 10.0985235382531, 10.099651606975987, 10.100779382702106, 10.101906865583583, 10.103034055772431, 10.10416095342059, 10.10528755867983, 10.106413871701829, 10.107539892638137, 10.108665621640212, 10.109791058859352, 10.110916204446772, 10.11204105855355, 10.113165621330664, 10.114289892928953, 10.11541387349915, 10.11653756319189, 10.11766096215764, 10.118784070546816, 10.119906888509666, 10.121029416196336, 10.122151653756863, 10.12327360134118, 10.124395259099055, 10.12551662718021, 10.126637705734174, 10.127758494910434, 10.128878994858306, 10.129999205727017, 10.131119127665666, 10.132238760823263, 10.133358105348671, 10.134477161390647, 10.135595929097843, 10.136714408618792, 10.137832600101902, 10.138950503695469, 10.140068119547687, 10.141185447806633, 10.142302488620263, 10.143419242136416, 10.144535708502822, 10.145651887867103, 10.146767780376758, 10.147883386179181, 10.148998705421619, 10.15011373825127, 10.151228484815169, 10.15234294526024, 10.153457119733318, 10.15457100838111, 10.155684611350203, 10.156797928787087, 10.157910960838123, 10.159023707649595, 10.160136169367613]}, {"gosnr_load_81": [9.572561987928061, 9.61613005090099, 9.55486779998422, 9.553910076098553, 9.557244515334634, 9.55070116452901, 9.556638134482933, 9.551813885514482, 9.6192985802093, 9.55187942659926, 9.660361830812874, 9.562228147923374, 9.596713502844533, 9.550610588311034, 9.55082323561676, 9.681726607091358, 9.593604561183009, 9.70039912044583, 9.60770126459429, 9.566038480196022, 9.555974382635453, 9.600037983409406, 9.550518472996034, 9.635337799612419, 9.55964566593277, 9.55495794315359, 9.576377160376646, 9.563263601337344, 9.550421761915022, 9.574419115990935, 9.78681866968787, 9.551343282201877, 9.626558374290607, 9.566797767563337, 9.560348451834711, 9.57641270773026, 9.569572999000526, 9.558695605386362, 9.713437743745924, 9.66778602249589, 9.61160530953645, 9.550471018847324, 9.647436898986793, 9.554213804917605, 9.585364769297465, 9.55291736703934, 9.598755071981959, 9.550407086688953, 9.552393053896399, 9.557574936345675, 9.58564523972824, 9.550974367116334, 9.55857711495648, 9.567542412917017, 9.561987214723812, 9.580623122041946, 9.572751625873616, 9.56436530778891, 9.553533538274635, 9.551106772395443, 9.656671409030796, 9.552365757806191, 9.56461318146678, 9.578442661997332, 9.551459348766997, 9.587947483317127, 9.555765968360417, 9.590688800758304, 9.60744720753031, 9.728640639843157, 9.591571447470397, 9.639544545959154, 9.560781851264533, 9.569128328243789, 9.582927169494376, 9.570800059688732, 9.553088721830088, 9.58066197488473, 9.621086251630983, 9.603604942172327, 9.632659289163698]}]}