{"tests": [{"osnr_load_27": [19.914162315301777, 19.94042226770243, 19.949159461032316, 20.00141392048665, 20.04473933058737, 20.06201376129433, 20.07925644682299, 20.087865906443817, 20.09646745531418, 20.12222472238988, 20.147911098301314, 20.16499607782378, 20.19907209032769, 20.207571570425387, 20.224547161878196, 20.258405104840858, 20.317358756496624, 20.334133378798963, 20.350877332783664, 20.392603479018184, 20.43413939635322, 20.458970065254416, 20.475486114089854, 20.483732843954698, 20.491972055024203, 20.573952426142558, 20.582109468210046]}, {"gosnr_load_27": [19.771623953182935, 20.197581523081347, 20.14898394682558, 19.817044208171964, 20.01770978495633, 19.94155846947171, 19.850612653275, 20.358355672435877, 19.828189265206728, 19.849720299462888, 20.07812221930244, 19.964667346746364, 20.12155156005429, 19.779658399128515, 20.208335639772102, 20.23431548569669, 19.76240263299153, 20.36868797756235, 19.849822595832556, 20.23284714000083, 20.186056244190578, 19.960380737378607, 19.919667345073403, 20.22982454486918, 20.119481598718213, 19.962255097488033, 19.857947421500658]}]}