{"tests": [{"osnr_load_54": [20.21097097969113, 20.212104457249755, 20.214370523400017, 20.217767402527905, 20.220030510349744, 20.22116162124418, 20.222292436999577, 20.223422957769767, 20.224553183708444, 20.22681275170544, 20.22794209407056, 20.229071142217755, 20.23019989630013, 20.231328356470666, 20.23358439568753, 20.235839261089794, 20.238092953897016, 20.241471297155226, 20.24259682659502, 20.243722063797904, 20.245971662099016, 20.247096023500013, 20.248220093269612, 20.249343871558896, 20.250467358518833, 20.251590554300268, 20.252713459053943, 20.254958396080347, 20.257202170801577, 20.258323622673338, 20.259444784419284, 20.26056565618933, 20.261686238133272, 20.265046246504767, 20.266165670639996, 20.267284805696384, 20.26840365182305, 20.26952220916897, 20.273993553721034, 20.276227497177928, 20.278460289670605, 20.279576254675472, 20.280691932383192, 20.281807322941482, 20.282922426497976, 20.284037243200164, 20.28737997365422, 20.288493644411947, 20.289607029051172, 20.29072012771872, 20.29405770935786, 20.29516966560468, 20.296281336612235, 20.297392722526677]}, {"gosnr_load_54": [19.861588572543155, 19.832986829829377, 19.95584085423859, 19.95628992063326, 19.886448343150445, 19.818830382047526, 19.853238928057507, 19.947542719989343, 19.944932953477064, 19.946857208347538, 19.96263257932194, 19.86655028383335, 19.810586600808076, 19.939678839552727, 19.906482949257352, 19.907357778787844, 19.829902473693483, 19.87764948133297, 19.88007861239636, 19.842433282896124, 19.831289002395188, 19.850487176823673, 19.96725443485332, 20.003385779657773, 19.857013614987252, 19.847460086661798, 19.86805449146146, 19.91397311564522, 19.825694469388168, 19.82170951851907, 19.90407662584441, 19.859019706174628, 19.831078329527017, 19.91127169082921, 19.918040358652053, 19.854674851265436, 19.811876166105698, 19.846835888166478, 19.852933007250076, 19.822435157823644, 19.87660668190295, 19.891449205004058, 19.808860980509802, 19.877917971580093, 19.90319203759711, 19.872643640183906, 19.86050706608404, 19.83557901542106, 19.95485689735862, 19.92132434291005, 19.934492188846985, 19.86571685418601, 19.932865405185435, 19.84196085587258]}]}