{"tests_qot": [{"osnr_load_qot_27": [20.134125667784055, 20.15954812088492, 20.168006774503773, 20.218596566542235, 20.260543342911927, 20.277268502083498, 20.293963161153904, 20.302299074079798, 20.31062738707955, 20.335566809989643, 20.36043813372909, 20.37698129420933, 20.409977380840832, 20.418207651937763, 20.43464575124805, 20.467432408908074, 20.52452315196949, 20.54076827625549, 20.556983957166068, 20.59739477102786, 20.63762298231714, 20.661672679291854, 20.677669598820138, 20.685657219098402, 20.693637623724257, 20.773046564072096, 20.780948122472473]}, {"gosnr_load_qot_27": [19.978291385853417, 20.39058804806464, 20.346694597662864, 20.015600521689336, 20.217474284457843, 20.142720900806562, 20.0530198878416, 20.55168045558615, 20.02799853453216, 20.056997794593233, 20.278521124465424, 20.162946229341756, 20.319120990966177, 19.9900268059365, 20.405959569567642, 20.430591762727754, 19.969211466071684, 20.56192893315638, 20.049621835976275, 20.42621796884285, 20.37833430392346, 20.16132790985438, 20.12150134910259, 20.4246668208242, 20.317972043423328, 20.16097047170122, 20.062149333652876]}]}