{"tests_qot": [{"osnr_load_qot_54": [20.420208042677114, 20.421341461438228, 20.42360740999355, 20.42700411272929, 20.429267102956526, 20.430398155053705, 20.43152891201189, 20.43265937398489, 20.433789541126416, 20.436048991529205, 20.437178275097267, 20.43830726444744, 20.439435959732833, 20.440564361106407, 20.44282028272946, 20.445075030538046, 20.44732860575172, 20.45070677261986, 20.45183224326303, 20.45295742166932, 20.455206902377356, 20.45633120498186, 20.457455215954997, 20.458578935447854, 20.459702363611395, 20.460825500596474, 20.461948346553825, 20.464193165987673, 20.46643682311648, 20.467558216192078, 20.468679319141895, 20.469800132115846, 20.47092065526373, 20.474280487247235, 20.475399852586527, 20.476518928847028, 20.477637716177824, 20.478756214727913, 20.483227324096983, 20.48546114996258, 20.48769382486409, 20.488809731073424, 20.48992534998564, 20.49104068174847, 20.492155726509523, 20.49327048441631, 20.496613038484362, 20.497726650446815, 20.498839976290807, 20.499953016163154, 20.503290421416878, 20.504402318868628, 20.505513931081147, 20.506625258200586]}, {"gosnr_load_qot_54": [20.05219968628468, 20.022219058065396, 20.15270724399572, 20.14941152841083, 20.077824093360228, 20.00798270478592, 20.0449450385857, 20.14051978239597, 20.13758932122958, 20.140463369211886, 20.15706164158668, 20.05688111271409, 19.99932231775015, 20.135902016264964, 20.09770388609896, 20.099475127263982, 20.020304836839045, 20.069693228182167, 20.070364381169995, 20.03203661375299, 20.022057908239802, 20.04196715185815, 20.160976787672112, 20.19860992952672, 20.04701785752273, 20.037941755594424, 20.057852350414596, 20.107923643647133, 20.01600955752479, 20.010789731770373, 20.09767858288866, 20.050121663347788, 20.021888599401827, 20.102658089565068, 20.109983746578074, 20.0445244633498, 20.000569244821875, 20.037441086071098, 20.043357473042064, 20.01255371534153, 20.069575957855847, 20.083506440421758, 19.997470128662997, 20.069061096276833, 20.09471720824715, 20.062746525763195, 20.05223510319955, 20.024976746571358, 20.151835504214443, 20.11550771426166, 20.13021429568585, 20.055460174653543, 20.125328209567538, 20.03331154109061]}]}