{"tests_qot": [{"osnr_load_qot_27": [10.180107030191262, 10.337763403155677, 10.38995329713549, 10.69929337196913, 10.952110626369773, 11.051976611192384, 11.151123621528464, 11.20042787379072, 11.249552830131703, 11.395853579203582, 11.540546888892306, 11.636118635819436, 11.825132614023403, 11.87194377832756, 11.965036988849079, 12.149114111815834, 12.464527921524605, 12.553086609590245, 12.640956852196885, 12.857638422586339, 13.070078753001626, 13.195526840894107, 13.278325468203885, 13.319475981969429, 13.360461186250795, 13.761316493941855, 13.800512179057996]}, {"gosnr_load_qot_27": [10.297814665500063, 12.736627638124476, 12.364979734941201, 11.011108090588529, 11.762192741584094, 11.37188092077392, 10.91034754270189, 13.20962215667349, 10.978009960635134, 10.608393151801101, 11.95579574870521, 11.643733105518514, 12.273659712479162, 10.11283203966344, 12.575499669165971, 12.72498160085612, 10.246847324737203, 13.248239260633667, 11.07334359071108, 12.840379089884467, 12.728110637643626, 11.462079152421001, 11.240225592642812, 12.770173358851096, 12.214742476677959, 11.606203892347683, 10.83050033762887]}]}