{"tests_qot": [{"osnr_load_qot_54": [12.072737679470167, 12.07387216538844, 12.07614024825703, 12.079540152460023, 12.081805276997002, 12.082937396248525, 12.0840692203607, 12.085200749487344, 12.086331983782156, 12.08859356849046, 12.08972391921076, 12.090853975712811, 12.091983738149727, 12.09311320667448, 12.095371262598825, 12.0976281447073, 12.099883854219451, 12.103265222532665, 12.10439176032349, 12.10551800587708, 12.107769620878665, 12.108894990629416, 12.110020068748444, 12.111144855386842, 12.112269350695573, 12.11339355482549, 12.114517467927318, 12.116764421649084, 12.119010213064394, 12.12013267328272, 12.121254843374912, 12.122376723490882, 12.123498313780432, 12.12686134718683, 12.12798177966639, 12.129101923066791, 12.130221777537143, 12.131341343226435, 12.135816721148805, 12.13805268128893, 12.140287490463566, 12.141404463808938, 12.142521149856835, 12.143637548754993, 12.144753660651029, 12.14586948569244, 12.149215241162263, 12.150329920257938, 12.15144431323479, 12.152558420239652, 12.155899026888811, 12.157011991471656, 12.158124670814933, 12.159237065064772]}, {"gosnr_load_qot_54": [11.708625974039608, 11.678628845756077, 11.809149703723014, 11.805943751081806, 11.734275315470402, 11.664370124733841, 11.701330867203367, 11.797039987395666, 11.794112539367617, 11.796967421982462, 11.813574036623748, 11.713322646140224, 11.655705550308069, 11.792331222244737, 11.754193711293546, 11.755945182809507, 11.676681504811858, 11.726113283537195, 11.726830437306571, 11.688453817186623, 11.678428238677094, 11.69835361007175, 11.817514156989242, 11.855175975444993, 11.703450665973481, 11.694346733179586, 11.714309154568216, 11.764361706976846, 11.6723810825826, 11.667183795530642, 11.754107620498068, 11.706531841583656, 11.678257584301088, 11.759152355583407, 11.766476630169597, 11.700956909740572, 11.656955694294922, 11.693842050893364, 11.69977324799862, 11.668924328522905, 11.725972197774011, 11.73995016891926, 11.653853424425138, 11.725503026098423, 11.751194057256242, 11.719204030383558, 11.708632966266348, 11.681387051737882, 11.808273555804153, 11.771953128780467, 11.786646276393167, 11.71191422904447, 11.781834776051843, 11.68968638181851]}]}