{"tests_qot": [{"osnr_load_qot_81": [12.069332441920242, 12.070467817891162, 12.07160289702275, 12.072737679470167, 12.07387216538844, 12.07500635493246, 12.07614024825703, 12.077273845516805, 12.07840714686633, 12.079540152460023, 12.08067286245219, 12.081805276997002, 12.082937396248525, 12.0840692203607, 12.085200749487344, 12.086331983782156, 12.087462923398707, 12.08859356849046, 12.08972391921076, 12.090853975712811, 12.091983738149727, 12.09311320667448, 12.094242381439933, 12.095371262598825, 12.096499850303783, 12.0976281447073, 12.098756145961765, 12.099883854219451, 12.101011269632497, 12.102138392352927, 12.103265222532665, 12.10439176032349, 12.10551800587708, 12.106643959344991, 12.107769620878665, 12.108894990629416, 12.110020068748444, 12.111144855386842, 12.112269350695573, 12.11339355482549, 12.114517467927318, 12.11564109015169, 12.116764421649084, 12.117887462569904, 12.119010213064394, 12.12013267328272, 12.121254843374912, 12.122376723490882, 12.123498313780432, 12.12461961439325, 12.125740625478898, 12.12686134718683, 12.12798177966639, 12.129101923066791, 12.130221777537143, 12.131341343226435, 12.132460620283545, 12.133579608857232, 12.13469830909614, 12.135816721148805, 12.136934845163633, 12.13805268128893, 12.139170229672885, 12.140287490463566, 12.141404463808938, 12.142521149856835, 12.143637548754993, 12.144753660651029, 12.14586948569244, 12.146985024026623, 12.148100275800838, 12.149215241162263, 12.150329920257938, 12.15144431323479, 12.152558420239652, 12.153672241419235, 12.154785776920125, 12.155899026888811, 12.157011991471656, 12.158124670814933, 12.159237065064772]}, {"gosnr_load_qot_81": [11.571698891388655, 11.615251805687477, 11.553998083196221, 11.553041280096267, 11.55637272531276, 11.549836621033855, 11.555777686106898, 11.55094746212123, 11.618389280064418, 11.551018264944489, 11.659430677670477, 11.561352534568389, 11.595842763623391, 11.549748295746324, 11.54996127796215, 11.68081885107188, 11.592734933805072, 11.699482320954907, 11.606798294300482, 11.565176872487319, 11.555103670317848, 11.599166024121425, 11.549654461949675, 11.634419889647676, 11.558785040772374, 11.554097450764168, 11.575513043165556, 11.562402495195467, 11.549558240324485, 11.573555534317656, 11.785858336412236, 11.550477535352488, 11.625675784586022, 11.565918976850302, 11.55947422291865, 11.575527756342211, 11.568692372048975, 11.557822646675945, 11.712478759812292, 11.666884881909152, 11.61072888852451, 11.54960835488469, 11.646545141033457, 11.55335324269968, 11.584497932304945, 11.552056569542774, 11.597857075269937, 11.549544013550168, 11.55152589957255, 11.556714461785088, 11.584754751243068, 11.550109245894681, 11.557716581633315, 11.566680496334353, 11.561126304001723, 11.579757768901251, 11.571868958778492, 11.563488180236165, 11.552672874392876, 11.550245114266616, 11.655775439027412, 11.551504794506247, 11.563751843417784, 11.577577955555189, 11.550597955712703, 11.587079798323854, 11.554905513959703, 11.589820188301452, 11.606572425929071, 11.727709862119404, 11.590677524984368, 11.638656317385696, 11.559921100561827, 11.568266061893233, 11.582061107843458, 11.569937400752453, 11.552220778183175, 11.579774441170008, 11.620205964503139, 11.602731640965182, 11.631774078749535]}]}