{"tests": [{"osnr_load_27": [16.384342150529445, 16.43457062546507, 16.45126488447892, 16.550922446846688, 16.633308267256723, 16.666094900994576, 16.698786047935513, 16.715095884583047, 16.731381934460995, 16.780097647325075, 16.82860030230477, 16.86081742018771, 16.92496951998862, 16.940948933749414, 16.972837628815974, 17.03633529496408, 17.146563578594414, 17.177849835847315, 17.209044279854258, 17.286630235982205, 17.363647463396095, 17.409586332147047, 17.44009962213171, 17.45532256854222, 17.470523088460073, 17.621301315971774, 17.63625709122494]}, {"gosnr_load_27": [16.293155609301294, 17.123617145996455, 16.993895518027394, 16.458722652437274, 16.765085002262786, 16.62807576670654, 16.46797711698112, 17.36497962034738, 16.461847085318244, 16.4122752255277, 16.852659738022552, 16.698394332603627, 16.952700912988433, 16.265748604402198, 17.086590794496754, 17.141832718578772, 16.276464233860235, 17.38206042117437, 16.497176805205854, 17.174181467803674, 17.11492509801142, 16.660558471536582, 16.58554276066827, 17.151489962588517, 16.938679411600322, 16.68922084793277, 16.459404166740075]}]}