{"tests": [{"osnr_load_54": [16.98314261597313, 16.9842767182525, 16.98654403384349, 16.98994278713057, 16.99220714439061, 16.993338880003762, 16.99447032047763, 16.995601465966036, 16.996732316622673, 16.998993134054835, 17.000123101137156, 17.0012527740013, 17.002382152800376, 17.003511237687352, 17.005768526336347, 17.008024641169733, 17.010279583407062, 17.013659800808536, 17.01478595496225, 17.01591181687879, 17.01816266460648, 17.01928765072038, 17.02041234520263, 17.021536748204312, 17.02266085987639, 17.023784680369722, 17.024908209835036, 17.027154396283965, 17.029399420426707, 17.030521497008845, 17.031643283464916, 17.032764779944827, 17.033885986598392, 17.03724786909722, 17.03836791794106, 17.0394876777058, 17.04060714854056, 17.04172633059433, 17.046200173975258, 17.048435366845066, 17.05066940874965, 17.05178599846009, 17.052902300873125, 17.05401831613649, 17.05513404439779, 17.05624948580454, 17.059594090370766, 17.060708385832037, 17.061822395174563, 17.062936118545156, 17.066275574291907, 17.06738815524076, 17.068500450950097, 17.069612461566066]}, {"gosnr_load_54": [16.624628909598425, 16.595161499602405, 16.722770559263054, 16.72095314947612, 16.64997846623388, 16.58094159954256, 16.616933407602797, 16.712108847953445, 16.709302050305524, 16.711803479855455, 16.72809434785577, 16.629426204382426, 16.57243674417992, 16.706201523109684, 16.669940986979633, 16.67135958037845, 16.592782531272533, 16.641574617658975, 16.642941792455403, 16.60484278778059, 16.594392511433313, 16.61404177739572, 16.73229342705004, 16.769373855985126, 16.619681520402523, 16.610406903648933, 16.630609247408536, 16.679092027679634, 16.58851719483932, 16.58378011955737, 16.668973767624397, 16.622354533895628, 16.594206663400925, 16.674835119138663, 16.68194841868122, 16.617246602817538, 16.57370185069005, 16.609856846514507, 16.615851036411165, 16.58513539684236, 16.641091096130843, 16.65539739134042, 16.57063263372173, 16.64129803197231, 16.666830741346516, 16.635388061538553, 16.62422261106962, 16.597856686217572, 16.721853443683997, 16.6865922121769, 16.70070590465498, 16.628236069379238, 16.69710412029855, 16.605428051704198]}]}