{"tests": [{"osnr_load_81": [16.979738529340278, 16.9808735216721, 16.98200821716466, 16.983142615973108, 16.984276718252474, 16.98541052415767, 16.986544033843465, 16.987677247464536, 16.988810165175423, 16.98994278713055, 16.99107511348421, 16.992207144390587, 16.99333888000374, 16.994470320477607, 16.99560146596601, 16.996732316622648, 16.997862872601093, 16.99899313405481, 17.00012310113713, 17.00125277400128, 17.00238215280035, 17.00351123768733, 17.004640028815075, 17.005768526336325, 17.006896730403703, 17.00802464116971, 17.009152258786735, 17.010279583407037, 17.01140661518277, 17.01253335426596, 17.013659800808515, 17.014785954962225, 17.01591181687877, 17.0170373867097, 17.018162664606457, 17.019287650720358, 17.020412345202608, 17.021536748204287, 17.022660859876368, 17.0237846803697, 17.024908209835015, 17.02603144842293, 17.027154396283944, 17.02827705356844, 17.02939942042668, 17.03052149700882, 17.03164328346489, 17.032764779944802, 17.03388598659837, 17.035006903575262, 17.036127531025052, 17.0372478690972, 17.038367917941034, 17.039487677705775, 17.040607148540538, 17.041726330594308, 17.04284522401596, 17.043963828954254, 17.045082145557835, 17.04620017397524, 17.047317914354874, 17.04843536684504, 17.049552531593935, 17.050669408749624, 17.051785998460065, 17.052902300873104, 17.054018316136464, 17.055134044397768, 17.056249485804514, 17.057364640504098, 17.058479508643785, 17.05959409037074, 17.06070838583201, 17.061822395174538, 17.06293611854513, 17.064049556090513, 17.06516270795727, 17.066275574291886, 17.067388155240735, 17.068500450950072, 17.069612461566045]}, {"gosnr_load_81": [16.490103584448434, 16.533216613835627, 16.4720793643594, 16.471155386512258, 16.474380883657894, 16.468106645150005, 16.47422990291564, 16.46914747309304, 16.535143961904918, 16.469425523740867, 16.57547458430672, 16.47922799550247, 16.514033108700698, 16.468106558307706, 16.468333471565234, 16.597860781477905, 16.510957880546112, 16.616236954847952, 16.523760207202095, 16.48361690306742, 16.473149715350704, 16.51732029125528, 16.467944786335323, 16.550893849321028, 16.477240988915746, 16.472541968744984, 16.49389118619508, 16.48085238487186, 16.46786747857227, 16.49194776243357, 16.701221408146964, 16.468702493752613, 16.543507275576154, 16.48368570259421, 16.477397464107227, 16.49308640136515, 16.48639674601043, 16.475789983638283, 16.627622549268303, 16.584136147077658, 16.528749177938757, 16.467951510120578, 16.56409150824251, 16.471792371258665, 16.50280117173245, 16.470481839272363, 16.514982497916453, 16.467870843472923, 16.469699208977026, 16.475168976383195, 16.50212856281052, 16.46835750957643, 16.476172345290063, 16.48511372901909, 16.47957934228097, 16.49810244351929, 16.48950440501296, 16.481311675770748, 16.471105588154046, 16.468630098306882, 16.57318964484179, 16.46992158318707, 16.482197410709947, 16.49594028779662, 16.46899461977315, 16.505358911975282, 16.47335439597806, 16.508072623278466, 16.52464226187418, 16.64401875799068, 16.50793746296958, 16.556312924472586, 16.478376148477107, 16.486691181638587, 16.500386138566874, 16.48835303080957, 16.47036550263321, 16.497246674260012, 16.538108299543936, 16.520845916294927, 16.54952450937514]}]}