{"tests": [{"osnr_load_27": [9.422022463513152, 9.601620316107834, 9.66103284575652, 10.01274767090633, 10.299614722711832, 10.412778598883337, 10.52503940382673, 10.580831525701115, 10.636398345931122, 10.801748819242238, 10.965078573581927, 11.072845470132126, 11.285701454181112, 11.338359219361303, 11.443009406050601, 11.6496577010214, 12.002844522082142, 12.10179591830968, 12.199882991599429, 12.441344043952018, 12.67748868468387, 12.816651306650469, 12.908384031293433, 12.953939437159638, 12.999288333835405, 13.441555837856196, 13.484674568453565]}, {"gosnr_load_27": [9.576949178988079, 12.309751871288055, 11.910445838653887, 10.401375767806066, 11.24064588949621, 10.80124596648326, 10.279123419095072, 12.80383220710138, 10.361200119914681, 9.928053021567955, 11.453988362989682, 11.112417813615803, 11.810614774052867, 9.360822315594664, 12.139984240749019, 12.302205623708938, 9.518858090708358, 12.845250907518455, 10.468727722568914, 12.421729891522563, 12.298867621073388, 10.902794791804986, 10.65189316676916, 12.349427228659493, 11.743996301334507, 11.06944130977547, 10.185212827085158]}]}