{"tests": [{"osnr_load_54": [11.56898524297375, 11.570119748921346, 11.572387871848575, 11.575787836139517, 11.578053000735123, 11.579185140015955, 11.580316984157442, 11.58144853331339, 11.582579787637506, 11.584841412404415, 11.585971783154017, 11.587101859685367, 11.588231642151584, 11.589361130705633, 11.591619226688561, 11.593876148855617, 11.596131898426336, 11.599513326827404, 11.600639884647507, 11.601766150230379, 11.604017805290514, 11.605143195070536, 11.606268293218838, 11.607393099886503, 11.608517615224505, 11.609641839383688, 11.610765772514782, 11.613012766295075, 11.615258597768907, 11.616381078016484, 11.61750326813793, 11.618625168283161, 11.619746778601963, 11.623109872096109, 11.624230324604914, 11.62535048803456, 11.626470362534151, 11.627589948252686, 11.632065406292005, 11.634301406490595, 11.636536255723694, 11.637653249098289, 11.638769955175414, 11.639886374102794, 11.641002506028055, 11.642118351098683, 11.645464166656158, 11.64657886578105, 11.64769327878712, 11.648807405821191, 11.652148072557972, 11.653261057170024, 11.654373756542505, 11.65548617082154]}, {"gosnr_load_54": [11.205305845310967, 11.175335260340427, 11.305708011922933, 11.3025766233927, 11.23094074474633, 11.161077696083186, 11.197988701052182, 11.293675461307288, 11.290754312713872, 11.293590355066346, 11.31018108690476, 11.210008244529115, 11.152421153577595, 11.28890183247502, 11.250862841438021, 11.252596507446324, 11.173364556516114, 11.222765151997319, 11.223517349171619, 11.18515314190201, 11.175104042670135, 11.195015857978103, 11.314135419073885, 11.351768487174205, 11.200142465756123, 11.191028744961997, 11.211005398220848, 11.260976758509244, 11.169065741534327, 11.163892888333166, 11.25072930165284, 11.203201871016052, 11.174932559144537, 11.255818343323531, 11.263131748290135, 11.197651712634425, 11.153672184460365, 11.190521586723072, 11.19645656538241, 11.165612796495436, 11.222605618808776, 11.236602195814683, 11.150571491487707, 11.222172818994062, 11.24785703327101, 11.21589434973848, 11.205290587271934, 11.17809025483094, 11.30482959816711, 11.268563774954035, 11.283226701511317, 11.208611485201189, 11.278480022853056, 11.186350940214947]}]}