{"tests": [{"osnr_load_81": [11.565579945335799, 11.566715341336044, 11.567850440496958, 11.568985242973698, 11.570119748921295, 11.571253958494639, 11.572387871848523, 11.573521489137619, 11.57465481051646, 11.575787836139469, 11.57692056616095, 11.578053000735073, 11.579185140015905, 11.580316984157392, 11.581448533313338, 11.582579787637455, 11.58371074728331, 11.584841412404367, 11.585971783153965, 11.587101859685315, 11.588231642151532, 11.58936113070558, 11.590490325500326, 11.59161922668851, 11.592747834422761, 11.593876148855568, 11.595004170139315, 11.59613189842629, 11.597259333868621, 11.598386476618332, 11.599513326827353, 11.600639884647459, 11.601766150230329, 11.602892123727514, 11.604017805290464, 11.605143195070486, 11.606268293218786, 11.607393099886455, 11.608517615224454, 11.609641839383638, 11.61076577251473, 11.611889414768367, 11.613012766295023, 11.6141358272451, 11.615258597768854, 11.616381078016435, 11.617503268137881, 11.61862516828311, 11.61974677860191, 11.62086809924398, 11.621989130358873, 11.623109872096062, 11.624230324604865, 11.62535048803451, 11.6264703625341, 11.627589948252634, 11.628709245338985, 11.629828253941913, 11.630946974210055, 11.632065406291957, 11.633183550336021, 11.634301406490547, 11.635418974903732, 11.636536255723641, 11.637653249098241, 11.638769955175363, 11.639886374102746, 11.641002506028006, 11.642118351098635, 11.64323390946204, 11.64434918126547, 11.645464166656108, 11.646578865781, 11.647693278787068, 11.648807405821142, 11.649921247029933, 11.65103480256003, 11.652148072557921, 11.653261057169972, 11.654373756542455, 11.655486170821492]}, {"gosnr_load_81": [11.068499133592052, 11.112031176689776, 11.05077979333309, 11.049824695661773, 11.053150651870451, 11.046628222525257, 11.052579469221687, 11.047735366943032, 11.115103725338816, 11.047817325950565, 11.156109526547784, 11.058123637809965, 11.092633020225781, 11.046544639578862, 11.046758384942525, 11.177552821692647, 11.089526744927571, 11.196202054227271, 11.103523145704026, 11.061978599368983, 11.051883554771367, 11.095954553137277, 11.046447144182935, 11.131120262156944, 11.055587216322028, 11.050898712603539, 11.072312100778728, 11.059204575482013, 11.046351934162118, 11.07035522456177, 11.282508899994761, 11.047266752678768, 11.122448655432253, 11.062684520058216, 11.056247777573379, 11.072282715765606, 11.065454736950215, 11.054598468949754, 11.209112628527505, 11.163629207180197, 11.107510953117547, 11.046403876921158, 11.143304022139063, 11.050154167160578, 11.081293535131211, 11.04885666575052, 11.09459015152508, 11.046338653059994, 11.048312404402003, 11.053516428224459, 11.081500354400687, 11.046899693825738, 11.054518679146309, 11.063481953462194, 11.0579284722862, 11.076555297448696, 11.068627817328952, 11.06025662329317, 11.049473410375057, 11.047042927528494, 11.15252780856258, 11.048304399252709, 11.060553777242179, 11.0743762946124, 11.047396419897815, 11.083874268606406, 11.051707062080121, 11.086613398941662, 11.103356888645543, 11.224407466499374, 11.087417379582028, 11.135420618501495, 11.056723300110935, 11.065067183776826, 11.078857726987312, 11.0667381188315, 11.049005789083449, 11.07652502202159, 11.116982293812898, 11.099518247543088, 11.128542982472286]}]}