{"tests": [{"osnr_load_27": [5.869889391120029, 6.188059140232058, 6.292917515204703, 6.909398969634416, 7.406437323216175, 7.600981909370487, 7.793081510459317, 7.888214015316529, 7.982734931221202, 8.262629191792593, 8.537026494465342, 8.716910382881215, 9.069389750123468, 9.15599660170238, 9.327402536803222, 9.663020881371754, 10.22754333991889, 10.383577406789017, 10.537306354916677, 10.9116716734876, 11.272077450327737, 11.481768913275783, 11.618883991734803, 11.686647273893936, 11.753885375230983, 12.398122355492012, 12.45980794010958]}, {"gosnr_load_27": [6.238273078441475, 10.535107300055174, 10.142527965176587, 7.748258319418442, 9.117661786974944, 8.389953700801453, 7.498262877240146, 10.90535244266957, 7.666057573361345, 6.847708459863949, 9.442424136295633, 8.932784655868986, 10.001124966783765, 5.830483181175717, 10.45477777857202, 10.644384494915222, 6.135041998478723, 10.951417800040588, 7.848722689786717, 10.678162756200628, 10.488115507181082, 8.559282680751712, 8.134059629389007, 10.658757520042506, 9.897103798807281, 8.858249719788283, 7.31957777084763]}]}