{"tests": [{"osnr_load_54": [9.55821268432915, 9.559347250631928, 9.56161549426951, 9.565015639625953, 9.567280924931868, 9.56841312456786, 9.56954502906449, 9.570676638575586, 9.571807953254837, 9.574069698732021, 9.57520012983675, 9.576330266723227, 9.577460109544562, 9.578589658453737, 9.580847875146887, 9.583104918024159, 9.58536078830507, 9.58874239777141, 9.589869015946595, 9.590995341884543, 9.593247117654823, 9.594372567789907, 9.595497726293274, 9.596622593315997, 9.597747169009065, 9.598871453523293, 9.599995447009436, 9.602242561499816, 9.604488513683725, 9.60561105428633, 9.6067333047628, 9.607855265263051, 9.608976935936868, 9.612340210496056, 9.613460723359866, 9.61458094714451, 9.6157008819991, 9.616820528072621, 9.621296227531884, 9.62353234844042, 9.625767318383444, 9.626884372113002, 9.628001138545084, 9.629117617827417, 9.630233810107626, 9.6313497155332, 9.634695712155493, 9.63581047163531, 9.636924944996307, 9.638039132385305, 9.641379980186834, 9.642493025153788, 9.643605784881176, 9.64471825951511]}, {"gosnr_load_54": [9.195208466133106, 9.16527094796448, 9.295457248940064, 9.292423214725353, 9.220825898355928, 9.15101411389949, 9.187862090352555, 9.283524952016537, 9.280611878367935, 9.283423436954605, 9.299994333029497, 9.199918617496285, 9.142367603843116, 9.278666209850227, 9.240753948560599, 9.24246442078456, 9.163269574966801, 9.212632112069594, 9.21343019048631, 9.175080095941713, 9.164999676182777, 9.18489485684473, 9.303967479252163, 9.34156508743807, 9.190060404285937, 9.180933376282765, 9.200929751446367, 9.25079769447651, 9.158972626163521, 9.153831450760679, 9.240558335223275, 9.19309150143336, 9.164827098632431, 9.245705617469271, 9.2530052143654, 9.187573441755882, 9.143619863342906, 9.180422951297109, 9.186363204370751, 9.155524474068427, 9.212448439733032, 9.226470133830333, 9.140521063471418, 9.212063192531927, 9.237739922161293, 9.205811224733202, 9.195164102244563, 9.16802189309681, 9.29457582168895, 9.258379374557643, 9.27300359664965, 9.198537030147435, 9.26834143963022, 9.176232483057523]}]}