{"tests": [{"osnr_load_81": [9.554807205625625, 9.555942661981064, 9.557077821497167, 9.558212684329092, 9.559347250631868, 9.560481520560394, 9.561615494269454, 9.562749171913715, 9.563882553647726, 9.565015639625896, 9.566148430002531, 9.567280924931813, 9.568413124567801, 9.569545029064434, 9.570676638575529, 9.57180795325478, 9.572938973255775, 9.574069698731964, 9.575200129836688, 9.576330266723168, 9.577460109544504, 9.578589658453678, 9.579718913603537, 9.580847875146828, 9.581976543236193, 9.583104918024102, 9.584232999662943, 9.585360788305016, 9.58648828410244, 9.587615487207245, 9.588742397771352, 9.589869015946539, 9.590995341884485, 9.592121375736745, 9.593247117654766, 9.59437256778985, 9.595497726293218, 9.596622593315942, 9.597747169009004, 9.598871453523236, 9.599995447009379, 9.60111914961806, 9.602242561499756, 9.603365682804872, 9.604488513683664, 9.605611054286276, 9.606733304762741, 9.607855265262993, 9.608976935936806, 9.6100983169339, 9.6112194084038, 9.612340210496, 9.613460723359808, 9.614580947144452, 9.61570088199904, 9.616820528072568, 9.617939885513907, 9.619058954471821, 9.620177735094952, 9.621296227531827, 9.622414431930865, 9.623532348440364, 9.624649977208513, 9.625767318383385, 9.626884372112944, 9.628001138545025, 9.629117617827358, 9.630233810107569, 9.631349715533146, 9.632465334251492, 9.633580666409857, 9.634695712155432, 9.635810471635253, 9.636924944996249, 9.638039132385249, 9.639153033948958, 9.64026664983397, 9.641379980186779, 9.642493025153733, 9.64360578488112, 9.644718259515056]}, {"gosnr_load_81": [9.058551755053587, 9.10205884351155, 9.04080722286179, 9.039854305102038, 9.043173258675882, 9.036668369661804, 9.042633253583382, 9.037770737389772, 9.105046627669612, 9.03786729483359, 9.146008100536822, 9.048137584839976, 9.082673877820321, 9.036590985987855, 9.03680574108604, 9.167524677648457, 9.079569468492968, 9.186156314666302, 9.093479032979896, 9.052032813330447, 9.0419086550389, 9.085993330110611, 9.03648869543055, 9.121045626386772, 9.04564167494786, 9.040951725190455, 9.062363377339498, 9.049259103140635, 9.03639480366437, 9.060407223610392, 9.272377498489782, 9.037303815055314, 9.112468384516179, 9.052691438108662, 9.046264830987873, 9.062276303809329, 9.055457645863743, 9.044618400486625, 9.198955285896314, 9.153613843229802, 9.097541898640621, 9.036449140772497, 9.13330658671294, 9.040206698605468, 9.071340775239218, 9.038908044370208, 9.08455631502877, 9.036382758942713, 9.03834597426735, 9.043570502514084, 9.071482198913545, 9.036938346421818, 9.044572978514843, 9.053535895121138, 9.04798304672696, 9.066604801792309, 9.058626309702673, 9.050267204657086, 9.039525397245988, 9.03709122279816, 9.142522359312569, 9.038355105455707, 9.050608185574017, 9.06442674209665, 9.037445585560041, 9.073920166126765, 9.041760492383355, 9.076657796229266, 9.093390746422495, 9.214334344111247, 9.077392023004222, 9.125429843127964, 9.046777850934033, 9.055120771879858, 9.068906165520568, 9.056791268319566, 9.03903744170555, 9.066513110317537, 9.10700625020936, 9.089554702228385, 9.118557853395481]}]}