{"tests": [{"osnr_load_27": [9.844072796361946, 10.011146214912179, 10.066437133781502, 10.393983094722593, 10.66144626131975, 10.767036558171842, 10.871831251656598, 10.92393061390248, 10.975831531271076, 11.130345338254132, 11.283079678631298, 11.383916723062855, 11.5832330195983, 11.63257233524402, 11.7306651141398, 11.92451527228249, 12.256312334717647, 12.349385324574584, 12.44169648492032, 12.669161989327689, 12.891937043582118, 13.023373495995312, 13.110076921883493, 13.153153806233195, 13.196048122126376, 13.61506152201904, 13.655981405292192]}, {"gosnr_load_27": [9.978159949968346, 12.548074169395518, 12.161479682613932, 10.739572027767647, 11.528908666072756, 11.11717281011845, 10.62939571759496, 13.032146276704047, 10.70337121057891, 10.30613627124074, 11.731092100310514, 11.40628531938444, 12.06640967537097, 9.7797178513977, 12.380542770250962, 12.536300464542975, 9.924131419010985, 13.072057998219279, 10.80397238254691, 12.65539129712278, 12.539001500975553, 11.212303883118938, 10.977821173395856, 12.583202772522274, 12.00394271969033, 11.366358178167143, 10.543426695290892]}]}