{"tests": [{"osnr_load_54": [11.846276565940757, 11.847411061151112, 11.849679162603866, 11.8530790946831, 11.855344237804232, 11.856476366347833, 11.857608199752086, 11.858739738170804, 11.85987098175769, 11.86213258505014, 11.863262945062514, 11.864393010856634, 11.865522782585625, 11.866652260402448, 11.868910334910927, 11.871167235603536, 11.873422963699817, 11.876804359889226, 11.877930906972109, 11.879057161817766, 11.881308795403472, 11.88243417444628, 11.883559261857364, 11.884684057787819, 11.885808562388611, 11.886932775810582, 11.888056698204464, 11.890303670510342, 11.892549480509757, 11.893671950020131, 11.894794129404374, 11.895916018812398, 11.897037618393998, 11.90040067967654, 11.901521121448145, 11.902641274140588, 11.903761137902986, 11.904880712884317, 11.909356127974855, 11.911592106699063, 11.913826934457779, 11.914943917095185, 11.916060612435118, 11.917177020625314, 11.918293141813383, 11.919408976146826, 11.922754759492747, 11.923869447880453, 11.92498385014934, 11.92609796644623, 11.929438600971471, 11.930551574846344, 11.931664263481647, 11.932776667023507]}, {"gosnr_load_54": [11.48396003206285, 11.454094472213427, 11.583886200041702, 11.581038454558348, 11.509536458267819, 11.439843291267639, 11.476560212109323, 11.572148453327276, 11.569251650319856, 11.572015727833273, 11.588543748856033, 11.488683522756462, 11.431218462502557, 11.567129157191909, 11.529469785294491, 11.531135574980436, 11.452035302134307, 11.501310514443485, 11.502195710342995, 11.463884049654062, 11.453747015984874, 11.473604552248705, 11.592551487821027, 11.630069908111139, 11.478842687499284, 11.46969306796703, 11.489720970730309, 11.539376862606186, 11.447743192279527, 11.442663870404159, 11.529156044415839, 11.481818971367868, 11.453572407047313, 11.53441264633826, 11.541683723706521, 11.476363691375884, 11.432472688302012, 11.469176576345642, 11.4751250857115, 11.444305196999498, 11.501080937193409, 11.515146201889653, 11.429378416224193, 11.500786346686716, 11.52644102936642, 11.49458673014494, 11.4838602632209, 11.45683688286942, 11.582999307550054, 11.546946064944956, 11.561492115626743, 11.487331240852612, 11.55699231232894, 11.464949625610894]}]}