{"tests": [{"osnr_load_81": [11.842871300514531, 11.844006685777535, 11.84514177420121, 11.846276565940707, 11.847411061151064, 11.84854525998717, 11.849679162603817, 11.850812769155674, 11.851946079797278, 11.853079094683048, 11.854211813967297, 11.855344237804186, 11.856476366347785, 11.85760819975204, 11.858739738170755, 11.859870981757638, 11.861001930666266, 11.862132585050091, 11.863262945062463, 11.864393010856586, 11.865522782585574, 11.866652260402397, 11.867781444459917, 11.868910334910879, 11.870038931907905, 11.87116723560349, 11.872295246150015, 11.873422963699769, 11.87455038840488, 11.875677520417371, 11.876804359889174, 11.877930906972063, 11.879057161817716, 11.880183124577687, 11.881308795403422, 11.88243417444623, 11.883559261857318, 11.884684057787771, 11.88580856238856, 11.886932775810532, 11.888056698204414, 11.889180329720839, 11.890303670510292, 11.891426720723162, 11.892549480509707, 11.893671950020083, 11.894794129404325, 11.895916018812347, 11.897037618393945, 11.898158928298814, 11.899279948676506, 11.90040067967649, 11.901521121448093, 11.902641274140542, 11.903761137902933, 11.904880712884271, 11.905999999233426, 11.907118997099156, 11.908237706630104, 11.90935612797481, 11.910474261281678, 11.911592106699011, 11.912709664375008, 11.913826934457727, 11.914943917095135, 11.916060612435068, 11.917177020625264, 11.918293141813336, 11.919408976146777, 11.920524523772997, 11.921639784839241, 11.922754759492696, 11.923869447880405, 11.924983850149289, 11.92609796644618, 11.927211796917792, 11.928325341710709, 11.92943860097142, 11.930551574846294, 11.931664263481599, 11.93277666702346]}, {"gosnr_load_81": [11.347629514222675, 11.391076304999002, 11.329842185544383, 11.328893696138076, 11.332198349022596, 11.325728753643938, 11.331717870665054, 11.326821704844047, 11.393901801540828, 11.32694603319774, 11.434766714035874, 11.337144738699756, 11.37172216674845, 11.325663197406744, 11.325879812847754, 11.456416395403217, 11.368622222615961, 11.475008933435175, 11.382362343863619, 11.34111550867058, 11.33093886168496, 11.375036681213842, 11.32555180542267, 11.40986267175384, 11.334726699744365, 11.33003536212575, 11.35143746109372, 11.33834320494671, 11.325460451234338, 11.349483255196143, 11.561040806779538, 11.32635814013608, 11.401467654562062, 11.341683879085814, 11.335278445901961, 11.351240561653544, 11.344441645128043, 11.33363797564795, 11.487591550621596, 11.442534057870246, 11.38656693609035, 11.325519331974846, 11.42226699178196, 11.329289636147601, 11.360404544045668, 11.327989164495902, 11.373461819015706, 11.325450764386948, 11.327393345680521, 11.332655398767438, 11.360421399685753, 11.325995805936838, 11.333658011391377, 11.342617633254646, 11.337067609677149, 11.355674269609406, 11.34760097338612, 11.339267328597401, 11.32860749602601, 11.32616699987793, 11.431464761883047, 11.327435105977921, 11.339691666681237, 11.35349864341819, 11.326522917035513, 11.362980622080777, 11.330844689340587, 11.3657145922551, 11.382422552915084, 11.503126316164987, 11.366315778427547, 11.414405269829288, 11.335862720207812, 11.344201374043486, 11.357972929802289, 11.345870547359809, 11.328080961095013, 11.355465655897044, 11.396015185072006, 11.378592583377207, 11.407546069497332]}]}