{"tests": [{"osnr_load_27": [12.841046548726352, 12.938768280787059, 12.971185415554544, 13.164047177898347, 13.322624735893855, 13.385513305478273, 13.448092901538107, 13.479267048643226, 13.510364211190826, 13.603194677982879, 13.695335513345723, 13.756380841661002, 13.877558375891299, 13.907663093632603, 13.967645625460746, 14.086705921892865, 14.292176102780171, 14.350211575765979, 14.40795076529292, 14.551008479333788, 14.692234623618269, 14.776097364290928, 14.831644165512508, 14.859309430457087, 14.886902771948275, 15.158908466143261, 15.185719116951335]}, {"gosnr_load_27": [12.849287743330517, 14.42764850768034, 14.167666289555436, 13.257293877442232, 13.763038600430447, 13.511108023136206, 13.216844719106502, 14.796753915682883, 13.244054900028885, 13.051072818196563, 13.899610621502909, 13.672588174172049, 14.102444407245784, 12.750966694067367, 14.317877905318902, 14.42175889189074, 12.817618684165497, 14.824978087731127, 13.305930976528785, 14.504377911534776, 14.421603469214979, 13.569579674515946, 13.428644891999724, 14.45269419667276, 14.066903599076422, 13.65049042988316, 13.176231806145664]}]}