{"tests": [{"osnr_load_54": [14.022787018531897, 14.023921400796763, 14.026189276358574, 14.029588869601476, 14.031853786831787, 14.032985802429996, 14.034117522888863, 14.035248948362213, 14.036380079003738, 14.038641456405509, 14.039771703472558, 14.040901656321372, 14.042031315105062, 14.043160679976596, 14.045418528594542, 14.047675203396661, 14.049930705602504, 14.053311762956335, 14.054438197094054, 14.055564338994554, 14.057815746689982, 14.058941012787676, 14.060065987253656, 14.061190670239021, 14.062315061894722, 14.063439162371624, 14.064562971820449, 14.066809718236247, 14.069055302345623, 14.070177658911, 14.071299725350254, 14.072421501813299, 14.07354298844994, 14.07690571089766, 14.078026039724351, 14.079146079471892, 14.0802658302894, 14.081385292325855, 14.085860255636987, 14.08809600847157, 14.09033061034071, 14.091447480033342, 14.092564062428515, 14.09368035767396, 14.094796365917295, 14.095912087306015, 14.099257531817834, 14.100372107260863, 14.101486396585088, 14.102600399937323, 14.105940695628675, 14.10705355655895, 14.108166132249657, 14.109278422846941]}, {"gosnr_load_54": [13.660824609543425, 13.631018154122511, 13.760488818862509, 13.757787179939392, 13.686366547803416, 13.61677271232109, 13.653383634336489, 13.748904490322051, 13.746020699941916, 13.748747343502849, 13.765240228962703, 13.665558104790584, 13.608165651560803, 13.743759979282098, 13.706302138651571, 13.707932789723836, 13.628913922475634, 13.678116195823481, 13.679069514650557, 13.640791504453144, 13.63061108245332, 13.650437309671187, 13.769274667652445, 13.806727505362833, 13.655731789670817, 13.646565330854639, 13.666616058349781, 13.716101288180102, 13.624625996896679, 13.619595570463632, 13.705895946025635, 13.658664882509683, 13.630434899208474, 13.711237639525354, 13.718485704728383, 13.653259260747479, 13.609421301730958, 13.64604413734016, 13.65199855952435, 13.621196270406715, 13.677850701360343, 13.691948762903088, 13.606330858769462, 13.677627113468336, 13.703262135138182, 13.671469061842707, 13.660681472593676, 13.633753629573643, 13.759597732399802, 13.72366000914472, 13.738143489625605, 13.664228892861791, 13.733771212697153, 13.64178901501348]}]}