{"tests": [{"osnr_load_81": [14.019382091942216, 14.0205173642597, 14.02165233973786, 14.022787018531858, 14.023921400796722, 14.025055486687348, 14.026189276358533, 14.027322769964936, 14.028455967661095, 14.029588869601437, 14.030721475940265, 14.03185378683175, 14.032985802429955, 14.034117522888824, 14.035248948362174, 14.036380079003699, 14.037510914966976, 14.038641456405472, 14.039771703472521, 14.040901656321331, 14.042031315105021, 14.043160679976555, 14.044289751088805, 14.045418528594503, 14.046547012646274, 14.047675203396624, 14.048803100997931, 14.049930705602465, 14.051058017362372, 14.052185036429677, 14.053311762956294, 14.054438197094017, 14.055564338994515, 14.056690188809345, 14.057815746689943, 14.058941012787635, 14.060065987253616, 14.061190670238979, 14.062315061894681, 14.063439162371585, 14.064562971820411, 14.065686490391784, 14.066809718236206, 14.06793265550405, 14.069055302345582, 14.07017765891096, 14.071299725350217, 14.07242150181326, 14.073542988449898, 14.07466418540981, 14.075785092842569, 14.07690571089762, 14.07802603972431, 14.079146079471855, 14.080265830289358, 14.081385292325814, 14.082504465730104, 14.083623350650976, 14.084741947237081, 14.08586025563695, 14.086978275999, 14.088096008471531, 14.08921345320273, 14.090330610340668, 14.0914474800333, 14.09256406242848, 14.093680357673923, 14.094796365917258, 14.095912087305976, 14.097027521987478, 14.09814267010903, 14.099257531817795, 14.100372107260826, 14.101486396585045, 14.102600399937286, 14.103714117464254, 14.104827549312542, 14.105940695628638, 14.107053556558913, 14.108166132249618, 14.109278422846902]}, {"gosnr_load_81": [13.524761965483759, 13.568157609630052, 13.50694272469022, 13.5059977878247, 13.50929094659479, 13.50284956697201, 13.508857122217277, 13.503935046856814, 13.570855780318063, 13.504081109449594, 13.61164135461406, 13.514222847673436, 13.548829366318909, 13.502793277821123, 13.503011330556813, 13.633393255665249, 13.545733199153345, 13.651953460173372, 13.559339401792217, 13.518252411299583, 13.508035578403067, 13.552139714100095, 13.502674769143264, 13.586785342337805, 13.511866000483941, 13.507173997127923, 13.528566691312738, 13.51548145809514, 13.502585410132692, 13.526614186729427, 13.73782906013113, 13.503474152794102, 13.578533768813152, 13.51875005978042, 13.512361781572004, 13.52828381458348, 13.521500967851418, 13.510726125547217, 13.664365520566697, 13.619534510275606, 13.56365458275606, 13.502647843390639, 13.599300773819758, 13.50642779038184, 13.53752488828529, 13.5051260122382, 13.55045706064697, 13.50257757043484, 13.504503820675922, 13.509794784789715, 13.537444204829203, 13.50311430540323, 13.510797414402862, 13.51975365126301, 13.514206338530208, 13.532799503343135, 13.524652701946714, 13.516339742355619, 13.505745054649259, 13.503299827168576, 13.608483604609825, 13.50457112670263, 13.516829312604743, 13.530625978898666, 13.50365692957049, 13.540098139527268, 13.507983690261431, 13.542828996727271, 13.559515876246842, 13.680020743909454, 13.543325957372499, 13.591451533329275, 13.513001797152029, 13.521336360063254, 13.53509583914514, 13.523004347101807, 13.505188358233749, 13.532499357219088, 13.573089363774272, 13.555691010798201, 13.58460297386766]}]}