{"tests_qot": [{"osnr_load_qot_27": [7.492631797504914, 7.73967967055987, 7.821246857047427, 8.302412138029446, 8.692568403640747, 8.845874055520843, 8.997604283957664, 9.072878809025712, 9.14775977958806, 9.370043245292702, 9.588792917976757, 9.732667244504706, 10.015730405105195, 10.085523066302764, 10.22394477340643, 10.49615279506649, 10.957777120316015, 11.086259552707196, 11.2132412851005, 11.524189560208049, 11.825966160327424, 12.002698431045873, 12.11873774202841, 12.1762271491066, 12.233365067079658, 12.785758715957558, 12.839135422417522]}, {"gosnr_load_qot_27": [7.75653611702201, 11.303425422944656, 10.87570441839305, 8.918763700031413, 10.020943077020227, 9.43711940584938, 8.73243469945157, 11.78956176608645, 8.857505243312524, 8.233049965378166, 10.290897126530004, 9.864342989948598, 10.753425551169224, 7.445956762466289, 11.152419549784412, 11.337533456710304, 7.676483747067077, 11.835480298144542, 9.001970369592165, 11.43453524826101, 11.278266617660096, 9.572408499687366, 9.234841125616631, 11.37668825803831, 10.666697259404748, 9.805473518622488, 8.596313479484877]}]}