{"tests_qot": [{"osnr_load_qot_54": [10.40311132211283, 10.404245866402821, 10.406514066014834, 10.40991414533294, 10.4121793866133, 10.413311564236508, 10.41444344672037, 10.415575034218685, 10.416706326885173, 10.41896802833681, 10.42009843742877, 10.421228552302477, 10.422358373111047, 10.423487900007455, 10.425746072675077, 10.428003071526826, 10.430258897782219, 10.433640441210283, 10.434767037372719, 10.435893341297914, 10.43814507304269, 10.439270501165028, 10.440395637655648, 10.44152048266562, 10.442645036345938, 10.443769298847425, 10.444893270320819, 10.447140340785715, 10.44938624894414, 10.450508767534012, 10.451630995997744, 10.452752934485265, 10.453874583146343, 10.457237791667335, 10.45835828251841, 10.45947848429033, 10.460598397132191, 10.46171802119299, 10.466193632601353, 10.468429709484452, 10.470664635402038, 10.471781667118877, 10.472898411538242, 10.474014868807863, 10.475131039075357, 10.476246922488226, 10.479592853072383, 10.480707590539499, 10.481822041887785, 10.48293620726408, 10.486276989027502, 10.487390011981756, 10.488502749696444, 10.489615202317683]}, {"gosnr_load_qot_54": [10.040640914858901, 10.0107496748679, 10.140680906663725, 10.1377696751101, 10.066232325880096, 9.996496000361727, 10.033258976648938, 10.128876496924752, 10.125974039846323, 10.128754382720636, 10.145297670618042, 10.045360058662755, 9.987863451731446, 10.123911608720086, 10.086164669283955, 10.087845726662128, 10.008710083436014, 10.058016987363905, 10.058872584164062, 10.020546302736768, 10.010428120811543, 10.030299260673193, 10.149293808177365, 10.186840725203137, 10.035512914560245, 10.02637061152063, 10.046388597186585, 10.096118641672398, 10.004416155557198, 9.999315589310298, 10.085891098976544, 10.038507964560905, 10.010254195897957, 10.091110728299494, 10.098391804434641, 10.03303110851692, 9.989117058670477, 10.025856162829854, 10.031802103129394, 10.000974567581844, 10.057803016246197, 10.071854030610972, 9.986021122920064, 10.057477575077986, 10.083140800401084, 10.051259898901005, 10.040559989241125, 10.013495098758483, 10.13979583657725, 10.103692398301478, 10.118265636859, 10.043997753114171, 10.113710421658439, 10.021641452466973]}]}