{"tests_qot": [{"osnr_load_qot_81": [10.399705909447727, 10.400841343790377, 10.40197648129369, 10.40311132211283, 10.404245866402821, 10.405380114318557, 10.406514066014834, 10.407647721646317, 10.408781081367547, 10.40991414533294, 10.411046913696797, 10.4121793866133, 10.413311564236508, 10.41444344672037, 10.415575034218685, 10.416706326885173, 10.417837324873396, 10.41896802833681, 10.42009843742877, 10.421228552302477, 10.422358373111047, 10.423487900007455, 10.424617133144547, 10.425746072675077, 10.426874718751677, 10.428003071526826, 10.429131131152909, 10.430258897782219, 10.431386371566889, 10.432513552658936, 10.433640441210283, 10.434767037372719, 10.435893341297914, 10.437019353137424, 10.43814507304269, 10.439270501165028, 10.440395637655648, 10.44152048266562, 10.442645036345938, 10.443769298847425, 10.444893270320819, 10.44601695091676, 10.447140340785715, 10.44826344007809, 10.44938624894414, 10.450508767534012, 10.451630995997744, 10.452752934485265, 10.453874583146343, 10.454995942130697, 10.45611701158787, 10.457237791667335, 10.45835828251841, 10.45947848429033, 10.460598397132191, 10.46171802119299, 10.462837356621606, 10.46395640356679, 10.465075162177193, 10.466193632601353, 10.46731181498767, 10.468429709484452, 10.469547316239879, 10.470664635402038, 10.471781667118877, 10.472898411538242, 10.474014868807863, 10.475131039075357, 10.476246922488226, 10.477362519193862, 10.478477829339514, 10.479592853072383, 10.480707590539499, 10.481822041887785, 10.48293620726408, 10.484050086815087, 10.485163680687402, 10.486276989027502, 10.487390011981756, 10.488502749696444, 10.489615202317683]}, {"gosnr_load_qot_81": [9.904194013194225, 9.947663024985792, 9.886420548916114, 9.885470516081003, 9.888780162678923, 9.882298308764822, 9.888279415230286, 9.883394505919783, 9.950543840776021, 9.883509391733606, 9.991443224505375, 9.893732847074952, 9.928297636448711, 9.88222872640112, 9.882444717404223, 10.013048493150983, 9.925196051387418, 10.031655079389395, 9.938994355730062, 9.897678073731601, 9.887518885741983, 9.931613961160583, 9.882120426294938, 9.966518313812367, 9.89128822294003, 9.886597174552675, 9.908003359458705, 9.894905183270964, 9.88202820529241, 9.90604841441877, 10.117754852205337, 9.882929780934083, 9.95806097418918, 9.898277169845693, 9.891864283482336, 9.907843813714598, 9.90103791542546, 9.890221721637783, 10.044311802242147, 9.999155905444207, 9.94315090071493, 9.882085542626704, 9.978874358632009, 9.885851657445382, 9.916974302964427, 9.884551753402603, 9.930085930528856, 9.882017715942878, 9.883967392350165, 9.889216884911827, 9.91703353564899, 9.882566366327053, 9.890219490154768, 9.899180582641605, 9.893629381330319, 9.912241904264024, 9.904200543077245, 9.895857911325086, 9.885169776088551, 9.882731335482173, 9.988078619395171, 9.883998054184763, 9.896253908815947, 9.910065364959916, 9.883086737706481, 9.919551609114926, 9.887406342793234, 9.922286931738897, 9.93900405125858, 10.059794229328753, 9.922933400095811, 9.971007213900048, 9.892424340631916, 9.900764771780953, 9.914541574299232, 9.902434460479363, 9.884656344960355, 9.912073057815467, 9.952605000998759, 9.935171864204973, 9.964143390482265]}]}