{"tests": [{"osnr_load_27": [7.37092539320808, 7.622804902642831, 7.7059568199078265, 8.196356249606891, 8.593844446932712, 8.749989547225978, 8.904505657894, 8.981153002551913, 9.05739336508656, 9.2836743853134, 9.506300669046377, 9.652692280383103, 9.940629371752776, 10.011607159320787, 10.152359262519619, 10.429069520164768, 10.898070614054054, 11.02854517409586, 11.157468511446595, 11.473053120780882, 11.779162132385911, 11.958351963740608, 12.07597190713961, 12.13423456760105, 12.192134482103555, 12.75154935856801, 12.805570422132742]}, {"gosnr_load_27": [7.640803816518137, 11.25405673668325, 10.818067353432772, 8.826512206704358, 9.948505671204922, 9.35396705728616, 8.63600672696066, 11.743826599202727, 8.763870031295529, 8.126489333485662, 10.222803491300494, 9.789629113992058, 10.69395087067474, 7.323825776824076, 11.098838361417533, 11.28707227786303, 7.559170719869924, 11.7905351603458, 8.911061469690324, 11.386890476159815, 11.22902512502387, 9.491742069866945, 9.14786011983915, 11.327392520975996, 10.605421821455208, 9.72957809007941, 8.497048743844456]}]}