{"tests": [{"osnr_load_54": [10.335185311803519, 10.336319858025815, 10.338588061502428, 10.341988146617435, 10.344253391762399, 10.345385571317907, 10.34651745573407, 10.347649045164687, 10.34878033976347, 10.35104204507971, 10.35217245610397, 10.353302572909978, 10.35443239565085, 10.355561924479556, 10.357820101011777, 10.360077103728125, 10.362332933848112, 10.365714483073077, 10.366841081167808, 10.367967387025303, 10.370219122634678, 10.37134455268931, 10.372469691112226, 10.373594538054501, 10.374719093667116, 10.375843358100898, 10.376967331506595, 10.37921440583608, 10.381460317859105, 10.38258283838127, 10.383705068777296, 10.384827009197116, 10.385948659790493, 10.38931187410837, 10.390432366891751, 10.39155257059596, 10.392672485370113, 10.39379211136321, 10.398267730500756, 10.400503811248445, 10.402738741030621, 10.403855774679759, 10.404972521031418, 10.406088980233335, 10.407205152433121, 10.40832103777828, 10.411666974159326, 10.412781713558733, 10.413896166839313, 10.415010334147901, 10.418351121708206, 10.41946414659475, 10.420576886241737, 10.421689340795266]}, {"gosnr_load_54": [9.972375323162163, 9.942458127625354, 10.072532989387087, 10.069551569566265, 9.997981174264277, 9.928202890116886, 9.965013853400617, 10.060655640147571, 10.057747161808754, 10.060545310302938, 10.077104097074756, 9.977089241867558, 9.919562503286915, 10.055751552134442, 10.017910714779301, 10.019608567463365, 9.940440431463864, 9.989778305833427, 9.990600988433963, 9.95226174847115, 9.942165339651757, 9.96204988859367, 10.0810870134147, 10.118662256276922, 9.967235936589502, 9.958102528217958, 9.978107807495597, 10.027915861544708, 9.93614484929178, 9.931021142662287, 10.017681738872799, 9.970251553162754, 9.941992188388522, 10.022859896119494, 10.030151438339704, 9.96475122395057, 9.920815318107618, 9.957590389870528, 9.963532974716431, 9.932699565713087, 9.989581668644046, 10.00361566831973, 9.917717796971623, 9.989222025376483, 10.014892528378702, 9.982984842831915, 9.97231531151629, 9.945206662444138, 10.071650018538188, 10.035494017508558, 10.050096161305257, 9.975715931039916, 10.045479858242816, 9.953389618073055]}]}