{"tests": [{"osnr_load_81": [10.331779893341457, 10.332915329616409, 10.334050469052023, 10.335185311803464, 10.336319858025757, 10.337454107873796, 10.33858806150237, 10.339721719066155, 10.340855080719686, 10.34198814661738, 10.343120916913541, 10.344253391762344, 10.345385571317854, 10.346517455734014, 10.34764904516463, 10.348780339763417, 10.349911339683938, 10.351042045079657, 10.352172456103915, 10.353302572909923, 10.354432395650793, 10.355561924479497, 10.356691159548891, 10.357820101011722, 10.35894874902062, 10.36007710372807, 10.36120516528645, 10.362332933848059, 10.363460409565029, 10.36458759258937, 10.365714483073024, 10.366841081167754, 10.36796738702525, 10.369093400797054, 10.370219122634621, 10.371344552689257, 10.372469691112173, 10.373594538054444, 10.374719093667057, 10.375843358100845, 10.376967331506536, 10.378091014034776, 10.379214405836024, 10.380337507060698, 10.381460317859048, 10.382582838381216, 10.383705068777243, 10.38482700919706, 10.385948659790433, 10.387070020707089, 10.388191092096555, 10.389311874108317, 10.390432366891691, 10.391552570595906, 10.392672485370058, 10.393792111363156, 10.394911448724066, 10.396030497601549, 10.397149258144246, 10.398267730500702, 10.399385914819314, 10.400503811248392, 10.401621419936117, 10.402738741030566, 10.403855774679702, 10.404972521031361, 10.406088980233276, 10.407205152433068, 10.408321037778228, 10.40943663641616, 10.410551948494106, 10.411666974159266, 10.412781713558676, 10.413896166839258, 10.415010334147848, 10.416124215631148, 10.417237811435754, 10.418351121708149, 10.419464146594699, 10.420576886241681, 10.421689340795213]}, {"gosnr_load_81": [9.835810734382695, 9.879300794164314, 9.818054116046891, 9.817102448901187, 9.820417363805186, 9.81392244207944, 9.819894169645757, 9.815022150488058, 9.882242745812132, 9.81512655069591, 9.923176947967074, 9.825376624497242, 9.859924534475931, 9.813848398583179, 9.814063679058812, 9.944731116451017, 9.85682138616425, 9.963351711198928, 9.870683097534078, 9.829293186676772, 9.819154205067754, 9.863242592274014, 9.813743537699231, 9.898230976277024, 9.822902706152327, 9.818212364451231, 9.83962131869906, 9.826519873684843, 9.813650362568769, 9.83766571505482, 10.049519429265928, 9.814556176380556, 9.889705197688174, 9.829926322665951, 9.823505695323583, 9.839503229073188, 9.832690146372382, 9.82186094806518, 9.976089578793758, 9.930828330030021, 9.874785988831222, 9.813705982840416, 9.910532423898706, 9.817467140351695, 9.848595803563256, 9.81616797286253, 9.86176664729886, 9.81363898373258, 9.815596371807448, 9.820831497416886, 9.84870204769423, 9.814191592941848, 9.82183401200118, 9.830795998144156, 9.825243947502154, 9.84386143956965, 9.83585617371893, 9.827504258979436, 9.816785602118657, 9.814349642367858, 9.919743112329494, 9.815614717762385, 9.827868780827627, 9.841684067117688, 9.81470444410474, 9.851174258869946, 9.819021289799053, 9.85391085537352, 9.870636748265458, 9.991512612759294, 9.854607509778159, 9.902659922630782, 9.824038838217575, 9.832380554095248, 9.846162039794711, 9.834050676873503, 9.816286751394728, 9.843736727870393, 9.884245792843174, 9.86680241961945, 9.89579154479388]}]}