{"tests": [{"osnr_load_27": [13.540703115381437, 13.626574211432366, 13.65507282049924, 13.824755555593008, 13.964451104386583, 14.019896962102026, 14.075096602222853, 14.102604270280805, 14.13005060049593, 14.212022299313977, 14.293444625865083, 14.347421979241815, 14.454649390382723, 14.481305180711317, 14.534436043051908, 14.639977157979033, 14.822375914185844, 14.873955888544156, 14.92529980909443, 15.052631477349935, 15.178503299352897, 15.253330383279364, 15.302926639121672, 15.327638506932807, 15.352292993313474, 15.595702842457582, 15.619732448307687]}, {"gosnr_load_27": [13.524700242787295, 14.918996532954331, 14.689655957732628, 13.871408213753336, 14.327724321581261, 14.104253950315812, 13.843559956488106, 15.259900182363431, 13.86232036998301, 13.705478997878437, 14.452484691550989, 14.242871836374796, 14.630105715950348, 13.444051846042576, 14.826333161689249, 14.918739764686151, 13.496811618744442, 15.285589619962064, 13.917546283135726, 14.989750547316456, 14.912365991835255, 14.156274363967988, 14.03177507535177, 14.94469100318977, 14.599872446943234, 14.22400356821771, 13.811015981015997]}]}