{"tests": [{"osnr_load_54": [14.57866199641298, 14.579796339551837, 14.582064136861659, 14.585463612726615, 14.58772845170499, 14.588860428177238, 14.58999210951015, 14.591123495857552, 14.592254587373132, 14.594515886523036, 14.595646094464156, 14.59677600818705, 14.597905627844822, 14.599034953590447, 14.60129272395659, 14.603549320506923, 14.605804744461008, 14.609185684437238, 14.610312079449104, 14.61143818222375, 14.613689511667499, 14.614814738639357, 14.61593967397951, 14.617064317839052, 14.618188670368937, 14.61931273172003, 14.620436502043049, 14.62268317020725, 14.624928676065053, 14.626050993504654, 14.627173020818136, 14.628294758155413, 14.629416205666292, 14.63277881073676, 14.633899100437711, 14.63501910105952, 14.636138812751296, 14.63725823566203, 14.641733042470328, 14.643968717053523, 14.646203240671298, 14.647320071238257, 14.648436614507762, 14.649552870627549, 14.650668839745224, 14.651784522008295, 14.655129849143194, 14.656244385460592, 14.657358635659193, 14.658472599885812, 14.661812778200343, 14.662925600005021, 14.664038136570138, 14.665150388041837]}, {"gosnr_load_54": [14.21445958829157, 14.184496885057419, 14.314834951158202, 14.31170440798843, 14.24008770291814, 14.170243051244213, 14.20714437333324, 14.302805645566202, 14.299885283413893, 14.302720562245321, 14.319306817515825, 14.219160745918785, 14.16158876772769, 14.298033301631826, 14.26000449909524, 14.261737702689995, 14.182526697590664, 14.231914278359506, 14.232666276219385, 14.194312190675483, 14.18426572798217, 14.20417231317635, 14.323260080188103, 14.360882921102881, 14.209297570494721, 14.200186249351079, 14.220157636155776, 14.270115715919427, 14.178229008158265, 14.173057507878317, 14.259870994920918, 14.212356169081309, 14.184094289395055, 14.264958678729982, 14.272270129541111, 14.20680747369046, 14.16283947242286, 14.199679224499542, 14.205612641228083, 14.174776966390187, 14.231754787439044, 14.24574765016061, 14.159739587737452, 14.231322102286175, 14.256999492217762, 14.225045295103914, 14.21444433427898, 14.187251157300269, 14.313956774603486, 14.277700702626603, 14.292359696383661, 14.217764355522442, 14.287614292303799, 14.19550967432027]}]}