{"tests": [{"osnr_load_81": [14.575257187201348, 14.57639242039281, 14.577527356744957, 14.578661996412944, 14.5797963395518, 14.580930386316433, 14.582064136861623, 14.583197591342037, 14.584330749912215, 14.58546361272658, 14.586596179939438, 14.587728451704955, 14.588860428177203, 14.589992109510115, 14.591123495857515, 14.592254587373096, 14.593385384210436, 14.594515886522998, 14.59564609446412, 14.59677600818701, 14.597905627844785, 14.599034953590408, 14.600163985576753, 14.60129272395655, 14.60242116888243, 14.603549320506888, 14.604677178982312, 14.60580474446097, 14.606932017095007, 14.608058997036444, 14.609185684437202, 14.610312079449068, 14.611438182223717, 14.612563992912705, 14.613689511667463, 14.614814738639321, 14.615939673979474, 14.617064317839015, 14.618188670368902, 14.619312731719994, 14.620436502043015, 14.621559981488588, 14.62268317020721, 14.623806068349268, 14.624928676065018, 14.626050993504618, 14.627173020818098, 14.628294758155375, 14.629416205666255, 14.63053736350041, 14.631658231807418, 14.632778810736724, 14.633899100437676, 14.635019101059484, 14.636138812751259, 14.637258235661994, 14.638377369940564, 14.639496215735726, 14.640614773196123, 14.641733042470293, 14.64285102370665, 14.643968717053488, 14.645086122659002, 14.64620324067126, 14.647320071238221, 14.64843661450773, 14.649552870627513, 14.650668839745189, 14.651784522008258, 14.652899917564113, 14.654015026560028, 14.655129849143156, 14.656244385460557, 14.657358635659158, 14.658472599885775, 14.659586278287133, 14.660699671009814, 14.661812778200307, 14.662925600004986, 14.6640381365701, 14.665150388041802]}, {"gosnr_load_81": [14.07768841602744, 14.12120927160701, 14.059973597543493, 14.059018743078799, 14.06234385213289, 14.055823083505235, 14.061772815016244, 14.05692994620155, 14.12428102638258, 14.05701188435112, 14.165276178739932, 14.067315570192187, 14.101816114223034, 14.055739521824243, 14.05595321280539, 14.186713865091086, 14.098710637368512, 14.205358197097421, 14.1127034359662, 14.071169547916087, 14.0610770778527, 14.105136792728679, 14.055642051232864, 14.140293415803939, 14.064779795555166, 14.060092486528529, 14.0815004077742, 14.0683962320833, 14.055546865434609, 14.079544032275681, 14.291642087700609, 14.056461451188566, 14.131624056443766, 14.071875288350803, 14.065440188383247, 14.081471030281676, 14.074644797593985, 14.063791300235906, 14.218265366493432, 14.172793895646052, 14.116690214932824, 14.055598794978856, 14.15247401061017, 14.059348130686832, 14.090479541094062, 14.058050959612693, 14.103772742163834, 14.055533587711317, 14.057506836800409, 14.062709535280382, 14.090686307320642, 14.05609448573438, 14.063711530770105, 14.072672518097553, 14.067120454453923, 14.08574251793518, 14.0778170668582, 14.069448011418315, 14.058667547230124, 14.056237682991984, 14.161695394907651, 14.057498833688616, 14.069745089523689, 14.083564073184885, 14.05659108541165, 14.093059612508092, 14.060900630119104, 14.09579803971665, 14.112537221764557, 14.233556157642564, 14.096601813893376, 14.14459265598769, 14.065915589660992, 14.074257343447773, 14.0880443574715, 14.075927851483808, 14.058200044984748, 14.085712250264129, 14.126159109202588, 14.10869956971009, 14.137716804524862]}]}