{"tests": [{"osnr_load_27": [7.530380664288949, 7.775970546388709, 7.857059133605674, 8.335431644993225, 8.723365361086758, 8.875809008531496, 9.026692776038502, 9.101549916990024, 9.176017408867382, 9.397083917000572, 9.614651914586478, 9.757758077533957, 10.039331966739105, 10.108762097247139, 10.24647045645592, 10.51729845512208, 10.976655984050385, 11.104524962987693, 11.230908236524392, 11.540425094499884, 11.840860885659248, 12.016831088730752, 12.132379653385403, 12.189628805646368, 12.246529848373786, 12.796734947215553, 12.849910228126083]}, {"gosnr_load_27": [7.790423952782919, 11.326494779013917, 10.894324357621834, 8.944658504371409, 10.042049142149976, 9.460982205489405, 8.760076230379193, 11.818570161667793, 8.88396748315573, 8.264311303231016, 10.311154504393041, 9.885742336754342, 10.772206718285034, 7.48217646247336, 11.170871029980443, 11.356801608616768, 7.71084839747624, 11.864965140403898, 9.027701123385267, 11.457883988487549, 11.302475107864957, 9.595612066262989, 9.259818280530377, 11.397466485691602, 10.685654575185016, 9.827182586400726, 8.625023568478206]}]}