{"tests": [{"osnr_load_54": [10.424515698437055, 10.425650242111871, 10.427918440493515, 10.431318517966073, 10.43358375801607, 10.434715935024094, 10.435847816892775, 10.43697940377591, 10.438110695827213, 10.440372396048488, 10.441502804525264, 10.442632918783792, 10.443762738977181, 10.444892265258405, 10.447150436695665, 10.44940743431705, 10.451663259342078, 10.4550448009246, 10.456171396471854, 10.457297699781867, 10.459549430296281, 10.460674857803436, 10.461799993678873, 10.462924838073667, 10.464049391138804, 10.465173653025108, 10.466297623883325, 10.468544693117856, 10.470790600045923, 10.471913118020609, 10.47303534586916, 10.474157283741498, 10.4752789317874, 10.478642138462845, 10.479762628698747, 10.480882829855481, 10.482002742082159, 10.483122365527777, 10.48759797447542, 10.489834050128158, 10.492068974815385, 10.493186005917046, 10.494302749721228, 10.495419206375669, 10.496535376027982, 10.49765125882567, 10.50099718756429, 10.502111924416223, 10.50322637514933, 10.504340539910444, 10.507681319828325, 10.5087943421674, 10.509907079266917, 10.51101953127297]}, {"gosnr_load_54": [10.060118327334228, 10.030083173299225, 10.160811454036034, 10.157509585034909, 10.085789637381312, 10.015821060090392, 10.05285045099148, 10.148601260598738, 10.145665343112572, 10.14854474234231, 10.165173988881067, 10.064808301971224, 10.00714504387496, 10.143974898173596, 10.105706009599327, 10.107480518053197, 10.028165483466099, 10.07764385940979, 10.078316242298278, 10.039918542683658, 10.029921731407917, 10.049867140577568, 10.169096458353987, 10.206800332410975, 10.054927047396147, 10.045834418696366, 10.06578131429233, 10.115944637227036, 10.023862426592586, 10.018633159548632, 10.105680659723575, 10.058036512918921, 10.029752115728636, 10.110669355105822, 10.118008549387019, 10.052429109527296, 10.00839421932053, 10.045332838505148, 10.051259993518386, 10.020400332429666, 10.077526374202893, 10.091482423034158, 10.005289516240321, 10.077010569284772, 10.102713825447294, 10.070684438204774, 10.060153808885161, 10.032845861484784, 10.159938086178105, 10.123542740091027, 10.138276602083414, 10.06338476832536, 10.133381442053427, 10.04119578630447]}]}