{"tests": [{"osnr_load_81": [10.42111028761745, 10.422245721344916, 10.423380858233047, 10.424515698437002, 10.425650242111812, 10.426784489412368, 10.42791844049346, 10.42905209550976, 10.430185454615808, 10.43131851796602, 10.432451285714697, 10.433583758016017, 10.434715935024041, 10.435847816892721, 10.436979403775855, 10.43811069582716, 10.439241693200199, 10.440372396048437, 10.441502804525209, 10.442632918783737, 10.443762738977124, 10.44489226525835, 10.44602149778026, 10.447150436695608, 10.448279082157029, 10.449407434316997, 10.450535493327894, 10.451663259342025, 10.452790732511515, 10.453917912988375, 10.455044800924547, 10.4561713964718, 10.457297699781813, 10.458423711006139, 10.459549430296226, 10.460674857803383, 10.46179999367882, 10.462924838073615, 10.464049391138746, 10.465173653025055, 10.46629762388327, 10.467421303864029, 10.468544693117801, 10.469667791794997, 10.470790600045866, 10.471913118020558, 10.473035345869107, 10.474157283741443, 10.475278931787342, 10.47640029015652, 10.477521358998509, 10.478642138462797, 10.47976262869869, 10.480882829855428, 10.482002742082104, 10.483122365527723, 10.484241700341162, 10.485360746671166, 10.486479504666388, 10.487597974475369, 10.488716156246504, 10.489834050128104, 10.490951656268352, 10.492068974815329, 10.49318600591699, 10.494302749721173, 10.495419206375615, 10.496535376027932, 10.497651258825616, 10.498766854916076, 10.499882164446547, 10.50099718756423, 10.50211192441617, 10.503226375149277, 10.504340539910391, 10.50545441884622, 10.506568012103351, 10.507681319828272, 10.508794342167352, 10.50990707926686, 10.511019531272918]}, {"gosnr_load_81": [9.92301891112891, 9.966604279774616, 9.90533951523651, 9.904380403909508, 9.90771931125778, 9.901164846801247, 9.907093651463533, 9.902280565428466, 9.969825294151972, 9.902337094539504, 10.010917727052602, 9.91270850665359, 9.947178738918911, 9.901070438521414, 9.901282471460023, 10.032238192005813, 9.944068509687337, 10.050922402548789, 9.958219452541009, 9.916494137803689, 9.906447583988319, 9.950504649094476, 9.900981280333724, 9.985876047982352, 9.91010089631787, 9.905413864255827, 9.926835079311617, 9.913718945321651, 9.900883751040812, 9.924876503956323, 10.137398748356762, 9.901808897037247, 9.97703796153494, 9.917282664411006, 9.91082681110186, 9.926906252592444, 9.920060491676729, 9.909172115979583, 10.064030534443273, 10.018289097046383, 9.962077315961212, 9.900931531542943, 9.99792800338587, 9.904669991048845, 9.935825570642738, 9.903374209174512, 9.949266523623685, 9.90086831169603, 9.902860870665917, 9.90803031470432, 9.936146437293559, 9.901438984065523, 9.909032397568124, 9.917998303696713, 9.912442474688486, 9.931082319415452, 9.923241983517885, 9.914847837263887, 9.903990031363548, 9.901565440528119, 10.007167869513909, 9.902822991396643, 9.915068657447005, 9.928901182418883, 9.9019174946087, 9.938409225908224, 9.906221666360508, 9.941151588906813, 9.95791723400945, 10.079182096386072, 9.942077349624656, 9.99003119018633, 9.911237073764868, 9.919584505939449, 9.933387124981522, 9.921256580564188, 9.903557752522783, 9.931159100323288, 9.97156298865734, 9.954073197389153, 9.983142144110722]}]}