{"tests": [{"osnr_load_27": [14.244051739906528, 14.319279386565338, 14.344256456095888, 14.493085057899977, 14.615761053807038, 14.664490042938601, 14.713024617743073, 14.737219142553279, 14.761365235691468, 14.833513505464719, 14.905227991406724, 14.952797447386967, 15.047362038040493, 15.07088388967819, 15.1177848670243, 15.2110176554573, 15.372359462740521, 15.418035194458193, 15.46352435357677, 15.576434449834608, 15.688190060739313, 15.754692781583737, 15.79879963103171, 15.82078477302253, 15.842724485505906, 16.059638376891606, 16.081082995866694]}, {"gosnr_load_27": [14.20679359789403, 15.437619443637027, 15.235019243160036, 14.499645775475225, 14.911512659391477, 14.71344467403248, 14.482632485540224, 15.751073381850059, 14.494123378556342, 14.368892009330319, 15.025371563860219, 14.832061317744463, 15.180767148894157, 14.141830957833143, 15.359133068736192, 15.441307945506042, 14.182269982943062, 15.774348504392982, 14.54341328189788, 15.50254076102587, 15.43074742149674, 14.75969666458434, 14.649815726731884, 15.463148669831208, 15.15511434501288, 14.816020098003166, 14.457135801277188]}]}