{"tests": [{"osnr_load_54": [15.152076211081678, 15.153210508254158, 15.155478213631248, 15.158877551597161, 15.161142298642876, 15.162274229148805, 15.163405864515408, 15.164537204896503, 15.165668250445787, 15.16792945766312, 15.169059619637967, 15.170189487394591, 15.171319061086106, 15.172448340865476, 15.174706019299137, 15.176962523917021, 15.179217855938681, 15.182598658016333, 15.183725007062021, 15.1848510638705, 15.187102301381925, 15.188227482387635, 15.189352371761649, 15.190476969655053, 15.191601276218814, 15.192725291603784, 15.193849015960692, 15.196095592192691, 15.198341006118326, 15.199463277591851, 15.200585258939263, 15.201706950310482, 15.202828351855306, 15.206190819027661, 15.207311062762587, 15.20843101741838, 15.209550683144148, 15.210670060088882, 15.215144683033248, 15.217380265684524, 15.219614697370405, 15.22073148197143, 15.22184797927501, 15.222964189428875, 15.224080112580637, 15.225195748877805, 15.22854093811503, 15.229655428466554, 15.230769632699284, 15.231883550960042, 15.235223591377036, 15.236336367215884, 15.237448857815178, 15.23856106332106]}, {"gosnr_load_54": [14.790717752995441, 14.760981061091963, 14.89007013172776, 14.887547013223095, 14.816219697858912, 14.74674142578894, 14.783225780872911, 14.878672488357182, 14.87580436608166, 14.878485447713041, 14.894936796404878, 14.795463897553667, 14.738155373831, 14.873374326431453, 14.836159789110035, 14.837747587698555, 14.758821511448962, 14.807938767058221, 14.808975522146753, 14.770735392143346, 14.760501008405683, 14.780290625348025, 14.899004258178985, 14.936380176525875, 14.78565450338634, 14.776466652498799, 14.796547033105423, 14.845827737917158, 14.754538339478069, 14.74956731326975, 14.835640442085005, 14.788535000134388, 14.760322883785467, 14.841086713911785, 14.848307254081021, 14.783189675242802, 14.739412873747806, 14.775939661034162, 14.781901829393956, 14.751118438027317, 14.807629303236125, 14.821768713751784, 14.736326853419639, 14.807492571860557, 14.833105758969769, 14.801384846937166, 14.790521539308205, 14.763708284402757, 14.889173835740234, 14.853374294520801, 14.867782488622442, 14.794162799699054, 14.8635658576406, 14.771649703370343]}]}