{"tests": [{"osnr_load_81": [15.148671539769227, 15.149806726994289, 15.150941617380042, 15.152076211081646, 15.153210508254125, 15.154344509052386, 15.155478213631215, 15.156611622145274, 15.157744734749103, 15.158877551597127, 15.16001007284365, 15.161142298642844, 15.162274229148771, 15.163405864515374, 15.164537204896469, 15.165668250445755, 15.166799001316807, 15.167929457663085, 15.169059619637935, 15.170189487394559, 15.171319061086074, 15.172448340865445, 15.173577326885546, 15.174706019299105, 15.175834418258752, 15.176962523916988, 15.178090336426198, 15.179217855938647, 15.180345082606483, 15.18147201658173, 15.1825986580163, 15.183725007061987, 15.184851063870466, 15.185976828593288, 15.187102301381891, 15.188227482387601, 15.189352371761615, 15.190476969655018, 15.19160127621878, 15.192725291603752, 15.19384901596066, 15.19497244944013, 15.196095592192655, 15.197218444368625, 15.198341006118293, 15.199463277591818, 15.200585258939231, 15.201706950310447, 15.202828351855274, 15.203949463723383, 15.20507028606435, 15.206190819027627, 15.207311062762553, 15.208431017418347, 15.209550683144112, 15.210670060088848, 15.211789148401422, 15.212907948230598, 15.21402645972502, 15.215144683033216, 15.21626261830361, 15.21738026568449, 15.218497625324051, 15.219614697370371, 15.220731481971397, 15.221847979274978, 15.222964189428843, 15.224080112580607, 15.225195748877772, 15.226311098467725, 15.22742616149775, 15.228540938114994, 15.22965542846652, 15.23076963269925, 15.231883550960008, 15.232997183395513, 15.23411053015235, 15.235223591377006, 15.23633636721585, 15.237448857815142, 15.238561063321026]}, {"gosnr_load_81": [14.65497136678673, 14.698308059876954, 14.637111589662823, 14.636170921665457, 14.639450288370341, 14.633042902387244, 14.639073520681388, 14.63411932938767, 14.700850650821895, 14.634292001473115, 14.741542600662402, 14.644364869631284, 14.679009879717908, 14.632997949203965, 14.633217778945014, 14.763421437372015, 14.67591807489358, 14.781943668140327, 14.689361543317139, 14.64846671722132, 14.638199856557064, 14.68231540642309, 14.632870721594323, 14.716743248746358, 14.64208270939077, 14.63738950117044, 14.658772468466719, 14.64569718592604, 14.632783796771422, 14.656821882845453, 14.867635504321164, 14.633661665248184, 14.708666505806507, 14.648877861897951, 14.642510044692052, 14.658384355055976, 14.651620607064245, 14.640880143911602, 14.794148104629253, 14.74959037721016, 14.693812414611791, 14.632850582625688, 14.729395704258861, 14.63664264406708, 14.667720540131256, 14.635339158932883, 14.680500706670443, 14.632778216881253, 14.634684641942645, 14.640011425780378, 14.667520489202046, 14.633304831208441, 14.641014159571961, 14.649966999726637, 14.644422542349496, 14.663000743466053, 14.654763310988567, 14.646474971202792, 14.635959122720665, 14.6335079021235, 14.738561034229145, 14.634783215233512, 14.647044409587265, 14.660829609383905, 14.633866484632946, 14.67029054750413, 14.638199709400975, 14.67301782395964, 14.689680306536603, 14.809952068654553, 14.673387283788973, 14.721561071665832, 14.64321832669577, 14.651548577562107, 14.665294426809982, 14.653215251984781, 14.635365469850788, 14.66258856159868, 14.703231509732948, 14.685861365562996, 14.71472495368845]}]}