{"tests_qot": [{"osnr_load_qot_27": [9.561179019443108, 9.73655311033763, 9.79457605520299, 10.138146661823708, 10.418480828998927, 10.529096337251652, 10.63884581066781, 10.693396153174604, 10.747730448652618, 10.909438837448784, 11.069209624819411, 11.174649952196578, 11.38296301125453, 11.434507933954839, 11.536959801751259, 11.739320455608077, 12.085350328996523, 12.182336981100057, 12.278494533477955, 12.515284380673021, 12.746972695504617, 12.883562910142741, 12.97362233911139, 13.018353476405963, 13.062886305549778, 13.497435226311374, 13.539825375155758]}, {"gosnr_load_qot_27": [9.709120945162327, 12.387492524924555, 11.992177537179785, 10.512321512281309, 11.334804472860068, 10.904692347843849, 10.394128272691809, 12.87859487442542, 10.473481858662492, 10.0524181415302, 11.544410935764162, 11.208454547119883, 11.893928638883956, 9.498948498974283, 12.218251863744076, 12.378382199204545, 9.652400493318696, 12.919527781376793, 10.578677052330448, 12.497936386605417, 12.377251343488759, 11.004084404262864, 10.758702722622155, 12.425567619816263, 11.828690665056175, 11.16650125266371, 10.30288880691475]}]}