{"tests_qot": [{"osnr_load_qot_54": [11.659462670357714, 11.66059717287692, 11.662865288947375, 11.666265242953155, 11.66853040069199, 11.669662536544434, 11.670794377257533, 11.671925922985096, 11.673057173880828, 11.67531879179097, 11.676449159112183, 11.67757923221515, 11.678709011252979, 11.679838496378647, 11.682096585504807, 11.6843535008151, 11.686609243529054, 11.689990661644973, 11.691117216036698, 11.692243478191187, 11.69449512639456, 11.695620512746203, 11.696745607466125, 11.69787041070541, 11.698994922615032, 11.700119143345837, 11.701243073048547, 11.703490059972086, 11.705735884589156, 11.706858361408363, 11.707980548101434, 11.709102444818281, 11.710224051708707, 11.713587134917724, 11.714707583998152, 11.715827743999425, 11.716947615070643, 11.718067197360803, 11.722542641686625, 11.724778635028466, 11.727013477404816, 11.728130467351042, 11.729247169999793, 11.7303635854988, 11.731479713995688, 11.732595555637948, 11.73594136091031, 11.737056056606827, 11.738170466184526, 11.739284589790227, 11.7426252462419, 11.74373822742558, 11.744850923369693, 11.745963334220363]}, {"gosnr_load_qot_54": [11.296218387059596, 11.266281329050656, 11.396468594649996, 11.393427758416939, 11.32183461996213, 11.252025802507504, 11.288874850014107, 11.384530159322615, 11.38161678279233, 11.384429851068107, 11.401000562875707, 11.300927519312019, 11.243379383797915, 11.379678102220192, 11.341760301750652, 11.343472299280782, 11.264282384355521, 11.313642953395904, 11.314437608121253, 11.276090175198041, 11.266013004742803, 11.285907492412118, 11.404971944838678, 11.442568412149166, 11.29106970323187, 11.281944522510729, 11.301937536090428, 11.351808187671784, 11.259985709849103, 11.254842714386013, 11.341569235014974, 11.29410257361471, 11.265840523487917, 11.346711768258167, 11.35401166078642, 11.28858270327383, 11.244631434572872, 11.28143438477262, 11.287373682843054, 11.256537537208438, 11.313461059491956, 11.327479564210579, 11.241532791298594, 11.313072381083467, 11.338747167887558, 11.306819084035753, 11.29617615040341, 11.269032306457678, 11.395587474018075, 11.359389517073513, 11.374015131337218, 11.299544958444606, 11.369347266138409, 11.277245764152635]}]}