{"tests_qot": [{"osnr_load_qot_81": [11.656057383004981, 11.657192775576837, 11.658327871309362, 11.659462670357714, 11.66059717287692, 11.661731379021877, 11.662865288947375, 11.663998902808082, 11.665132220758538, 11.666265242953155, 11.66739796954625, 11.66853040069199, 11.669662536544434, 11.670794377257533, 11.671925922985096, 11.673057173880828, 11.6741881300983, 11.67531879179097, 11.676449159112183, 11.67757923221515, 11.678709011252979, 11.679838496378647, 11.680967687745007, 11.682096585504807, 11.683225189810674, 11.6843535008151, 11.685481518670466, 11.686609243529054, 11.687736675543004, 11.688863814864337, 11.689990661644973, 11.691117216036698, 11.692243478191187, 11.693369448259991, 11.69449512639456, 11.695620512746203, 11.696745607466125, 11.69787041070541, 11.698994922615032, 11.700119143345837, 11.701243073048547, 11.702366711873806, 11.703490059972086, 11.704613117493786, 11.705735884589156, 11.706858361408363, 11.707980548101434, 11.709102444818281, 11.710224051708707, 11.711345368922402, 11.712466396608917, 11.713587134917724, 11.714707583998152, 11.715827743999425, 11.716947615070643, 11.718067197360803, 11.719186491018776, 11.720305496193324, 11.721424213033096, 11.722542641686625, 11.723660782302312, 11.724778635028466, 11.725896200013278, 11.727013477404816, 11.728130467351042, 11.729247169999793, 11.7303635854988, 11.731479713995688, 11.732595555637948, 11.73371111057298, 11.734826378948037, 11.73594136091031, 11.737056056606827, 11.738170466184526, 11.739284589790227, 11.74039842757065, 11.741511979672378, 11.7426252462419, 11.74373822742558, 11.744850923369693, 11.745963334220363]}, {"gosnr_load_qot_81": [11.15956368534815, 11.20306851514158, 11.14182264260637, 11.140869654359701, 11.144188810325225, 11.13768324609126, 11.143646581274309, 11.13878585991091, 11.206062200492008, 11.13888134355118, 11.247023026223195, 11.14915330642866, 11.18368440973084, 11.137605417412185, 11.137820078925607, 11.268532205079072, 11.180580155395972, 11.287163339504422, 11.194494747908028, 11.153045235120317, 11.142924142343935, 11.187003702290756, 11.137503486117488, 11.222060967146941, 11.14665467374925, 11.141965265431601, 11.163375050015201, 11.150271760320505, 11.13740950690929, 11.1614190261829, 11.373382405856063, 11.138318857509947, 11.213477653143224, 11.153707248395492, 11.147280500233819, 11.163292192510276, 11.156473490805816, 11.145634012920203, 11.299969219657163, 11.254621766968452, 11.198551756495355, 11.137463664325722, 11.234315134464843, 11.141220343154094, 11.172351903293992, 11.139921893623178, 11.18557211860772, 11.137397373121406, 11.139361174718552, 11.144583721937323, 11.172498083790323, 11.137953306807288, 11.145586088316787, 11.15454819674618, 11.148995819257996, 11.16761620754013, 11.159642181310382, 11.1512829735105, 11.14053914479857, 11.138105465637214, 11.243530616065922, 11.13936905510042, 11.151620725859733, 11.165438282553612, 11.138459732016104, 11.174931150715906, 11.142773927008577, 11.177668633885725, 11.194400782392995, 11.31534065052734, 11.17840787982365, 11.226438651938844, 11.14779073732427, 11.156132951594364, 11.16991743387537, 11.1578033242904, 11.140052717795532, 11.167529004418473, 11.20801572605889, 11.190564909339297, 11.219566900835868]}]}