{"tests_qot": [{"osnr_load_qot_27": [10.329257885015666, 10.482846881115488, 10.533697216708472, 10.835170724862968, 11.081656421938813, 11.179046791086124, 11.275750738476125, 11.323845658010187, 11.371769408365553, 11.514515246252394, 11.655726566988928, 11.749017394813738, 11.933566162466615, 11.979281089807916, 12.070205817956916, 12.250041549210556, 12.558336883389478, 12.644932072540847, 12.730869789262329, 12.942854391141852, 13.150787293630376, 13.273620573690154, 13.354712895000336, 13.395021240195605, 13.435171559972312, 13.828071931526393, 13.86651081630343]}, {"gosnr_load_qot_27": [10.440008239780019, 12.824140112527258, 12.457779285057082, 11.132776263217877, 11.867515175977537, 11.486307728577467, 11.035982020662164, 13.29241242150541, 11.100983650770807, 10.743116112226314, 12.057410428876555, 11.7509092202784, 12.368084638422186, 10.26080873360213, 12.664656192405639, 12.811702413340978, 10.390357005120471, 13.330459555893398, 11.194062502055415, 12.92625160323318, 12.816072956713542, 11.57440152682499, 11.357925103828205, 12.85650166863932, 12.310586881184033, 11.714386072059167, 10.95873639615613]}]}