{"tests_qot": [{"osnr_load_qot_54": [12.174474077965673, 12.175608559549172, 12.177876633748216, 12.181276524946894, 12.183541640814333, 12.184673755731083, 12.18580557550849, 12.186937100300364, 12.188068330260407, 12.190329906299173, 12.191460252684704, 12.19259030485199, 12.193720062954137, 12.194849527144125, 12.197107574398933, 12.199364447837876, 12.2016201486805, 12.205001503989418, 12.206128037445481, 12.20725427866431, 12.209505884996368, 12.210631250412359, 12.211756324196623, 12.212881106500259, 12.21400559747423, 12.215129797269388, 12.216253706036454, 12.218500651088704, 12.220746433834496, 12.221868889718063, 12.222991055475497, 12.224112931256709, 12.225234517211502, 12.22859753761363, 12.229717965758436, 12.230838104824082, 12.231957954959679, 12.233077516314218, 12.23755287689757, 12.23978882836819, 12.242023628873326, 12.243140597883945, 12.24425727959709, 12.2453736741605, 12.246489781721785, 12.247605602428447, 12.250951344894021, 12.25206601965495, 12.253180408297055, 12.254294510967167, 12.257635104612083, 12.258748064860185, 12.259860739868717, 12.26097312978381]}, {"gosnr_load_qot_54": [11.810841976330684, 11.780881960445491, 11.911197520680638, 11.908091740099529, 11.836470646799535, 11.766625505916203, 11.80351768110431, 11.899191925758025, 11.896273077678565, 11.899102544150924, 11.915686997802004, 11.815546092098511, 11.75797213744994, 11.894396407585893, 11.856392990624208, 11.858120491532546, 11.778903382452377, 11.828290841699856, 11.82905495995792, 11.790696928728012, 11.780640307818327, 11.800546494462923, 11.919645974980792, 11.957267271554656, 11.805682928633352, 11.796566327365273, 11.81654682823815, 11.866487934907042, 11.77460533169495, 11.769441076416548, 11.856243264844977, 11.808734749683111, 11.780468549940291, 11.861347166686073, 11.86865648766165, 11.803193326178715, 11.759223408493755, 11.796058349717404, 11.80199431956561, 11.771153859685404, 11.828125021100561, 11.842127235831793, 11.756123408589307, 11.827704655839133, 11.853385235806789, 11.82143351022617, 11.810819125702182, 11.783635720514486, 11.910318379149105, 11.874073058953844, 11.888724918462719, 11.814153381958628, 11.884000605413538, 11.791882801960762]}]}