{"tests_qot": [{"osnr_load_qot_81": [12.17106885342007, 12.172204225056216, 12.173339299853032, 12.174474077965673, 12.175608559549172, 12.17674274475842, 12.177876633748216, 12.179010226673219, 12.180143523687974, 12.181276524946894, 12.18240923060429, 12.183541640814333, 12.184673755731083, 12.18580557550849, 12.186937100300364, 12.188068330260407, 12.189199265542188, 12.190329906299173, 12.191460252684704, 12.19259030485199, 12.193720062954137, 12.194849527144125, 12.195978697574807, 12.197107574398933, 12.198236157769127, 12.199364447837876, 12.200492444757579, 12.2016201486805, 12.20274755975878, 12.203874678144446, 12.205001503989418, 12.206128037445481, 12.20725427866431, 12.208380227797457, 12.209505884996368, 12.210631250412359, 12.211756324196623, 12.212881106500259, 12.21400559747423, 12.215129797269388, 12.216253706036454, 12.217377323926065, 12.218500651088704, 12.219623687674764, 12.220746433834496, 12.221868889718063, 12.222991055475497, 12.224112931256709, 12.225234517211502, 12.226355813489565, 12.227476820240454, 12.22859753761363, 12.229717965758436, 12.230838104824082, 12.231957954959679, 12.233077516314218, 12.23419678903657, 12.235315773275504, 12.236434469179658, 12.23755287689757, 12.238670996577648, 12.23978882836819, 12.240906372417395, 12.242023628873326, 12.243140597883945, 12.24425727959709, 12.2453736741605, 12.246489781721785, 12.247605602428447, 12.24872113642788, 12.249836383867345, 12.250951344894021, 12.25206601965495, 12.253180408297055, 12.254294510967167, 12.255408327812003, 12.256521858978147, 12.257635104612083, 12.258748064860185, 12.259860739868717, 12.26097312978381]}, {"gosnr_load_qot_81": [11.674083155880997, 11.717605931841327, 11.656358357539531, 11.655403888513778, 11.658727809057208, 11.652210365022857, 11.658164796160094, 11.653316193833628, 11.720656170542279, 11.653401956274685, 11.761647782747106, 11.66369822332574, 11.698212448544785, 11.652128404639106, 11.65234240003082, 11.78310881460292, 11.69510685680439, 11.801752249054623, 11.709079715166588, 11.667563447673633, 11.657461442023703, 11.701533228108609, 11.652029664350144, 11.736667109815688, 11.661172530278058, 11.656483943691285, 11.67789553183779, 11.6647896801, 11.651934804216381, 11.675938967492979, 11.888031089682507, 11.652848050360872, 11.728020675897517, 11.668256984934605, 11.661823291404922, 11.677851098324963, 11.671025981506972, 11.660174837265444, 11.814632867671735, 11.769189432498624, 11.713086851186125, 11.651987368378624, 11.748870230833969, 11.655739319443907, 11.686875346122054, 11.6544415986736, 11.70014996881805, 11.651921846505019, 11.65389272535176, 11.659101771973617, 11.687065091248577, 11.652481429393756, 11.660104018674351, 11.6690666361256, 11.663513669332712, 11.682137998426969, 11.674197709782522, 11.665830196627534, 11.655058463295546, 11.652627169784289, 11.758091334611397, 11.65388919138893, 11.666138765884508, 11.679959379164771, 11.652980867064633, 11.68945556619098, 11.657292351412467, 11.692194131872974, 11.708933810472875, 11.829948681140168, 11.692979863521423, 11.740989069643268, 11.662308566738686, 11.670651674413271, 11.684440004523724, 11.6723223898156, 11.65458556635346, 11.682091702074068, 11.722555765661335, 11.705096090589752, 11.7341133464169]}]}