{"tests": [{"osnr_load_27": [10.032893348490948, 10.194662010235806, 10.248205884838335, 10.565493266300443, 10.824701739661865, 10.927065260446817, 11.028676143527738, 11.079199717423993, 11.129535591663924, 11.279418729122794, 11.427619026469078, 11.525486988787808, 11.718993508750424, 11.766907068213815, 11.862180274557021, 12.050518634369539, 12.373075646189024, 12.463602614300378, 12.553409171873477, 12.774792933608243, 12.991740028676684, 13.1197998041389, 13.204301558007012, 13.246292327389657, 13.288110290707962, 13.696888101081298, 13.73683627782718]}, {"gosnr_load_27": [10.15758871411149, 12.651219350651994, 12.274505334893814, 10.891614674391057, 11.659179158239558, 11.259700654370619, 10.786856227135658, 13.128625972895836, 10.857200666906477, 10.475729657865822, 11.856504911074728, 11.538856908282106, 12.181564433492664, 9.966769014937556, 12.488643115955833, 12.640503757908565, 10.105289948546986, 13.167798334320885, 10.954811277565108, 12.756593522385264, 12.642217225063714, 11.35201975003952, 11.12474491059998, 12.686025177462314, 12.121230627312407, 11.500315254889921, 10.704385156292226]}]}