{"tests": [{"osnr_load_54": [11.973330074915173, 11.974464564972035, 11.976732656117793, 11.980132572736542, 11.982397705550689, 11.983529828940796, 11.984661657191555, 11.985793190456782, 11.986924428890173, 11.989186021875643, 11.990316376734524, 11.991446437375155, 11.992576203950655, 11.993705676613988, 11.99596374081549, 11.998220631201121, 12.00047634899043, 12.003857729719378, 12.004984271648777, 12.006110521340947, 12.008362144619685, 12.009487518509008, 12.010612600766613, 12.011737391543583, 12.01286189099089, 12.013986099259382, 12.015110016499781, 12.017356978498697, 12.019602778191151, 12.020725242548046, 12.02184741677881, 12.022969301033354, 12.024090895461477, 12.027453941283586, 12.028574377901716, 12.029694525440684, 12.030814384049604, 12.031933953877463, 12.036409348354102, 12.038645316771362, 12.040880134223135, 12.041997111707069, 12.04311380189353, 12.044230204930253, 12.045346320964857, 12.046462150144828, 12.04980791803034, 12.05092260126458, 12.052036998379998, 12.05315110952342, 12.056491728588261, 12.057604697309669, 12.058717380791506, 12.059829779179903]}, {"gosnr_load_54": [11.608760521466534, 11.578727968395912, 11.709444796012107, 11.706143220551795, 11.634429594145633, 11.56446708396409, 11.60149327615308, 11.697235686965954, 11.694300029765241, 11.697179173721842, 11.713806942679273, 11.613450088338208, 11.555791813274361, 11.692609734613825, 11.654344221431455, 11.656118574026832, 11.576810444019554, 11.626284527547453, 11.626956851767043, 11.58856248804332, 11.578566540436501, 11.598510224457906, 11.717729062798261, 11.755429562626503, 11.603569692366165, 11.59447785202018, 11.61442301600653, 11.664581948903926, 11.572507758144637, 11.567278941460287, 11.654318873781763, 11.606678887911524, 11.578396939393922, 11.659307130837684, 11.666645679352651, 11.601071971239262, 11.557040881470666, 11.593976315269213, 11.599902956629805, 11.569045962207936, 11.626167052590821, 11.640121881853121, 11.553936444891066, 11.62565129267199, 11.651352299944538, 11.619325713054922, 11.608795999934213, 11.58149041809044, 11.70857150581952, 11.672179382388219, 11.686911943011104, 11.61202667850665, 11.682017215836309, 11.5898396211741]}]}