{"tests": [{"osnr_load_81": [11.969924824949441, 11.97106020505895, 11.972195288329123, 11.973330074915125, 11.974464564971985, 11.975598758654593, 11.976732656117745, 11.977866257516109, 11.978999563004217, 11.980132572736492, 11.981265286867247, 11.982397705550643, 11.98352982894075, 11.98466165719151, 11.985793190456732, 11.986924428890124, 11.98805537264526, 11.989186021875595, 11.990316376734476, 11.991446437375107, 11.992576203950605, 11.993705676613937, 11.99483485551797, 11.99596374081544, 11.997092332658978, 11.998220631201077, 11.999348636594117, 12.00047634899038, 12.001603768542006, 12.002730895401012, 12.003857729719329, 12.00498427164873, 12.0061105213409, 12.007236478947387, 12.008362144619635, 12.009487518508962, 12.010612600766565, 12.011737391543537, 12.012861890990843, 12.013986099259334, 12.015110016499735, 12.016233642862677, 12.017356978498647, 12.018480023558038, 12.019602778191103, 12.020725242548, 12.021847416778762, 12.022969301033307, 12.024090895461425, 12.025212200212817, 12.026333215437033, 12.027453941283536, 12.028574377901666, 12.029694525440636, 12.030814384049553, 12.031933953877417, 12.033053235073094, 12.03417222778535, 12.035290932162823, 12.036409348354056, 12.037527476507453, 12.038645316771312, 12.039762869293835, 12.040880134223084, 12.041997111707019, 12.043113801893483, 12.044230204930207, 12.045346320964807, 12.046462150144778, 12.047577692617528, 12.048692948530306, 12.049807918030291, 12.050922601264531, 12.052036998379949, 12.053151109523373, 12.054264934841516, 12.055378474480964, 12.056491728588213, 12.057604697309621, 12.058717380791457, 12.059829779179854]}, {"gosnr_load_81": [11.471672832737331, 11.515254513151607, 11.453994922371278, 11.453035891461639, 11.456374518780173, 11.44982060383448, 11.455748911475578, 11.450936228981032, 11.518475253492468, 11.45099275335513, 11.559564172450225, 11.461363295337406, 11.495830620674587, 11.44972620346355, 11.44993821863918, 11.580882801081989, 11.492720654681401, 11.599565394934983, 11.506870398327468, 11.465148608365908, 11.455102898194177, 11.49915624914868, 11.449637052744798, 11.534524638727921, 11.4587559039683, 11.454069265156006, 11.475488679468992, 11.462373649121426, 11.449539531621904, 11.473530269127583, 11.686034166944701, 11.450464600111552, 11.525687306500723, 11.465937068675306, 11.459481757808875, 11.475559846751919, 11.46871466229033, 11.45782720158994, 11.612672388462963, 11.566934908570692, 11.510727934138515, 11.449587308121487, 11.546575563171197, 11.453325454322208, 11.484478412377781, 11.452029781072657, 11.497918228571155, 11.44952409357046, 11.45151648558802, 11.456685496132305, 11.484799251931825, 11.450094718132338, 11.457687494904714, 11.466652647780906, 11.461097285717594, 11.47973556147862, 11.471895886343798, 11.463502446205336, 11.452645551641648, 11.450221164000299, 11.555814636953869, 11.45147860949329, 11.463723247830535, 11.477554608422274, 11.450573188583848, 11.487061849400007, 11.454876999515015, 11.489803980607112, 11.506568205447977, 11.627822630291183, 11.490729663044256, 11.538679425811711, 11.459891986024214, 11.46823871660013, 11.48204017257481, 11.469910650525426, 11.45221330903654, 11.479812335909665, 11.520212800074368, 11.502724494950666, 11.531790968324781]}]}