{"tests_qot": [{"osnr_load_qot_27": [15.119992208113107, 15.183829088048784, 15.205033831913205, 15.331485999961679, 15.435850957337042, 15.477340696002402, 15.51868453621678, 15.539301854943847, 15.559882831950645, 15.621408158775425, 15.682608021215337, 15.723227717557535, 15.80403623847225, 15.824148870662881, 15.864267059473939, 15.944076431659655, 16.082380647395194, 16.12157954114408, 16.160638421679835, 16.25767557869057, 16.35384606511382, 16.411134880420228, 16.44915595714105, 16.468115202897902, 16.487040319316375, 16.67442527962613, 16.692978252023206]}, {"gosnr_load_qot_27": [15.057459665937591, 16.10485103890214, 15.935857664039395, 15.291208648135989, 15.655277487648068, 15.485089508156973, 15.28664941933506, 16.387141044765123, 15.289788528928597, 15.199880850586302, 15.757458685743764, 15.58127934144145, 15.887371649501745, 15.009846653718125, 16.04603103394903, 16.1159306123084, 15.036527823144601, 16.40769802964751, 15.332706117934638, 16.16359447952462, 16.09695097142386, 15.525063140021375, 15.43115351565491, 16.131978819841677, 15.867154003597905, 15.568426891452686, 15.26906584739989]}]}