{"tests_qot": [{"osnr_load_qot_54": [15.887727835710685, 15.888862064286812, 15.891129632471248, 15.894528764648275, 15.896793374501462, 15.897925236411146, 15.899056803181518, 15.90018807496639, 15.901319051919472, 15.90358012194443, 15.904710215323107, 15.905840014483578, 15.906969519578949, 15.908098730762191, 15.910356272003632, 15.912612639429344, 15.914867834258889, 15.918248430548461, 15.919374710998145, 15.920500699210635, 15.922751799530124, 15.923876911939882, 15.925001732717961, 15.926126262015439, 15.927250499983291, 15.928374446772363, 15.929498102533387, 15.93174454157365, 15.933989818307605, 15.93511202118531, 15.936233933936911, 15.937355556712332, 15.938476889661374, 15.941839151046459, 15.942959326185651, 15.944079212245724, 15.945198809375787, 15.946318117724829, 15.950792466286552, 15.953027911746577, 15.955262206241263, 15.956378922246712, 15.95749535095473, 15.958611492513041, 15.959727347069263, 15.960842914770906, 15.964187898221624, 15.965302319977674, 15.96641645561494, 15.96753030528025, 15.970870139910975, 15.971982847154422, 15.973095269158327, 15.974207406068839]}, {"gosnr_load_qot_54": [15.523452651325098, 15.493517569071194, 15.623708976410942, 15.620638934911506, 15.54906373479616, 15.479267656548082, 15.516121302773122, 15.611744185113473, 15.608829508129586, 15.611649058415214, 15.628218979051047, 15.528157407897677, 15.470621630048473, 15.60692083114083, 15.56897924751621, 15.57069779412128, 15.491529050625246, 15.540881169518082, 15.541661124200331, 15.503325119273006, 15.49326190014957, 15.513153412355141, 15.632182785981346, 15.669774354833114, 15.518301296945207, 15.509184047768898, 15.529162627965693, 15.579044909047424, 15.487233553851851, 15.482082743705588, 15.56880770216608, 15.52134178094381, 15.493089832353304, 15.573929844992325, 15.581231006849352, 15.515814136285424, 15.471872784634748, 15.508675143366968, 15.514610341003678, 15.48378529299583, 15.54070691155908, 15.554711722253579, 15.468774813732036, 15.540303500804711, 15.565969945857036, 15.534044496465967, 15.523419548225226, 15.49626868505384, 15.622829172290313, 15.586624732761482, 15.601256324499342, 15.526770667111354, 15.59656395053852, 15.504494455761868]}]}