{"tests_qot": [{"osnr_load_qot_81": [15.884323370187383, 15.885458488816056, 15.88659331060544, 15.887727835710685, 15.888862064286812, 15.889995996488741, 15.891129632471248, 15.892262972388995, 15.89339601639653, 15.894528764648275, 15.895661217298525, 15.896793374501462, 15.897925236411146, 15.899056803181518, 15.90018807496639, 15.901319051919472, 15.902449734194327, 15.90358012194443, 15.904710215323107, 15.905840014483578, 15.906969519578949, 15.908098730762191, 15.909227648186175, 15.910356272003632, 15.911484602367187, 15.912612639429344, 15.913740383342494, 15.914867834258889, 15.915994992330685, 15.917121857709905, 15.918248430548461, 15.919374710998145, 15.920500699210635, 15.921626395337483, 15.922751799530124, 15.923876911939882, 15.925001732717961, 15.926126262015439, 15.927250499983291, 15.928374446772363, 15.929498102533387, 15.930621467416984, 15.93174454157365, 15.932867325153769, 15.933989818307605, 15.93511202118531, 15.936233933936911, 15.937355556712332, 15.938476889661374, 15.939597932933713, 15.940718686678924, 15.941839151046459, 15.942959326185651, 15.944079212245724, 15.945198809375787, 15.946318117724829, 15.947437137441721, 15.948555868675228, 15.949674311573993, 15.950792466286552, 15.951910332961312, 15.953027911746577, 15.954145202790537, 15.955262206241263, 15.956378922246712, 15.95749535095473, 15.958611492513041, 15.959727347069263, 15.960842914770906, 15.961958195765346, 15.963073190199866, 15.964187898221624, 15.965302319977674, 15.96641645561494, 15.96753030528025, 15.968643869120315, 15.969757147281731, 15.970870139910975, 15.971982847154422, 15.973095269158327, 15.974207406068839]}, {"gosnr_load_qot_81": [15.386806577103084, 15.430301709020737, 15.369080516830302, 15.36812722593702, 15.371447250903, 15.364938787507265, 15.37089547294925, 15.36604245795962, 15.433320731979629, 15.366133331060635, 15.474278779131371, 15.376412476667847, 15.410921297335243, 15.364859048130707, 15.365073307823787, 15.495756192578348, 15.407817708481005, 15.514385169065433, 15.421753889549052, 15.380290237179068, 15.370182306649266, 15.414239904071918, 15.36475865938482, 15.449318502238938, 15.373902153289327, 15.369215069722062, 15.390616835648043, 15.377517773059584, 15.364664304730919, 15.38866136954552, 15.600595143824428, 15.365575111780727, 15.440709116678423, 15.380966799474242, 15.37453944573114, 15.390552080272514, 15.38373319068233, 15.372892714484651, 15.527220713582695, 15.481847456062454, 15.425785749953986, 15.364717690613654, 15.46154350283415, 15.368470595304057, 15.399591350522929, 15.36717302470157, 15.412831640885116, 15.364651788523576, 15.36661810737211, 15.371832148749194, 15.399757955132872, 15.36520920870142, 15.37283404445375, 15.381792682860373, 15.37624232727379, 15.394856847081686, 15.386901995680041, 15.378542346688304, 15.367789839211252, 15.365358286636333, 15.47075773499801, 15.36662061722569, 15.37886623669718, 15.392679500487212, 15.36571213918036, 15.402169981955927, 15.370023277821566, 15.404906834250697, 15.421635540614488, 15.542559395463606, 15.405667630697504, 15.453668141196582, 15.375037734210848, 15.383376914268563, 15.397157483501381, 15.38504675565386, 15.367309975215981, 15.394788915366394, 15.43524807932978, 15.41780040237424, 15.446797414678713]}]}