{"tests_qot": [{"osnr_load_qot_27": [7.249684359261801, 7.5064633793539, 7.591221794733186, 8.090976878840568, 8.495886251482824, 8.6549034281507, 8.812236296682059, 8.890271242892538, 8.967885343104244, 9.19820434739847, 9.424743787700082, 9.573674911631196, 9.86652533854574, 9.93869706579536, 10.081795965770793, 10.36303644586092, 10.839448443346233, 10.971921574248531, 11.10279155508783, 11.423019207385117, 11.73345944831559, 11.91510262705381, 12.034299028341701, 12.093332462519204, 12.151991640042624, 12.718387740516679, 12.773048023524884]}, {"gosnr_load_qot_27": [7.526987766037879, 11.193531406006231, 10.759168324329266, 8.736847031872449, 9.877455854616052, 9.272834161533396, 8.541867879666908, 11.677713636382425, 8.672733516043877, 8.021813412159572, 10.155640607212423, 9.71658285174935, 10.633633414640567, 7.203258947867051, 11.042674362649048, 11.231511721063587, 7.443758909480874, 11.724532274186487, 8.822573501565294, 11.327418778428536, 11.167017405276887, 9.412987504827152, 9.06298670015749, 11.270295816412148, 10.54387086953225, 9.655433043516634, 8.399932373171826]}]}