{"tests_qot": [{"osnr_load_qot_54": [10.268305361158676, 10.269439909254213, 10.271708116477313, 10.275108207212053, 10.277373456103502, 10.278505637532254, 10.279637523821659, 10.280769115125516, 10.281900411597547, 10.284162120660271, 10.285292533557772, 10.286422652237022, 10.287552476851134, 10.288682007553085, 10.290940187831787, 10.293197194294619, 10.295453028161091, 10.298834583005776, 10.299961182973751, 10.301087490704486, 10.30333923006034, 10.304464661988217, 10.305589802284373, 10.306714651099885, 10.30783920858574, 10.308963474892765, 10.310087450171697, 10.312334528247666, 10.314580444017167, 10.315702966412575, 10.316825198681842, 10.3179471409749, 10.319068793441513, 10.32243201337911, 10.323552508035723, 10.324672713613177, 10.32579263026057, 10.326912258126903, 10.331387884757405, 10.333623969251569, 10.33585890278022, 10.336975938302594, 10.338092686527489, 10.339209147602642, 10.340325321675667, 10.341441208894066, 10.344787150894819, 10.345901892167465, 10.347016347321281, 10.348130516503105, 10.351471309683117, 10.352584336442899, 10.353697077963119, 10.354809534389886]}, {"gosnr_load_qot_54": [9.905166195243376, 9.875223841473389, 10.00543792483384, 10.002388469868544, 9.930786042978546, 9.860967088984992, 9.897824565381258, 9.993489873658529, 9.990575558877987, 9.99339096650625, 10.009964776578201, 9.909875049333136, 9.852319104795821, 9.988644720507509, 9.950712866672923, 9.952426998981789, 9.873227367975261, 9.922595261756515, 9.923386040889747, 9.885034240453969, 9.874958935952519, 9.894856482201883, 10.01393487737786, 10.051537577022318, 9.90001577212827, 9.890890985218519, 9.91088394840458, 9.9607676169499, 9.868930182321261, 9.863784046188316, 9.950527116218543, 9.903051323609434, 9.874786534579838, 9.9556650744609, 9.962966761416544, 9.897528242179508, 9.853571151838722, 9.890381086256225, 9.89632041870623, 9.865481316653419, 9.922415426394988, 9.936432933681157, 9.850472094034332, 9.922022631058432, 9.947700188266452, 9.91576654123678, 9.90512645534125, 9.877975391642044, 10.004556988858837, 9.96835003725883, 9.98298019957464, 9.908491071280025, 9.978304683062136, 9.886193824974942]}]}