{"tests_qot": [{"osnr_load_qot_81": [10.264899937076937, 10.266035375225131, 10.267170516533993, 10.268305361158676, 10.269439909254213, 10.270574160975494, 10.271708116477313, 10.27284177591434, 10.273975139441117, 10.275108207212053, 10.276240979381457, 10.277373456103502, 10.278505637532254, 10.279637523821659, 10.280769115125516, 10.281900411597547, 10.283031413391313, 10.284162120660271, 10.285292533557772, 10.286422652237022, 10.287552476851134, 10.288682007553085, 10.289811244495716, 10.290940187831787, 10.29206883771393, 10.293197194294619, 10.294325257726243, 10.295453028161091, 10.296580505751303, 10.297707690648888, 10.298834583005776, 10.299961182973751, 10.301087490704486, 10.302213506349535, 10.30333923006034, 10.304464661988217, 10.305589802284373, 10.306714651099885, 10.30783920858574, 10.308963474892765, 10.310087450171697, 10.311211134573174, 10.312334528247666, 10.31345763134558, 10.314580444017167, 10.315702966412575, 10.316825198681842, 10.3179471409749, 10.319068793441513, 10.320190156231403, 10.32131122949411, 10.32243201337911, 10.323552508035723, 10.324672713613177, 10.32579263026057, 10.326912258126903, 10.328031597361054, 10.32915064811177, 10.33026941052771, 10.331387884757405, 10.332506070949254, 10.333623969251569, 10.334741579812528, 10.33585890278022, 10.336975938302594, 10.338092686527489, 10.339209147602642, 10.340325321675667, 10.341441208894066, 10.342556809405234, 10.343672123356418, 10.344787150894819, 10.345901892167465, 10.347016347321281, 10.348130516503105, 10.349244399859641, 10.350357997537486, 10.351471309683117, 10.352584336442899, 10.353697077963119, 10.354809534389886]}, {"gosnr_load_qot_81": [9.768487536880441, 9.811997997220438, 9.750747246293807, 9.749793995104595, 9.753114016279659, 9.746606428685705, 9.75256906587797, 9.747709540340475, 9.81499920530403, 9.747803777499675, 9.85596715624024, 9.758079651020562, 9.79261120075073, 9.74652806129084, 9.74674265309715, 9.877471794575035, 9.789506537274686, 9.896105967317755, 9.803429706115349, 9.761968430408434, 9.751849033618063, 9.79593093832606, 9.74642653383054, 9.831000770496788, 9.75557733952501, 9.750887682768806, 9.772299321161084, 9.75919470788449, 9.746332433922847, 9.770343079173852, 9.98233954374095, 9.747242355534018, 9.822408656570262, 9.762634559286553, 9.756206429014668, 9.772221412680588, 9.76540136646885, 9.754559563552727, 9.908922487581274, 9.863559122924725, 9.807480593283199, 9.746386389952812, 9.843249298924068, 9.750142742662636, 9.781277238440632, 9.748844289067163, 9.794505477491693, 9.746320192962592, 9.748285055488596, 9.753506256104599, 9.781429048322947, 9.746876639217376, 9.754508682819392, 9.763471535125005, 9.757918661282098, 9.77654096961163, 9.768570688976148, 9.76020977669515, 9.749461536997238, 9.747027981780336, 9.852466217404935, 9.748291464421644, 9.760543791038161, 9.774362789642234, 9.747382201503083, 9.783856807553109, 9.751696372696518, 9.786594638749797, 9.803329035151041, 9.924287952191209, 9.787339935970268, 9.835371605819832, 9.756713485521429, 9.765056446602916, 9.77884247141114, 9.766726990106665, 9.748976818161, 9.776459035364716, 9.816945925604623, 9.799492630783437, 9.82849881361036]}]}