{"tests": [{"osnr_load_27": [17.26731194710649, 17.309908802366646, 17.324071106552378, 17.408661632739914, 17.4786541585188, 17.506524654276042, 17.534323113737383, 17.548195383571283, 17.562049708793957, 17.603505231741174, 17.644800027097986, 17.672240884291547, 17.72690975775048, 17.74053275975772, 17.76772585476879, 17.82190101136846, 17.91603406074304, 17.942772621560497, 17.96944189980064, 18.03581311415005, 18.101755078862908, 18.141115336759132, 18.167270483494356, 18.180322613822778, 18.19335781079555, 18.322783174712125, 18.33563352320143]}, {"gosnr_load_27": [17.156177646322835, 17.85750706176302, 17.754278800515007, 17.281346665801635, 17.555798626174454, 17.437952873153648, 17.299639346832908, 18.07564009603749, 17.287448989332038, 17.262714209954705, 17.635474276157666, 17.492554608345742, 17.717109707076887, 17.140976927456993, 17.837041596852114, 17.882933383159706, 17.14185332828447, 18.09071379147766, 17.318548353045166, 17.903783314197618, 17.847585398722753, 17.466167986859688, 17.402037270777708, 17.887658718758836, 17.70713286757409, 17.485637225105858, 17.296668121517463]}]}