{"tests": [{"osnr_load_54": [17.7705154009021, 17.771649390571355, 17.77391648094221, 17.777314896399332, 17.779579028439557, 17.780710651442856, 17.7818419793069, 17.78297301218551, 17.784103750232386, 17.786364342445122, 17.78749419691778, 17.788623757172296, 17.789753023361772, 17.790881995639182, 17.793139059069137, 17.795394948683615, 17.797649665702167, 17.801029545275718, 17.802155586820184, 17.80328133612752, 17.80553195863688, 17.806656832141666, 17.807781414014833, 17.80890570440746, 17.810029703470526, 17.811153411354873, 17.812276828211235, 17.814522789442357, 17.816767588367412, 17.81788955234076, 17.81901122618807, 17.820132610059257, 17.821253704104127, 17.824615248777068, 17.825735185012334, 17.82685483216855, 17.827974190394805, 17.829093259840107, 17.833566652787486, 17.83580162044071, 17.838035437128838, 17.839151914231103, 17.840268104035992, 17.841384006691243, 17.842499622344462, 17.843614951143163, 17.846959217885434, 17.848073400738787, 17.849187297473424, 17.850300908236164, 17.853640026159546, 17.854752494500673, 17.855864677602316, 17.856976575610624]}, {"gosnr_load_54": [17.406088454226303, 17.3762109698174, 17.506096563556234, 17.503152676589405, 17.431664023306205, 17.361969234425867, 17.39872346292249, 17.494266293871586, 17.49136347157976, 17.49415022487717, 17.510686085102932, 17.4108007155915, 17.35334042649569, 17.489336576098783, 17.45157685970173, 17.453264843041076, 17.37418422577726, 17.42346239742665, 17.424300649206266, 17.38600234758757, 17.375904186450356, 17.395764267461026, 17.514671878506793, 17.552198240558493, 17.400959336064396, 17.391829725254965, 17.41182330572571, 17.461547528790888, 17.369893301329867, 17.36478563642645, 17.45132599022486, 17.403962046161578, 17.37573080657873, 17.456519987506457, 17.46379969449909, 17.398478298119716, 17.354592519254336, 17.39131690146708, 17.397255812793105, 17.36645292478196, 17.423257346897305, 17.43728707175639, 17.35149853922754, 17.422914980110402, 17.44855860238113, 17.416693099484828, 17.406018131145487, 17.3789555040146, 17.505213365805556, 17.469116586763857, 17.48369104117361, 17.409434096995266, 17.479109243987118, 17.387112989335158]}]}