{"tests": [{"osnr_load_81": [17.767111652099793, 17.768246531821397, 17.76938111470378, 17.77051540090208, 17.77164939057133, 17.772783083866443, 17.77391648094219, 17.77504958195324, 17.776182387054142, 17.77731489639931, 17.778447110143052, 17.77957902843954, 17.78071065144283, 17.78184197930688, 17.782973012185487, 17.784103750232365, 17.78523419360108, 17.7863643424451, 17.787494196917763, 17.788623757172275, 17.78975302336175, 17.79088199563916, 17.79201067415737, 17.79313905906912, 17.794267150527027, 17.795394948683597, 17.796522453691214, 17.797649665702146, 17.798776584868538, 17.79990321134242, 17.801029545275696, 17.802155586820163, 17.803281336127498, 17.804406793349248, 17.80553195863686, 17.806656832141645, 17.807781414014812, 17.808905704407444, 17.810029703470505, 17.81115341135485, 17.812276828211214, 17.813399954190206, 17.814522789442332, 17.815645334117974, 17.81676758836739, 17.81788955234074, 17.81901122618805, 17.820132610059236, 17.821253704104105, 17.822374508472333, 17.823495023313498, 17.824615248777047, 17.825735185012313, 17.826854832168525, 17.827974190394784, 17.829093259840086, 17.8302120406533, 17.83133053298319, 17.8324487369784, 17.833566652787464, 17.834684280558793, 17.835801620440687, 17.83691867258134, 17.838035437128816, 17.83915191423108, 17.84026810403597, 17.84138400669122, 17.842499622344445, 17.84361495114314, 17.844729993234708, 17.84584474876641, 17.846959217885413, 17.84807340073877, 17.849187297473403, 17.850300908236143, 17.851414233173703, 17.852527272432667, 17.853640026159525, 17.85475249450065, 17.855864677602295, 17.856976575610602]}, {"gosnr_load_81": [17.269703255145863, 17.313144741932728, 17.2519537506863, 17.25100372053158, 17.254313142936482, 17.24783034143027, 17.253801529014957, 17.24892735461055, 17.316053798963075, 17.249036861163432, 17.356934470093307, 17.259264829466044, 17.293790910502885, 17.247758573306648, 17.247974019026067, 17.378494727104496, 17.290691258960603, 17.39709168219833, 17.304509369843608, 17.263192187655545, 17.253052015088848, 17.297105196695043, 17.247652098872003, 17.332021083428984, 17.256807583300958, 17.25212096992124, 17.273509899173195, 17.26042149975225, 17.247559477533486, 17.27155632957626, 17.483147522588865, 17.248462404268455, 17.32353676511351, 17.26380790068252, 17.257396701105105, 17.273371365720415, 17.266567789489148, 17.255754467928174, 17.409777869503273, 17.36460941522392, 17.308635242685767, 17.247615900549235, 17.34433868577714, 17.25137624821653, 17.282474782501918, 17.250077844411962, 17.295604732368314, 17.247548549435407, 17.2495004155923, 17.254738112086393, 17.282557633313008, 17.24809871672128, 17.2557397996925, 17.26469353951193, 17.259146746014114, 17.277745533807412, 17.26972937006565, 17.261389337430472, 17.25069513209728, 17.248260058558408, 17.3535380030191, 17.249524849769998, 17.26176914212874, 17.27557047736563, 17.248614849819752, 17.285050410929795, 17.252929312551835, 17.287783978827754, 17.30449083881716, 17.425216415649473, 17.288455148981157, 17.33647582185341, 17.257942719634237, 17.26627653227736, 17.2800436611856, 17.267944983389366, 17.250189488227207, 17.27759905656794, 17.318083881501785, 17.300660942962093, 17.329615782889302]}]}