{"tests": [{"osnr_load_27": [15.718553512341968, 15.775498772864669, 15.794420028033437, 15.907314745746405, 16.00056882406059, 16.03766155658039, 16.074635342269968, 16.09307771878717, 16.111490465209133, 16.166551280967564, 16.22134671399837, 16.257730047537972, 16.330145324179185, 16.348176148847912, 16.3841504599605, 16.455750754478306, 16.579939860340634, 16.615164095905, 16.65027404807782, 16.73755090406471, 16.824120057802002, 16.875723818327412, 16.909986236669734, 16.927075533532804, 16.944136939758582, 17.11322544876727, 17.129982590491828]}, {"gosnr_load_27": [15.64155429768477, 16.579658956336985, 16.430207013951332, 15.840663140935574, 16.175619551401383, 16.022173078356193, 15.843134517762842, 16.84172136554155, 15.841556094895568, 15.772136049926548, 16.27047633493176, 16.105266997362847, 16.385363435669415, 15.604183985110126, 16.53165707561598, 16.59424925643883, 15.622775138200675, 16.86055180503735, 15.880633602727745, 16.634333570685204, 16.5713798851024, 16.058364363621447, 15.97400606236117, 16.607128266710202, 16.36826457840778, 16.094275303539327, 15.830127280703284]}]}