{"tests": [{"osnr_load_54": [16.40098952626522, 16.40212369961493, 16.40439115734655, 16.407790123844446, 16.41005462324494, 16.411186429928293, 16.41231794147235, 16.413449158030918, 16.414580079757705, 16.41684103933011, 16.41797107748253, 16.419100821416755, 16.420230271285895, 16.421359427242916, 16.42361685803195, 16.425873115005302, 16.42812819938253, 16.431508629993722, 16.432634855217305, 16.433760788203703, 16.436011778071045, 16.437136835254748, 16.438261600806783, 16.43938607487823, 16.440510257620062, 16.441634149183127, 16.442757749718155, 16.44500407830646, 16.447249244588505, 16.448371392240276, 16.449493249765954, 16.45061481731546, 16.4517360950386, 16.455098190746057, 16.456218310659395, 16.45733814149363, 16.45845768339786, 16.459576936521085, 16.46405106417966, 16.46628639918818, 16.46852058323141, 16.46963724401115, 16.470753617493465, 16.47186970382609, 16.47298550315664, 16.47410101563262, 16.47744583340642, 16.478560199936855, 16.47967428034852, 16.48078807478824, 16.48412774374226, 16.485240395760165, 16.486352762538537, 16.487464844223528]}, {"gosnr_load_54": [16.03923275211903, 16.009502012425536, 16.138564945996574, 16.13604234583346, 16.064729559858527, 15.995265212986691, 16.031742283460254, 16.127169641732102, 16.124302107107287, 16.12698263942262, 16.143430610030542, 16.043977942894372, 15.986680866478359, 16.12187256504531, 16.08466561330517, 16.086253089572132, 16.00734289346129, 16.05645030048024, 16.057486846484657, 16.019254395501793, 16.00902205549462, 16.02880771624591, 16.14749723462648, 16.18486542333191, 16.03417051886985, 16.024984509262048, 16.045060860633654, 16.09433159770157, 16.003060575049712, 15.998090538423051, 16.08414637168151, 16.037050437553198, 16.008843966401955, 16.089591537561475, 16.096810609352776, 16.031706185069424, 15.987938116828301, 16.024457623290424, 16.030418597397922, 15.999641354519923, 16.056140899058555, 16.070277453954198, 15.98485270883126, 16.05600419525214, 16.08161220279888, 16.049897700944882, 16.03903657784037, 16.012228691540454, 16.137668834175766, 16.101876617894575, 16.116281871194943, 16.04267710661144, 16.11206610186334, 16.020168523913213]}]}