{"tests": [{"osnr_load_81": [16.397585226421242, 16.398720289823455, 16.399855056386386, 16.400989526265196, 16.402123699614904, 16.40325757659042, 16.404391157346524, 16.405524442037883, 16.406657430819042, 16.40779012384442, 16.40892252126832, 16.410054623244914, 16.411186429928268, 16.412317941472324, 16.413449158030893, 16.41458007975768, 16.415710706806255, 16.416841039330084, 16.417971077482505, 16.41910082141673, 16.420230271285867, 16.42135942724289, 16.422488289440665, 16.42361685803192, 16.424745133169292, 16.425873115005274, 16.42700080369226, 16.428128199382503, 16.42925530222816, 16.430382112381253, 16.431508629993697, 16.43263485521728, 16.433760788203678, 16.434886429104445, 16.43601177807102, 16.437136835254723, 16.438261600806758, 16.439386074878204, 16.440510257620037, 16.4416341491831, 16.44275774971813, 16.44388105937574, 16.445004078306432, 16.446126806660594, 16.447249244588484, 16.448371392240247, 16.44949324976593, 16.450614817315437, 16.451736095038576, 16.452857083085025, 16.45397778160436, 16.455098190746032, 16.45621831065937, 16.4573381414936, 16.45845768339783, 16.45957693652106, 16.460695901012148, 16.46181457701986, 16.462932964692843, 16.464051064179632, 16.465168875628635, 16.466286399188157, 16.467403635006377, 16.468520583231385, 16.46963724401112, 16.47075361749344, 16.471869703826066, 16.472985503156615, 16.47410101563259, 16.475216241401384, 16.476331180610263, 16.477445833406396, 16.47856019993683, 16.479674280348494, 16.48078807478821, 16.4819015834027, 16.48301480633855, 16.484127743742235, 16.48524039576014, 16.486352762538512, 16.487464844223503]}, {"gosnr_load_81": [15.903513208923103, 15.946841423429738, 15.885656901426692, 15.884716415778179, 15.887995146605395, 15.881589002583809, 15.887618451997076, 15.882665221065395, 15.949383514298978, 15.882837859697052, 15.990067420906657, 15.892908774017084, 15.927547029301476, 15.881544058107462, 15.88176384526908, 16.01194190176386, 15.924455829483907, 16.030460427757994, 15.937896664141789, 15.897009824671073, 15.8867449573107, 15.93085190870215, 15.8814168551399, 15.965272979832438, 15.890627056845135, 15.885934759053498, 15.907313570318271, 15.894240831542492, 15.881329947152626, 15.905363364664876, 16.116134916943345, 15.882207645588114, 15.957197830230424, 15.897420889426098, 15.891054309199381, 15.906925532524385, 15.90016310124194, 15.889424724743646, 16.04266241449548, 15.998113597774744, 15.942346661650152, 15.881396720071816, 15.977922933371058, 15.88518804674117, 15.916259896738591, 15.88388481425024, 15.929037564373921, 15.881324368343158, 15.883230424090794, 15.888556175161328, 15.916059884866891, 15.88185088067052, 15.889558714399257, 15.898509815502848, 15.892966435535445, 15.911541021077058, 15.903305193626222, 15.895018465717083, 15.884504657885252, 15.882053912249507, 15.987086446375933, 15.883328978281577, 15.895587793458269, 15.909370310326054, 15.882412425294852, 15.918829402188756, 15.886744810183151, 15.92155614568201, 15.938215364812045, 16.058463196005064, 15.92192553328605, 15.970089850905229, 15.891762453705523, 15.90009108575086, 15.913834256965092, 15.90175743591516, 15.883911120069278, 15.911128919593825, 15.951763904678264, 15.934397172907035, 15.963255083210985]}]}