{"tests": [{"osnr_load_27": [12.64229557637364, 12.743664279433723, 12.777286603997055, 12.977269780936872, 13.141638514929532, 13.206807182597062, 13.27164614438356, 13.30394221148277, 13.336156125360507, 13.432305886204857, 13.527719691396403, 13.590921341898095, 13.716350168716982, 13.74750496687345, 13.809572417225542, 13.932741788491725, 14.145209221097339, 14.205198972907462, 14.264872600574456, 14.412680103185968, 14.558533730769422, 14.645114794128695, 14.702449754521796, 14.731001915714328, 14.759477379696209, 15.040044325042587, 15.067685369582549]}, {"gosnr_load_27": [12.65749657421715, 14.290161675160498, 14.022124844029282, 13.083999173141898, 13.604839373321154, 13.344339263451594, 13.039867392357658, 14.667455544750567, 13.069548162449681, 12.865787716948805, 13.745035653994528, 13.512592517588065, 13.955181983324962, 12.553852353127752, 14.176371509727574, 14.283424987855359, 12.62466449532258, 14.696428803151518, 13.133459304286795, 14.36875682094411, 14.284080472939117, 13.404766047401855, 13.258864186173348, 14.315508162934938, 13.918147696829845, 13.489542046473302, 12.996855913574418]}]}