{"tests": [{"osnr_load_54": [13.868032373100927, 13.869166765396397, 13.871434661019418, 13.87483428435412, 13.877099221645626, 13.878231247274428, 13.87936297776389, 13.880494413267833, 13.88162555393995, 13.8838869514029, 13.885017208500535, 13.886147171379935, 13.88727684019421, 13.888406215096328, 13.890664083775437, 13.892920778638713, 13.89517630090571, 13.898557388351257, 13.89968383251955, 13.900809984450614, 13.90306141220718, 13.904186688335438, 13.905311672831981, 13.90643636584791, 13.907560767534171, 13.908684878041633, 13.909808697521015, 13.912055463997927, 13.914301068168413, 13.915423434764342, 13.916545511234151, 13.917667297727743, 13.91878879439493, 13.922151546934288, 13.923271885791523, 13.924391935569606, 13.925511696417654, 13.926631168484647, 13.931106171917925, 13.93334194481357, 13.935576566743768, 13.936693446466927, 13.937810038892627, 13.938926344168598, 13.940042362442458, 13.941158093861699, 13.944503568465079, 13.945618153938623, 13.946732453293365, 13.947846466676115, 13.951186792459003, 13.952299663419785, 13.953412249141, 13.95452454976879]}, {"gosnr_load_54": [13.505286131506391, 13.475418143187824, 13.60522898692189, 13.602361662105487, 13.530862383155675, 13.461168885855425, 13.497893404472233, 13.593472397795406, 13.59057436894254, 13.593343064440793, 13.60987268193401, 13.51000733531671, 13.45254324672271, 13.588471344404198, 13.55079153720534, 13.552461846693053, 13.47336557674781, 13.522641391731627, 13.52351702734316, 13.485208087270825, 13.475078970076918, 13.494937024581986, 13.613875951632755, 13.651395989283772, 13.500166389217359, 13.491020844513093, 13.51104175744383, 13.560711565117465, 13.469073708303288, 13.463988614307008, 13.550490600221929, 13.503148054852364, 13.474904611440374, 13.55573445257586, 13.563007287394209, 13.497686977270948, 13.453797038122445, 13.490505099853838, 13.496451654557315, 13.465635228073896, 13.522416809377127, 13.536474836336353, 13.450702825521647, 13.522112489153937, 13.547764919351371, 13.515908338466481, 13.505192359351483, 13.478160986309176, 13.604342846861963, 13.56828073805601, 13.582832573168634, 13.508652133699586, 13.578316071699753, 13.486282840968286]}]}