{"tests": [{"osnr_load_81": [13.864627416419424, 13.865762698767515, 13.866897684276285, 13.868032373100887, 13.869166765396354, 13.870300861317588, 13.871434661019377, 13.87256816465638, 13.87370137238314, 13.87483428435408, 13.875966900723506, 13.877099221645588, 13.878231247274389, 13.879362977763849, 13.880494413267792, 13.881625553939912, 13.882756399933777, 13.88388695140286, 13.885017208500496, 13.886147171379895, 13.887276840194168, 13.888406215096287, 13.889535296239117, 13.890664083775395, 13.891792577857746, 13.892920778638674, 13.894048686270557, 13.89517630090567, 13.896303622696152, 13.897430651794025, 13.898557388351218, 13.899683832519509, 13.900809984450577, 13.901935844295974, 13.90306141220714, 13.904186688335399, 13.905311672831942, 13.906436365847867, 13.90756076753413, 13.908684878041594, 13.909808697520978, 13.910932226122908, 13.912055463997888, 13.913178411296288, 13.91430106816837, 13.915423434764303, 13.916545511234109, 13.917667297727704, 13.918788794394889, 13.91991000138535, 13.921030918848654, 13.922151546934247, 13.923271885791483, 13.924391935569567, 13.925511696417612, 13.926631168484606, 13.927750351919435, 13.928869246870843, 13.929987853487482, 13.93110617191789, 13.93222420231047, 13.933341944813531, 13.934459399575259, 13.935576566743727, 13.936693446466888, 13.937810038892591, 13.93892634416856, 13.940042362442417, 13.94115809386166, 13.942273538573682, 13.943388696725755, 13.944503568465036, 13.945618153938584, 13.946732453293322, 13.947846466676076, 13.948960194233557, 13.950073636112357, 13.951186792458962, 13.952299663419748, 13.953412249140962, 13.954524549768752]}, {"gosnr_load_81": [13.368944477638438, 13.412390188232626, 13.35116485200784, 13.350216048823231, 13.353521673035411, 13.347049388185724, 13.353034853808099, 13.348143166622059, 13.41523270213468, 13.348264476462074, 13.456100823896861, 13.35846914143204, 13.393036112467572, 13.346982566875303, 13.347198944098103, 13.477732293751448, 13.389936227922464, 13.496325731337055, 13.403692232014679, 13.362431070435845, 13.35226185160291, 13.396350580444034, 13.346872176368144, 13.431194878619996, 13.356043117788994, 13.351352742281472, 13.372752159179395, 13.359659095780966, 13.346780564120133, 13.370798082867363, 13.582362485660735, 13.347679319725003, 13.422781674981128, 13.363009082342526, 13.35660247481657, 13.372567146177596, 13.36576728069132, 13.354961645538147, 13.508929440814674, 13.463849350479386, 13.40788079277996, 13.346838944336003, 13.443581538331431, 13.350607220827719, 13.381718794167854, 13.349307170301433, 13.39479086962241, 13.34677062448753, 13.348715096675857, 13.353972189450957, 13.38174908995239, 13.347316709911802, 13.354974613691093, 13.363933037650465, 13.35838367189295, 13.376988728628689, 13.368927067639802, 13.360592121949333, 13.349925289248352, 13.347485897435975, 13.452779623514877, 13.34875332844603, 13.361007390649622, 13.374813218469587, 13.347841585300447, 13.384294780638344, 13.352161868981657, 13.38702866888719, 13.403736405390394, 13.524444611071258, 13.38764410753602, 13.435719583811041, 13.35717895819553, 13.365516626100984, 13.379287280311377, 13.367185652337138, 13.349403008858069, 13.376792769225677, 13.417329121153239, 13.399906450858374, 13.428860212687717]}]}