{"tests_qot": [{"osnr_load_qot_27": [9.422022463513192, 9.601620316107866, 9.66103284575657, 10.012747670906379, 10.29961472271188, 10.412778598883385, 10.525039403826778, 10.580831525701164, 10.63639834593117, 10.801748819242295, 10.965078573581984, 11.07284547013218, 11.285701454181167, 11.338359219361356, 11.443009406050656, 11.649657701021459, 12.002844522082192, 12.10179591830973, 12.199882991599482, 12.441344043952075, 12.677488684683922, 12.816651306650524, 12.908384031293492, 12.953939437159693, 12.999288333835462, 13.44155583785625, 13.484674568453618]}, {"gosnr_load_qot_27": [9.576949178988123, 12.309751871288084, 11.91044583865393, 10.401375767806108, 11.240645889496257, 10.801245966483307, 10.279123419095114, 12.803832207101403, 10.361200119914722, 9.928053021568001, 11.453988362989735, 11.112417813615847, 11.810614774052908, 9.360822315594703, 12.139984240749062, 12.302205623708973, 9.518858090708388, 12.845250907518476, 10.468727722568957, 12.421729891522595, 12.298867621073414, 10.902794791805036, 10.651893166769213, 12.349427228659525, 11.743996301334544, 11.069441309775518, 10.185212827085198]}]}