{"tests_qot": [{"osnr_load_qot_54": [11.568985242973683, 11.570119748921279, 11.57238787184851, 11.575787836139453, 11.57805300073506, 11.579185140015893, 11.580316984157374, 11.581448533313326, 11.582579787637442, 11.584841412404355, 11.585971783153955, 11.587101859685303, 11.588231642151516, 11.58936113070557, 11.591619226688493, 11.593876148855554, 11.596131898426274, 11.59951332682734, 11.600639884647443, 11.601766150230315, 11.60401780529045, 11.605143195070472, 11.606268293218776, 11.607393099886437, 11.608517615224443, 11.609641839383627, 11.610765772514714, 11.613012766295011, 11.615258597768838, 11.616381078016422, 11.61750326813787, 11.618625168283094, 11.619746778601897, 11.623109872096046, 11.624230324604849, 11.625350488034496, 11.62647036253409, 11.627589948252623, 11.632065406291943, 11.634301406490533, 11.636536255723628, 11.637653249098229, 11.63876995517535, 11.639886374102733, 11.641002506027991, 11.642118351098622, 11.6454641666561, 11.646578865780988, 11.647693278787054, 11.648807405821128, 11.652148072557909, 11.653261057169956, 11.65437375654244, 11.65548617082148]}, {"gosnr_load_qot_54": [11.205305845310916, 11.175335260340384, 11.305708011922881, 11.302576623392648, 11.230940744746283, 11.16107769608314, 11.197988701052136, 11.293675461307242, 11.290754312713823, 11.293590355066298, 11.310181086904713, 11.210008244529067, 11.152421153577555, 11.288901832474966, 11.250862841437975, 11.252596507446277, 11.173364556516066, 11.222765151997269, 11.223517349171573, 11.18515314190196, 11.175104042670085, 11.195015857978056, 11.314135419073835, 11.351768487174157, 11.200142465756072, 11.191028744961947, 11.211005398220802, 11.260976758509194, 11.169065741534281, 11.163892888333123, 11.25072930165279, 11.203201871016004, 11.174932559144485, 11.255818343323483, 11.263131748290093, 11.197651712634379, 11.153672184460321, 11.190521586723026, 11.19645656538236, 11.165612796495388, 11.222605618808728, 11.236602195814633, 11.150571491487657, 11.222172818994014, 11.247857033270963, 11.215894349738436, 11.205290587271886, 11.178090254830895, 11.304829598167057, 11.268563774953984, 11.283226701511266, 11.208611485201143, 11.27848002285301, 11.1863509402149]}]}