{"tests_qot": [{"osnr_load_qot_81": [11.565579945335784, 11.566715341336032, 11.567850440496946, 11.568985242973683, 11.570119748921279, 11.571253958494623, 11.57238787184851, 11.573521489137605, 11.574654810516448, 11.575787836139453, 11.576920566160936, 11.57805300073506, 11.579185140015893, 11.580316984157374, 11.581448533313326, 11.582579787637442, 11.5837107472833, 11.584841412404355, 11.585971783153955, 11.587101859685303, 11.588231642151516, 11.58936113070557, 11.590490325500314, 11.591619226688493, 11.592747834422747, 11.593876148855554, 11.595004170139303, 11.596131898426274, 11.597259333868609, 11.598386476618321, 11.59951332682734, 11.600639884647443, 11.601766150230315, 11.6028921237275, 11.60401780529045, 11.605143195070472, 11.606268293218776, 11.607393099886437, 11.608517615224443, 11.609641839383627, 11.610765772514714, 11.611889414768353, 11.613012766295011, 11.61413582724509, 11.615258597768838, 11.616381078016422, 11.61750326813787, 11.618625168283094, 11.619746778601897, 11.620868099243966, 11.621989130358862, 11.623109872096046, 11.624230324604849, 11.625350488034496, 11.62647036253409, 11.627589948252623, 11.628709245338973, 11.629828253941897, 11.63094697421004, 11.632065406291943, 11.633183550336007, 11.634301406490533, 11.635418974903718, 11.636536255723628, 11.637653249098229, 11.63876995517535, 11.639886374102733, 11.641002506027991, 11.642118351098622, 11.643233909462028, 11.644349181265456, 11.6454641666561, 11.646578865780988, 11.647693278787054, 11.648807405821128, 11.64992124702992, 11.65103480256002, 11.652148072557909, 11.653261057169956, 11.65437375654244, 11.65548617082148]}, {"gosnr_load_qot_81": [11.068499133592047, 11.112031176689767, 11.050779793333081, 11.04982469566176, 11.053150651870443, 11.046628222525248, 11.052579469221676, 11.047735366943023, 11.115103725338805, 11.047817325950556, 11.156109526547775, 11.058123637809956, 11.092633020225772, 11.046544639578853, 11.046758384942517, 11.177552821692638, 11.089526744927563, 11.19620205422726, 11.103523145704017, 11.061978599368974, 11.051883554771358, 11.095954553137268, 11.046447144182922, 11.131120262156934, 11.055587216322017, 11.050898712603527, 11.072312100778717, 11.059204575482005, 11.046351934162109, 11.070355224561762, 11.282508899994749, 11.047266752678759, 11.122448655432247, 11.062684520058209, 11.056247777573367, 11.072282715765596, 11.065454736950207, 11.054598468949749, 11.209112628527496, 11.163629207180188, 11.107510953117538, 11.046403876921149, 11.143304022139054, 11.050154167160569, 11.0812935351312, 11.048856665750508, 11.09459015152507, 11.04633865305999, 11.048312404401994, 11.053516428224452, 11.081500354400678, 11.046899693825727, 11.054518679146302, 11.06348195346218, 11.05792847228619, 11.076555297448689, 11.068627817328942, 11.06025662329316, 11.049473410375048, 11.047042927528485, 11.15252780856257, 11.0483043992527, 11.060553777242173, 11.074376294612389, 11.047396419897805, 11.083874268606397, 11.051707062080112, 11.086613398941651, 11.103356888645532, 11.224407466499361, 11.087417379582016, 11.135420618501486, 11.056723300110926, 11.065067183776815, 11.078857726987303, 11.06673811883149, 11.049005789083441, 11.076525022021581, 11.116982293812892, 11.099518247543077, 11.128542982472275]}]}