{"tests": [{"osnr_load_27": [7.902067624583825, 8.13330158727769, 8.209680938921874, 8.66060406360306, 9.02672777585697, 9.170720198859145, 9.31330904790194, 9.384077394247022, 9.454495214834589, 9.663647436171937, 9.869652935079836, 10.005245814629296, 10.272259500044248, 10.338146359848768, 10.468883758749525, 10.726229456457697, 11.163447902525958, 11.285326089537751, 11.40586494879281, 11.701401622140137, 11.988738561590642, 12.15726128475014, 12.26801261216879, 12.322912747728953, 12.377497512484076, 12.906283848679632, 12.957485807618408]}, {"gosnr_load_27": [8.140034797209506, 11.51430256034712, 11.081167823562893, 9.223267280789086, 10.265697191661342, 9.71451491659886, 9.051909301046821, 12.016935645609216, 9.16692616423991, 8.587174061572762, 10.52318990478433, 10.11532703745846, 10.963431588654814, 7.851642929462759, 11.348979479594622, 11.532053033205434, 8.065133117938814, 12.0627382516601, 9.302872709033212, 11.642181908478879, 11.494160900720814, 9.842116407958665, 9.5243889542134, 11.576235629351544, 10.880697281485784, 10.060031027005454, 8.92563967590804]}]}