{"tests": [{"osnr_load_54": [10.635975897437842, 10.637110434869335, 10.63937862076434, 10.64277867950694, 10.6450439070703, 10.646176077835008, 10.64730795346037, 10.648439534100188, 10.649570819908172, 10.651832507642817, 10.65296290987628, 10.65409301789149, 10.655222831841565, 10.656352351879475, 10.658610510830107, 10.660867495964865, 10.66312330850327, 10.666504831355859, 10.667631420659799, 10.668757717726503, 10.671009435754296, 10.672134857018145, 10.673259986650269, 10.674384824801757, 10.675509371623583, 10.676633627266582, 10.677757591881491, 10.680004648629408, 10.682250543070861, 10.683373054802242, 10.68449527640749, 10.685617208036524, 10.686738849839122, 10.690102037784657, 10.691222521777252, 10.692342716690685, 10.693462622674062, 10.694582239876379, 10.699057823850817, 10.701293887016952, 10.703528799217583, 10.704645824075946, 10.705762561636831, 10.706879012047974, 10.70799517545699, 10.709111052011377, 10.71245696202011, 10.713571692628747, 10.71468613711856, 10.715800295636377, 10.71914105682438, 10.72025407292016, 10.72136680377638, 10.722479249539143]}, {"gosnr_load_54": [10.272573876254263, 10.242614944634663, 10.372921424449576, 10.369825634810253, 10.298202770988912, 10.22835743272415, 10.265245917415985, 10.360925396050094, 10.358007158854774, 10.360834280211757, 10.37741800696345, 10.277279185544142, 10.219704433453433, 10.356120527787624, 10.31812735312628, 10.319852553168356, 10.240632981316127, 10.290020391533456, 10.290789400010974, 10.252429776812255, 10.242369057368919, 10.262275083211062, 10.381379289775627, 10.418999963253448, 10.267416026904055, 10.258297295263052, 10.278281473393214, 10.328215731928447, 10.236334784775105, 10.231173452636389, 10.31797108241765, 10.270465113420261, 10.242197170666856, 10.323081527746595, 10.330389989395666, 10.264926623904941, 10.220955933002125, 10.257788933190636, 10.263725933145798, 10.232883542645704, 10.289852017105002, 10.303858005084017, 10.217855886610208, 10.289436622542604, 10.315118489595381, 10.283167761206162, 10.272547960621623, 10.245368498056626, 10.372041893581239, 10.335800911387507, 10.350449892452726, 10.275887960280247, 10.345734088987019, 10.25361096559534]}]}