{"tests": [{"osnr_load_81": [10.632570505348198, 10.633705932832342, 10.634841063477154, 10.635975897437788, 10.637110434869276, 10.638244675926513, 10.639378620764287, 10.640512269537265, 10.641645622399993, 10.642778679506886, 10.643911441012246, 10.645043907070246, 10.646176077834955, 10.647307953460317, 10.648439534100135, 10.649570819908119, 10.650701811037846, 10.651832507642764, 10.652962909876225, 10.654093017891435, 10.65522283184151, 10.65635235187942, 10.657481578158016, 10.658610510830052, 10.659739150048155, 10.660867495964814, 10.6619955487324, 10.663123308503216, 10.664250775429394, 10.665377949662943, 10.666504831355805, 10.667631420659747, 10.66875771772645, 10.669883722707464, 10.671009435754243, 10.67213485701809, 10.67325998665022, 10.674384824801704, 10.675509371623528, 10.67663362726653, 10.677757591881436, 10.678881265618887, 10.680004648629355, 10.681127741063243, 10.682250543070806, 10.683373054802193, 10.684495276407436, 10.68561720803647, 10.686738849839063, 10.687860201964938, 10.688981264563623, 10.690102037784605, 10.691222521777197, 10.692342716690632, 10.693462622674005, 10.694582239876326, 10.69570156844646, 10.696820608533164, 10.697939360285085, 10.699057823850763, 10.700175999378603, 10.7012938870169, 10.70241148691385, 10.70352879921753, 10.704645824075891, 10.705762561636776, 10.70687901204792, 10.70799517545694, 10.709111052011323, 10.710226641858487, 10.711341945145662, 10.712456962020054, 10.713571692628694, 10.714686137118507, 10.715800295636326, 10.71691416832886, 10.718027755342696, 10.719141056824327, 10.72025407292011, 10.721366803776327, 10.722479249539095]}, {"gosnr_load_81": [10.135820039403098, 10.17934359018312, 10.118091214477275, 10.117136900964766, 10.120460341979264, 10.113944239320528, 10.119900566621187, 10.115049650988741, 10.182385147779978, 10.115136956420201, 10.223375331643037, 10.125430230206963, 10.159949975389974, 10.113862925013638, 10.114077043226203, 10.244845782716236, 10.156844337296349, 10.263488855029998, 10.170809150358355, 10.129299992240755, 10.11919413925774, 10.163270795727946, 10.113763672438605, 10.198395501963457, 10.122908604786796, 10.118219502741006, 10.139632570377813, 10.126526042402501, 10.113668943700985, 10.13767592983884, 10.349765658137486, 10.114581649352164, 10.189758317785486, 10.129988605876568, 10.123555479802608, 10.13958206219973, 10.132757395601617, 10.121907200772409, 10.27635876120548, 10.23092663758739, 10.174824499852246, 10.113721763913139, 10.21060771164384, 10.117474770199628, 10.148612659412064, 10.116176827642704, 10.16187978627848, 10.113656115105119, 10.115626037628338, 10.120837645541588, 10.148795537021599, 10.114215167375505, 10.121839993598805, 10.130803268758699, 10.125249937570697, 10.143875180775737, 10.135928905604485, 10.127562014715249, 10.116793804028013, 10.114361933846235, 10.21982870223929, 10.115624306837134, 10.127875220317389, 10.141696491102897, 10.114715750094344, 10.151192939459069, 10.119028017031319, 10.153931561011202, 10.17067143995593, 10.291684670425527, 10.154710013026726, 10.202726628497437, 10.124044739030682, 10.1323883929606, 10.146177254074951, 10.134059192029369, 10.116318730482636, 10.143822417317274, 10.184293422479787, 10.166833692705842, 10.195850957010888]}]}