{"tests": [{"osnr_load_27": [10.997023315240158, 11.133627072064566, 11.178879020984986, 11.447428793754904, 11.667352145426367, 11.754340180248423, 11.840768942237919, 11.883773925612985, 11.92663949365091, 12.054401141854667, 12.180913372417752, 12.264562855551288, 12.430207108758404, 12.471274478821567, 12.552998087729218, 12.714806245329706, 12.992746377253447, 13.070945160052892, 13.148608361727387, 13.340435982437862, 13.528959884011735, 13.640502215216742, 13.714213356528788, 13.750874652245619, 13.787406814824967, 14.145691359365744, 14.180822805726333]}, {"gosnr_load_27": [11.077602999407564, 13.222743860472246, 12.884822037164053, 11.683696354951614, 12.349240999515281, 12.00690246422608, 11.603932026146369, 13.666647552805228, 11.65751315645867, 11.34957425439811, 12.523347323083925, 12.240354990215355, 12.80218377376194, 10.922808550521687, 13.075545015057557, 13.210686310002158, 11.033449824062988, 13.7020652586628, 11.741100680234432, 13.317794810817439, 13.215665260221193, 12.08606052003252, 11.892420830165616, 13.252159526541018, 12.751138142996115, 12.208171671188863, 11.537764092081716]}]}