{"tests": [{"osnr_load_54": [12.642683962423028, 12.643818422694329, 12.646086454268977, 12.64948628153107, 12.651751354774134, 12.652883448378704, 12.654015246843924, 12.655146750323619, 12.656277958971478, 12.658539492385895, 12.659669817459251, 12.660799848314364, 12.661929585104346, 12.663059027982161, 12.665317032612641, 12.667573863427265, 12.669829521645571, 12.673210813018034, 12.674337325161948, 12.675463545068627, 12.677715108776402, 12.678840452880252, 12.679965505352378, 12.68109026634388, 12.682214736005712, 12.683338914488738, 12.684462801943674, 12.68670970437167, 12.688955444493208, 12.690077879064656, 12.69120002350997, 12.692321877979067, 12.693443442621746, 12.696806399087539, 12.697926805920236, 12.699046923673777, 12.700166752497271, 12.701286292539702, 12.705761567874667, 12.70799747672111, 12.710232234602072, 12.711349182300605, 12.712465842701668, 12.713582215952997, 12.714698302202203, 12.715814101596784, 12.719159780126144, 12.720274433575003, 12.721388800905045, 12.722502882263091, 12.725843411971825, 12.72695635090787, 12.728069004604345, 12.729181373207384]}, {"gosnr_load_54": [12.278018762096002, 12.247987653810954, 12.37869811944953, 12.375396707044896, 12.303686591961391, 12.233727451941537, 12.270751867307034, 12.366489612759676, 12.36355410014205, 12.366433102299803, 12.383060050492174, 12.282708102462024, 12.225052595377395, 12.36186388819448, 12.32360024997255, 12.32537451599171, 12.246070221342684, 12.295541920516943, 12.296214212147124, 12.257821701445673, 12.247826233590445, 12.2677689593251, 12.386981976552532, 12.424680602070195, 12.272828183427196, 12.263736780996474, 12.283680983107384, 12.333837477427176, 12.241767741550456, 12.23653917503237, 12.323574903559397, 12.275937229005356, 12.247656640678278, 12.328562917133969, 12.335901106939025, 12.270330582696234, 12.226301603998733, 12.263235268375732, 12.269161624412206, 12.23830611127279, 12.295424451254128, 12.309378603070213, 12.22319731545526, 12.294908716331514, 12.320608474390776, 12.2885834430412, 12.278054238850991, 12.250749971028256, 12.377824872398389, 12.341434539084815, 12.356166376823975, 12.281284761406884, 12.351271890091207, 12.259098773201366]}]}