{"tests": [{"osnr_load_81": [12.639278801813996, 12.640414152137936, 12.641549205622546, 12.642683962422986, 12.643818422694281, 12.644952586591334, 12.646086454268932, 12.647220025881742, 12.648353301584299, 12.649486281531026, 12.650618965876237, 12.65175135477409, 12.65288344837866, 12.65401524684388, 12.65514675032357, 12.656277958971433, 12.657408872941039, 12.658539492385849, 12.659669817459207, 12.66079984831432, 12.6619295851043, 12.663059027982113, 12.664188177100634, 12.665317032612597, 12.666445594670625, 12.667573863427219, 12.668701839034762, 12.669829521645525, 12.670956911411652, 12.672084008485164, 12.67321081301799, 12.674337325161904, 12.675463545068586, 12.67658947288959, 12.677715108776358, 12.678840452880205, 12.679965505352335, 12.681090266343833, 12.682214736005665, 12.683338914488694, 12.68446280194363, 12.68558639852111, 12.686709704371623, 12.687832719645552, 12.688955444493162, 12.69007787906461, 12.691200023509925, 12.69232187797902, 12.6934434426217, 12.69456471758765, 12.695685703026427, 12.696806399087492, 12.697926805920192, 12.69904692367373, 12.700166752497225, 12.70128629253966, 12.702405543949917, 12.70352450687675, 12.704643181468807, 12.705761567874625, 12.70687966624261, 12.707997476721062, 12.70911499945818, 12.710232234602026, 12.711349182300559, 12.712465842701626, 12.713582215952952, 12.714698302202159, 12.715814101596742, 12.716929614284101, 12.718044840411498, 12.719159780126098, 12.720274433574959, 12.721388800904998, 12.722502882263047, 12.72361667779582, 12.724730187649897, 12.725843411971777, 12.726956350907825, 12.728069004604299, 12.72918137320734]}, {"gosnr_load_81": [12.140937587764345, 12.184517219430862, 12.123260502582838, 12.122301516343681, 12.125639988110438, 12.119086378408731, 12.125014409962954, 12.12020195162835, 12.187737807549375, 12.120258473371159, 12.228824774576319, 12.130628532009954, 12.165094242598906, 12.118991982431066, 12.11920398773966, 12.250142383166176, 12.161984422830017, 12.268824078978955, 12.176133500337459, 12.134413668327337, 12.124368426785297, 12.168419714592797, 12.118902835861185, 12.203786432555155, 12.128021262273078, 12.12333484190436, 12.144753255935486, 12.131638838642338, 12.118805319276598, 12.142794937256443, 12.355288643896214, 12.11973034471253, 12.194949519283567, 12.135202091809374, 12.128747082260627, 12.144824419886685, 12.137979555635441, 12.127092603200133, 12.281930440166528, 12.236195158592047, 12.179990854167462, 12.118853093552834, 12.215836784318956, 12.122591065717806, 12.153742567553824, 12.121295452807491, 12.167181752281632, 12.11878988194358, 12.120782181221939, 12.125950950967567, 12.15406339205608, 12.119360479949133, 12.12695290302863, 12.135917637485958, 12.130362534802572, 12.148999939029979, 12.141160630937451, 12.132767583034065, 12.121911194702417, 12.119486919931955, 12.225075417968474, 12.120744306890607, 12.132988374350656, 12.146819088149241, 12.119838928130395, 12.15632588334573, 12.12414253863179, 12.159067885796714, 12.175831321707228, 12.297079948697153, 12.159993524750304, 12.207941022376179, 12.129157291340867, 12.137503632190707, 12.151304442101527, 12.139175487959877, 12.121478972225606, 12.149076709863278, 12.189475271962454, 12.171987792365451, 12.201052891839506]}]}