{"tests_qot": [{"osnr_load_qot_27": [15.411881705610487, 15.472252698834101, 15.49230922282268, 15.611946080575194, 15.710728066253454, 15.750009036899817, 15.789158010414631, 15.80868309747398, 15.828175304504473, 15.886455045276627, 15.944440309005973, 15.982934091289884, 16.059531773731685, 16.078600207095068, 16.116640176276874, 16.192333679384888, 16.323564424797517, 16.36077234755572, 16.397853520761345, 16.490004150384024, 16.581370039787835, 16.635815129143808, 16.67195655616505, 16.689980809906825, 16.707974148392726, 16.886216798494583, 16.90387295468583]}, {"gosnr_load_qot_27": [15.342090876336014, 16.334667618733807, 16.175411246817987, 15.558395920143814, 15.907848087709066, 15.746064763497518, 15.557378477305226, 16.606906998596383, 15.558141070595807, 15.478547347522273, 16.00636235477001, 15.8356714648243, 16.128745205353468, 15.299629583940948, 16.28122839270999, 16.347482576466575, 15.322242933485091, 16.626603970913976, 15.599127849898407, 16.39138200013948, 16.32658359975624, 15.784138854190257, 15.695028515473759, 16.361955405651415, 16.11009064191556, 15.823753983832201, 15.5420985447289]}]}