{"tests_qot": [{"osnr_load_qot_54": [16.136780746982822, 16.137914949575546, 16.14018246579319, 16.14358152002007, 16.145846077906516, 16.14697791383284, 16.148109454619856, 16.149240700421377, 16.150371651391115, 16.1526326694494, 16.153762736844747, 16.154892510021895, 16.156021989133947, 16.15715117433388, 16.159408663608712, 16.161664979067837, 16.16392012193082, 16.167300640270582, 16.16842689473701, 16.16955285696625, 16.171803905319248, 16.17292899174577, 16.174053786540618, 16.17517828985487, 16.1763025018395, 16.17742642264536, 16.178550052423173, 16.180796439497033, 16.18304166426461, 16.184163841159133, 16.185285727927557, 16.186407324719806, 16.187528631685684, 16.190890815121303, 16.19201096427735, 16.193130824354284, 16.194250395501214, 16.19536967786713, 16.1998439224964, 16.202079315990225, 16.204313558518738, 16.205430248541106, 16.206546651266052, 16.207662766841295, 16.20877859541445, 16.209894137133038, 16.21323904263462, 16.21435343840763, 16.215467548061866, 16.216581371744155, 16.219921128425835, 16.22103380968628, 16.22214620570719, 16.22325831663471]}, {"gosnr_load_qot_54": [15.773690264053092, 15.74385129193141, 15.873511904928252, 15.870699369688563, 15.7992475982267, 15.729607546912261, 15.766284073562044, 15.861814989417622, 15.858922486462275, 15.86167664745108, 15.878189206053438, 15.778414038569895, 15.720990530357813, 15.856768806659677, 15.819172772280076, 15.820829669519668, 15.741782533693023, 15.791019552541329, 15.791920194670187, 15.753632895157278, 15.743490131640762, 15.763331856790577, 15.882201375721818, 15.91968787162857, 15.768580827048718, 15.759431237020962, 15.779455802930439, 15.829050441274667, 15.737493235254654, 15.732427449453713, 15.818837684681565, 15.77154579017048, 15.743315231754977, 15.824111764701234, 15.831374315224451, 15.766104402737271, 15.722244551952256, 15.758913875104474, 15.764861196531099, 15.734058633244114, 15.79078172848467, 15.804848506412544, 15.719152489728778, 15.790503765040555, 15.816142723989312, 15.784316492931953, 15.773580460614003, 15.746590914445356, 15.872624429703986, 15.836613894336079, 15.851139020784498, 15.777067702054115, 15.846670829141301, 15.754682196333249]}]}