{"tests_qot": [{"osnr_load_qot_81": [16.133376359409766, 16.13451145205502, 16.135646247860986, 16.136780746982822, 16.137914949575546, 16.139048855794076, 16.14018246579319, 16.14131577972755, 16.1424487977517, 16.14358152002007, 16.144713946686945, 16.145846077906516, 16.14697791383284, 16.148109454619856, 16.149240700421377, 16.150371651391115, 16.15150230768263, 16.1526326694494, 16.153762736844747, 16.154892510021895, 16.156021989133947, 16.15715117433388, 16.15828006577456, 16.159408663608712, 16.16053696798897, 16.161664979067837, 16.162792696997702, 16.16392012193082, 16.16504725401934, 16.16617409341529, 16.167300640270582, 16.16842689473701, 16.16955285696625, 16.170678527109846, 16.171803905319248, 16.17292899174577, 16.174053786540618, 16.17517828985487, 16.1763025018395, 16.17742642264536, 16.178550052423173, 16.17967339132357, 16.180796439497033, 16.18191919709396, 16.18304166426461, 16.184163841159133, 16.185285727927557, 16.186407324719806, 16.187528631685684, 16.188649648974863, 16.189770376736917, 16.190890815121303, 16.19201096427735, 16.193130824354284, 16.194250395501214, 16.19536967786713, 16.1964886716009, 16.19760737685129, 16.198725793766943, 16.1998439224964, 16.200961763188054, 16.202079315990225, 16.203196581051095, 16.204313558518738, 16.205430248541106, 16.206546651266052, 16.207662766841295, 16.20877859541445, 16.209894137133038, 16.211009392144426, 16.2121243605959, 16.21323904263462, 16.21435343840763, 16.215467548061866, 16.216581371744155, 16.2176949096012, 16.218808161779602, 16.219921128425835, 16.22103380968628, 16.22214620570719, 16.22325831663471]}, {"gosnr_load_qot_81": [15.637479953666361, 15.680896585026773, 15.619692638808411, 15.618745370197619, 15.622045974574197, 15.615585631691868, 15.62157653745917, 15.616676391618658, 15.68369130002024, 15.616805718515437, 15.724520409057979, 15.626986933551139, 15.661556627236697, 15.61552225612202, 15.615739115339855, 15.74618457612582, 15.658458864888143, 15.764761605088545, 15.672162080007642, 15.630969706673618, 15.62078796957319, 15.664868778061527, 15.615409256834809, 15.699638131204058, 15.624584122876144, 15.619894587110705, 15.641285557667917, 15.628198874927033, 15.61531840430039, 15.639332565509532, 15.85071971817758, 15.616213640557179, 15.69128000687689, 15.631521406037574, 15.625122634307445, 15.641068762295685, 15.634276425527776, 15.623483967222718, 15.777299158618627, 15.732313668522202, 15.676390595043726, 15.615378086012386, 15.71206299650427, 15.61914906023265, 15.650246815727186, 15.617848826897509, 15.663269531630046, 15.615309150703848, 15.617247128135801, 15.622513705824119, 15.650240999245106, 15.615852035109636, 15.623515904175981, 15.632470997862907, 15.62692392284173, 15.645519661917414, 15.637432667379008, 15.629107313633714, 15.61846706597645, 15.616026487075978, 15.721253374877808, 15.617294807032964, 15.629546632319705, 15.643345436107767, 15.616382531414208, 15.652821155270155, 15.620703661969246, 15.655553253456123, 15.672249280231473, 15.792855189206525, 15.65612996816128, 15.704207519123427, 15.625719617235559, 15.634053836665611, 15.647816817922479, 15.63572203616221, 15.617933741887775, 15.645289866412966, 15.68583172028027, 15.668422111815401, 15.697353704267723]}]}