{"tests": [{"osnr_load_27": [6.022953888747584, 6.333854857914138, 6.436335048040956, 7.039026071511882, 7.525210838926821, 7.715579051577136, 7.903597319617141, 7.996724906552078, 8.089264781228792, 8.36335939081636, 8.632172408672181, 8.808452981036734, 9.154011579967602, 9.23894752753079, 9.407082374221682, 9.736439211401269, 10.290887697189707, 10.444245259314568, 10.595385271560612, 10.963652772187126, 11.318477874316224, 11.525059117833836, 11.660196538939196, 11.726999100876316, 11.793294931928349, 12.429074921168821, 12.490006383822926]}, {"gosnr_load_27": [6.380586045344245, 10.60022363581955, 10.204914181243641, 7.855023904325694, 9.197285127733881, 8.484177390002941, 7.611529404779981, 10.983952008833874, 7.7749613869207135, 6.976401420027049, 9.516574729862095, 9.015190652177122, 10.065352692823815, 5.982729605319049, 10.513734789918649, 10.702786475546757, 6.279729262748626, 11.030163040720737, 7.953736226069134, 10.742449887067558, 10.555211027981157, 8.650051877576011, 8.233742614306989, 10.719375805027925, 9.963158049943491, 8.94225128715352, 7.437185026385048]}]}