{"tests": [{"osnr_load_54": [9.632783049671819, 9.633917614199422, 9.636185854286657, 9.63958599431758, 9.64185127607315, 9.642983473933967, 9.644115376655423, 9.645246984391346, 9.646378297295424, 9.648640039222263, 9.649770468551818, 9.650900603663123, 9.652030444709286, 9.653159991843287, 9.655418204986093, 9.65767524431302, 9.659931111043589, 9.66331271518441, 9.664439331584425, 9.665565655747201, 9.667817427967138, 9.668942876327053, 9.670068033055246, 9.671192898302799, 9.672317472220694, 9.673441754959754, 9.674565746670725, 9.676812857610763, 9.67905880624433, 9.680181345071766, 9.681303593773064, 9.682425552498145, 9.683547221396791, 9.686910490630469, 9.688031001719112, 9.689151223728583, 9.690271156808004, 9.691390801106357, 9.69586649346494, 9.69810261082314, 9.700337577215825, 9.701454629170213, 9.702571393827126, 9.70368787133429, 9.704804061839331, 9.70591996548974, 9.709265956786524, 9.710380714491173, 9.711495186077002, 9.712609371690831, 9.715950214166858, 9.717063257358644, 9.718176015310865, 9.719288488169632]}, {"gosnr_load_54": [9.268452644608725, 9.238416478965906, 9.369149214236135, 9.365847231066146, 9.294124824848698, 9.224153887842153, 9.261184522836096, 9.356938599039152, 9.354002580318399, 9.356882078833246, 9.373511900057883, 9.273142777840278, 9.215477581665453, 9.352312077121528, 9.314041875734038, 9.315816444806938, 9.236498724780763, 9.285978770198424, 9.286651175905366, 9.248252178843279, 9.238255031655992, 9.258201111797227, 9.377434505407475, 9.415139691827655, 9.263261189323718, 9.254168254004979, 9.27411582308589, 9.324280853464863, 9.232195523612743, 9.226966081407987, 9.314016524992487, 9.266370759850371, 9.238085410283968, 9.319005390855779, 9.326344836298976, 9.26076316715617, 9.216726798824048, 9.253666656918295, 9.25959401170939, 9.228733313459085, 9.285861281004829, 9.299817804170486, 9.213621992092357, 9.285345458584864, 9.311049589421998, 9.27901911302109, 9.268488127358847, 9.2411792599091, 9.368275816171284, 9.331879216675038, 9.346613584817652, 9.27171919603859, 9.341718256434422, 9.249529465437607]}]}