{"tests": [{"osnr_load_81": [9.629377576293818, 9.63051303087408, 9.63164818861501, 9.632783049671762, 9.633917614199364, 9.635051882352714, 9.636185854286602, 9.63731953015569, 9.638452910114527, 9.639585994317523, 9.640718782918986, 9.641851276073092, 9.642983473933908, 9.64411537665537, 9.645246984391289, 9.646378297295367, 9.64750931552119, 9.648640039222208, 9.649770468551758, 9.650900603663064, 9.652030444709228, 9.65315999184323, 9.654289245217916, 9.655418204986036, 9.656546871300227, 9.657675244312964, 9.658803324176633, 9.659931111043532, 9.661058605065787, 9.662185806395417, 9.663312715184356, 9.664439331584369, 9.665565655747145, 9.666691687824233, 9.66781742796708, 9.668942876326996, 9.670068033055191, 9.671192898302744, 9.672317472220636, 9.673441754959697, 9.674565746670666, 9.67568944750418, 9.676812857610702, 9.677935977140649, 9.679058806244269, 9.680181345071711, 9.681303593773007, 9.682425552498087, 9.683547221396731, 9.684668600618654, 9.685789690313385, 9.686910490630416, 9.688031001719054, 9.689151223728526, 9.690271156807945, 9.691390801106301, 9.692510156772475, 9.693629223955217, 9.694748002803177, 9.695866493464885, 9.696984696088755, 9.698102610823083, 9.699220237816062, 9.700337577215768, 9.701454629170158, 9.70257139382707, 9.703687871334232, 9.704804061839276, 9.705919965489683, 9.707035582432862, 9.708150912816057, 9.709265956786464, 9.710380714491116, 9.711495186076945, 9.712609371690776, 9.713723271479317, 9.714836885589161, 9.715950214166803, 9.71706325735859, 9.718176015310808, 9.719288488169578]}, {"gosnr_load_81": [9.131348667176308, 9.174935470302826, 9.113668693511789, 9.112709550907727, 9.116048567169138, 9.10949388898906, 9.115422886959873, 9.110609643974101, 9.17815659126253, 9.110666174927495, 9.219250390858813, 9.121037925465616, 9.155509288335411, 9.10939947763318, 9.10961151748042, 9.240571570022476, 9.152398956721319, 9.259256409353787, 9.166550365988398, 9.124823680344104, 9.114776798406826, 9.15883530807444, 9.10931031654057, 9.194207877387306, 9.118430229966275, 9.11374304495595, 9.135164960382383, 9.122048397147985, 9.109212784070056, 9.133206320847513, 9.345735700886085, 9.110137960211532, 9.185369497597266, 9.125612232736959, 9.119156168453241, 9.135236135995994, 9.128390150877458, 9.117501419306702, 9.272364983999756, 9.22662200738833, 9.170408356827192, 9.109260566128915, 9.206260233767448, 9.112999147489903, 9.144155746690078, 9.11170332336768, 9.157597141807019, 9.109197344222254, 9.111189968125599, 9.116359580764687, 9.144476623879775, 9.109768035185754, 9.117361696334513, 9.126327895428771, 9.120771884809656, 9.139412339761389, 9.13157174687044, 9.123177325983873, 9.11231916563352, 9.109894495768968, 9.215500408066497, 9.111152087621637, 9.123398153384803, 9.137231131224128, 9.110246561321954, 9.1467394868379, 9.114550873409241, 9.14948193998821, 9.166248137479865, 9.287517059382576, 9.150407731152123, 9.198363157709977, 9.119566444514136, 9.127914149564495, 9.14171722096349, 9.129586278912075, 9.111886872699465, 9.13948912318827, 9.179894343300493, 9.16240397401901, 9.191473882711605]}]}