{"tests_qot": [{"osnr_load_qot_27": [33.387438100170826, 33.39076956636228, 33.39187946211033, 33.3985326211201, 33.40406879795729, 33.40628120585749, 33.408492436836866, 33.409597611364205, 33.41070249212066, 33.41401537329271, 33.417325616022566, 33.41953098073849, 33.423938202590584, 33.4250392781924, 33.427240554622244, 33.43163961261623, 33.43932677654407, 33.441520499678774, 33.44371306526962, 33.44918942283091, 33.454658571831345, 33.45793660884291, 33.46012053082271, 33.46121206144741, 33.4623033053587, 33.47320000760233, 33.47428810736858]}, {"gosnr_load_qot_27": [33.29806899659422, 33.36484055118874, 33.348788472368184, 33.315407769287326, 33.33267143834948, 33.322969828891836, 33.31216248908714, 33.37763578328386, 33.31432630279562, 33.304579877395085, 33.336975693783984, 33.33051756559751, 33.3466432984664, 33.29372249479443, 33.35414635769859, 33.35949704445527, 33.29698281528102, 33.378700198588476, 33.316488942408014, 33.36697594761732, 33.36590839256006, 33.3251277843335, 33.31973070307183, 33.36270400891389, 33.34449696861898, 33.3294401924342, 33.309997500057406]}]}