{"tests": [{"osnr_load_27": [21.873108061407315, 21.89176441126275, 21.89797386579542, 21.935132972146334, 21.965971575378283, 21.978274750588056, 21.990559544107114, 21.996695059382027, 22.0028259932033, 22.021191352376785, 22.03951564540673, 22.051709087855894, 22.076041531610503, 22.082113327440403, 22.094243373045607, 22.118449407953623, 22.16063729764274, 22.172650792420917, 22.184646492067202, 22.214558123394085, 22.244359319794672, 22.262187260677393, 22.274050638190634, 22.279975765302606, 22.28589652387474, 22.34486480799763, 22.35073780271284]}, {"gosnr_load_27": [21.702387707824556, 22.00101875524314, 21.980063364133997, 21.70768079335241, 21.87905803871851, 21.821503940105664, 21.75113625480549, 22.13673381512427, 21.72206377935739, 21.76968053667858, 21.931899259306327, 21.828980959839658, 21.95667991471484, 21.72367461259799, 22.029242060588047, 22.045446485031114, 21.695364177315568, 22.144928739463552, 21.739840922930274, 22.03181782390699, 21.988187207332395, 21.83624262151424, 21.80601163130479, 22.03573107983818, 21.95875197428814, 21.828824183698693, 21.764408183630472]}]}