{"tests": [{"osnr_load_54": [22.072908410538233, 22.07404125042177, 22.07630604122318, 22.079701007331106, 22.081962839808526, 22.083093313031416, 22.08422349111572, 22.08535337421525, 22.086482962483707, 22.088741255141603, 22.089869959837838, 22.090998370316598, 22.092126486730976, 22.093254309233956, 22.095509073117043, 22.0977626631873, 22.100015080664292, 22.103391510930482, 22.10451640270716, 22.105641002247364, 22.10788932522446, 22.10901304896411, 22.110136481072807, 22.111259621701628, 22.11238247100155, 22.113505029123417, 22.11462729621796, 22.11687095792744, 22.119113457333516, 22.120234271548366, 22.121354795637842, 22.12247502975186, 22.123594974040227, 22.126953069447637, 22.128071855929058, 22.12919035333208, 22.130308561805823, 22.131426481499265, 22.13589527544586, 22.138127943602676, 22.14035946079705, 22.14147478815343, 22.142589828213104, 22.143704581123803, 22.14481904703314, 22.145933226088612, 22.149274043605192, 22.150387076717976, 22.151499823712708, 22.152612284736207, 22.155947953445853, 22.15705927205039, 22.15817030541611, 22.159281053689163]}, {"gosnr_load_54": [21.71246439465214, 21.683217134428393, 21.809677253144528, 21.808297352357968, 21.737673053033355, 21.669035524376806, 21.70465792136211, 21.79948839018746, 21.79672462549767, 21.799110810399824, 21.81527209285995, 21.717284262646604, 21.66059623300374, 21.793217538038533, 21.757612059966757, 21.758923894204155, 21.68070752868997, 21.729209237308464, 21.730777163307383, 21.692835625785097, 21.682271770722718, 21.701798420436653, 21.819544155470282, 21.85637206583232, 21.707597463456217, 21.69828661674165, 21.718526584358635, 21.766427939790326, 21.67646101373454, 21.671876605889008, 21.756371119564058, 21.710137860441794, 21.682081512666663, 21.762476842229272, 21.76951081141231, 21.70518545897266, 21.661863702448528, 21.697723383667437, 21.70372619271482, 21.67310887785057, 21.728619533724466, 21.743001829175856, 21.658810449006882, 21.7290375184619, 21.754473052681718, 21.723260217008082, 21.711929589899242, 21.685887641726573, 21.80874907242815, 21.773885507401772, 21.78779147244555, 21.716164614120885, 21.784574685877228, 21.69321734358144]}]}