{"tests": [{"osnr_load_81": [22.06950811109708, 22.07064184103097, 22.071775274126306, 22.072908410538222, 22.07404125042175, 22.075173793931807, 22.076306041223162, 22.077437992450484, 22.078569647768322, 22.079701007331096, 22.080832071293095, 22.08196283980851, 22.083093313031398, 22.0842234911157, 22.08535337421523, 22.086482962483693, 22.087612256074657, 22.08874125514159, 22.089869959837824, 22.09099837031658, 22.09212648673096, 22.093254309233934, 22.09438183797838, 22.09550907311702, 22.096636014802492, 22.097762663187286, 22.098889018423794, 22.100015080664278, 22.101140850060883, 22.102266326765644, 22.103391510930468, 22.10451640270714, 22.10564100224735, 22.106765309702638, 22.107889325224445, 22.109013048964098, 22.11013648107279, 22.111259621701613, 22.11238247100153, 22.113505029123395, 22.11462729621794, 22.115749272435785, 22.11687095792742, 22.117992352843242, 22.119113457333498, 22.120234271548348, 22.121354795637824, 22.122475029751847, 22.12359497404021, 22.1247146286526, 22.12583399373859, 22.126953069447623, 22.12807185592904, 22.12919035333207, 22.13030856180581, 22.131426481499254, 22.132544112561273, 22.133661455140636, 22.134778509385985, 22.135895275445844, 22.137011753468634, 22.138127943602658, 22.139243845996106, 22.140359460797036, 22.141474788153417, 22.142589828213094, 22.143704581123785, 22.14481904703312, 22.145933226088594, 22.147047118437598, 22.148160724227406, 22.14927404360518, 22.150387076717962, 22.15149982371269, 22.15261228473619, 22.15372445993517, 22.154836349456225, 22.155947953445832, 22.157059272050375, 22.158170305416096, 22.15928105368915]}, {"gosnr_load_81": [21.57893620529091, 21.621833651877974, 21.56084309452889, 21.55993104500763, 21.563117605235824, 21.556936562185317, 21.56310588825237, 21.55795361332339, 21.62337883101777, 21.558296037973935, 21.663413508927633, 21.56791449750418, 21.60275549389842, 21.55696409549721, 21.557194963519137, 21.686070772834135, 21.599696027658286, 21.7043231254693, 21.61208056391473, 21.57247223953863, 21.56190050023389, 21.606025439218357, 21.55678134714522, 21.639012235329393, 21.56611274626156, 21.561418567356824, 21.58270868341484, 21.569715769041146, 21.556710097976865, 21.580773165021316, 21.78871351704192, 21.557517238833373, 21.632063881796167, 21.572330175499488, 21.56610220233713, 21.581648860585048, 21.575016836930345, 21.564511404080594, 21.715183796566233, 21.67243689004716, 21.617391688220458, 21.556804595790545, 21.652521332687854, 21.56066862504585, 21.591579172906297, 21.559356100929968, 21.603369901965173, 21.556718963331924, 21.558496004247107, 21.564043998530593, 21.590616897362658, 21.55718016659323, 21.565045960371847, 21.57396424987715, 21.56844599574759, 21.58690188263947, 21.578097340458854, 21.569978176384808, 21.559981063471835, 21.55749506326282, 21.661561457883572, 21.55879419278729, 21.57105702830348, 21.58474914768153, 21.557862588642536, 21.594124748081953, 21.56223090568012, 21.596825211023972, 21.613307725619197, 21.731913912766117, 21.596379685329282, 21.644791458917958, 21.567245588799743, 21.57553632947652, 21.58917531426228, 21.57719222197619, 21.55915215835813, 21.58577460377868, 21.626696897968177, 21.609532165954384, 21.638044787795838]}]}