{"tests": [{"osnr_load_27": [10.789474234165628, 10.93113170446425, 10.97805026463348, 11.256410677677106, 11.484261555646745, 11.574357402053991, 11.66385785994959, 11.708385151042286, 11.752764002789888, 11.885011389140336, 12.01592827742165, 12.102469227830186, 12.273788743697253, 12.316252547869315, 12.400742235926959, 12.567975712791773, 12.855069581402267, 12.93580469526944, 13.015969357904147, 13.213899077140876, 13.408310650132762, 13.523283830602278, 13.599240210890873, 13.637011604119104, 13.674645551061177, 14.043496771612867, 14.07964040169444]}, {"gosnr_load_27": [10.879537586153258, 13.10057368177841, 12.751318502967873, 11.511988484349782, 12.198504746962255, 11.844229343365939, 11.426899156895052, 13.552945097357371, 11.484048786795455, 11.160789631938332, 12.377369434725171, 12.08740610249569, 12.66652361520563, 10.717361204157722, 12.947127472654415, 13.086546815627756, 10.833742067637488, 13.589199303614638, 11.570497801043105, 13.19766891692309, 13.093655547906536, 11.92610984282563, 11.725496135360391, 13.12981366981724, 12.613297523684427, 12.053861817938497, 11.357322316673777]}]}