{"tests": [{"osnr_load_54": [12.494815413666743, 12.495949880918618, 12.498217926454416, 12.501617774658234, 12.50388286186244, 12.50501496244758, 12.506146767893371, 12.507278278353635, 12.508409493982064, 12.510671041357613, 12.511801373411542, 12.51293141124722, 12.514061155017764, 12.515190604876148, 12.517448623467756, 12.519705468243503, 12.521961140422933, 12.525342452737076, 12.526468971861547, 12.527595198748786, 12.529846776417672, 12.530972127502075, 12.532097186954758, 12.533221954926816, 12.534346431569203, 12.53547061703278, 12.53659451146827, 12.538841427857367, 12.541087181940009, 12.542209623492003, 12.543331774917867, 12.544453636367512, 12.54557520799074, 12.548938185398168, 12.550058599211411, 12.551178723945496, 12.55229855974953, 12.553418106772504, 12.557893410029635, 12.560129332837155, 12.562364104679194, 12.563481059358264, 12.564597726739864, 12.565714106971726, 12.56683020020147, 12.567946006576584, 12.57129170604754, 12.57240636647693, 12.573520740787503, 12.574634829126081, 12.577975379776397, 12.579088325692974, 12.580200986369974, 12.58131336195354]}, {"gosnr_load_54": [12.132769354893682, 12.102932100627521, 12.232568626872178, 12.229794153836034, 12.158329651230249, 12.088683143425008, 12.12534851251949, 12.220907402171264, 12.218016999076426, 12.220762400423776, 12.237273557253442, 12.13749809270788, 12.080066843373968, 12.215824955345667, 12.178265053902425, 12.179913267759035, 12.100850195389551, 12.150091058268163, 12.151010522050862, 12.112713979721185, 12.102554676442999, 12.12239740515604, 12.241294902683784, 12.278782175988143, 12.127664093225967, 12.118505587118571, 12.138545891556126, 12.188118373555636, 12.096559988975663, 12.0915049979633, 12.177904848227064, 12.130618815924365, 12.102379268447867, 12.183204450361862, 12.190464309606444, 12.125188230773514, 12.081321842654624, 12.117986709144047, 12.123938466180713, 12.093125988973457, 12.149843424589033, 12.163925827518941, 12.078229351672018, 12.149584493618473, 12.175230504101869, 12.14340546975744, 12.132647792359245, 12.10567115412077, 12.231679584818249, 12.19568266797742, 12.210197971653685, 12.136157338388287, 12.2057620274851, 12.11374540786534]}]}