{"tests": [{"osnr_load_81": [12.491410232115976, 12.492545589420494, 12.493680649885682, 12.494815413666698, 12.495949880918571, 12.497084051796199, 12.498217926454371, 12.499351505047755, 12.500484787730887, 12.50161777465819, 12.502750465983969, 12.503882861862394, 12.505014962447534, 12.506146767893327, 12.507278278353589, 12.508409493982018, 12.50954041493219, 12.51067104135757, 12.511801373411496, 12.512931411247173, 12.514061155017718, 12.515190604876098, 12.516319760975183, 12.517448623467708, 12.518577192506301, 12.519705468243457, 12.52083345083156, 12.521961140422885, 12.523088537169576, 12.524215641223647, 12.525342452737029, 12.526468971861501, 12.527595198748742, 12.528721133550302, 12.529846776417626, 12.530972127502029, 12.532097186954715, 12.533221954926768, 12.534346431569157, 12.535470617032736, 12.536594511468223, 12.537718115026255, 12.53884142785732, 12.539964450111803, 12.541087181939961, 12.542209623491958, 12.54333177491782, 12.544453636367464, 12.54557520799069, 12.546696489937187, 12.54781748235651, 12.548938185398125, 12.550058599211365, 12.551178723945448, 12.552298559749481, 12.55341810677246, 12.554537365163261, 12.55565633507064, 12.556775016643233, 12.557893410029592, 12.559011515378115, 12.560129332837107, 12.561246862554762, 12.562364104679148, 12.563481059358217, 12.564597726739816, 12.56571410697168, 12.566830200201423, 12.567946006576538, 12.569061526244433, 12.57017675935236, 12.571291706047493, 12.572406366476885, 12.573520740787457, 12.574634829126035, 12.575748631639335, 12.576862148473944, 12.577975379776351, 12.579088325692926, 12.580200986369928, 12.581313361953494]}, {"gosnr_load_81": [11.996567153925973, 12.03999022397782, 11.9787629893348, 11.977816242008743, 11.981115269120775, 11.974659558012121, 11.980658208256612, 11.975748804800475, 12.042751879883129, 11.97588405811393, 12.083578809075464, 11.986054602769334, 12.020648212989046, 11.974598654641223, 11.974816001935267, 12.105280849073596, 12.017550025437455, 12.123858006678937, 12.031223490494266, 11.990055090252493, 11.979857794489872, 12.023960784946638, 11.97448368219071, 12.058697751602892, 11.983667197730261, 11.978975314129439, 12.00037365489905, 11.987283339829734, 11.974393326274736, 11.998420215272752, 12.20981541340522, 11.975286560963546, 12.050374417233567, 11.990587955289724, 11.984190851678855, 12.000133551038566, 11.99334240047908, 11.982552726124869, 12.136355519838807, 12.091409721524771, 12.035483835379344, 11.97445399446297, 12.071158465551191, 11.978229313011317, 12.009336679988392, 11.976928126391655, 12.022331695842887, 11.974384567005806, 11.976319030976539, 11.981595846184668, 12.009304532081238, 11.97492545983408, 11.98259851255594, 11.991556838273375, 11.986007925973468, 12.00460864752035, 11.996498056259476, 11.988174427180383, 11.977546842922347, 11.9751038598326, 12.080349153802445, 11.976373627424127, 11.988631557382446, 12.002433978661394, 11.975460388485244, 12.011911454762359, 11.979784861655908, 12.014643985139124, 12.03134211508609, 12.151951533101332, 12.0151928349474, 12.063302652862038, 11.98480315701132, 11.99314013217408, 12.00690624415261, 11.99480878497668, 11.977005131030456, 12.00435403788349, 12.044925749767895, 12.027514535269557, 12.056448483692712]}]}