{"tests_qot": [{"osnr_load_qot_27": [10.032893348490987, 10.194662010235835, 10.248205884838379, 10.565493266300487, 10.824701739661911, 10.927065260446865, 11.028676143527782, 11.079199717424038, 11.129535591663968, 11.279418729122845, 11.427619026469127, 11.525486988787856, 11.718993508750476, 11.766907068213865, 11.86218027455707, 12.050518634369588, 12.373075646189072, 12.463602614300422, 12.553409171873529, 12.774792933608294, 12.99174002867673, 13.119799804138951, 13.204301558007066, 13.246292327389707, 13.288110290708012, 13.696888101081345, 13.73683627782723]}, {"gosnr_load_qot_27": [10.15758871411153, 12.651219350652026, 12.274505334893853, 10.891614674391096, 11.659179158239601, 11.259700654370663, 10.7868562271357, 13.128625972895861, 10.857200666906516, 10.475729657865864, 11.856504911074774, 11.53885690828215, 12.1815644334927, 9.966769014937594, 12.488643115955874, 12.6405037579086, 10.105289948547014, 13.167798334320914, 10.95481127756515, 12.756593522385295, 12.64221722506374, 11.352019750039563, 11.124744910600025, 12.68602517746235, 12.121230627312444, 11.500315254889966, 10.704385156292268]}]}