{"tests_qot": [{"osnr_load_qot_54": [11.973330074915111, 11.97446456497197, 11.976732656117733, 11.98013257273648, 11.982397705550628, 11.983529828940735, 11.984661657191493, 11.98579319045672, 11.986924428890113, 11.989186021875582, 11.990316376734462, 11.991446437375096, 11.992576203950591, 11.993705676613928, 11.995963740815426, 11.998220631201061, 12.00047634899037, 12.003857729719316, 12.004984271648718, 12.006110521340887, 12.008362144619621, 12.009487518508948, 12.01061260076655, 12.011737391543523, 12.012861890990829, 12.01398609925932, 12.015110016499719, 12.017356978498634, 12.019602778191087, 12.020725242547988, 12.021847416778748, 12.022969301033292, 12.024090895461413, 12.027453941283522, 12.02857437790165, 12.029694525440622, 12.030814384049542, 12.031933953877402, 12.036409348354042, 12.038645316771301, 12.040880134223071, 12.041997111707008, 12.04311380189347, 12.044230204930193, 12.045346320964791, 12.046462150144768, 12.049807918030279, 12.05092260126452, 12.052036998379936, 12.053151109523357, 12.056491728588199, 12.057604697309605, 12.058717380791444, 12.05982977917984]}, {"gosnr_load_qot_54": [11.608760521466486, 11.57872796839587, 11.709444796012056, 11.706143220551748, 11.634429594145585, 11.564467083964043, 11.601493276153036, 11.697235686965906, 11.694300029765191, 11.697179173721794, 11.713806942679225, 11.613450088338162, 11.555791813274318, 11.692609734613775, 11.654344221431408, 11.656118574026788, 11.576810444019506, 11.626284527547405, 11.626956851766998, 11.588562488043273, 11.578566540436455, 11.598510224457861, 11.717729062798213, 11.755429562626453, 11.603569692366115, 11.594477852020134, 11.614423016006485, 11.66458194890388, 11.57250775814459, 11.567278941460245, 11.654318873781717, 11.606678887911478, 11.578396939393876, 11.659307130837636, 11.666645679352605, 11.601071971239216, 11.557040881470622, 11.593976315269167, 11.599902956629757, 11.569045962207891, 11.626167052590775, 11.640121881853073, 11.553936444891022, 11.625651292671943, 11.651352299944492, 11.61932571305488, 11.608795999934165, 11.581490418090397, 11.70857150581947, 11.67217938238817, 11.686911943011056, 11.612026678506606, 11.682017215836263, 11.589839621174056]}]}