{"tests_qot": [{"osnr_load_qot_81": [11.96992482494943, 11.971060205058935, 11.972195288329111, 11.973330074915111, 11.97446456497197, 11.975598758654577, 11.976732656117733, 11.977866257516094, 11.978999563004205, 11.98013257273648, 11.981265286867231, 11.982397705550628, 11.983529828940735, 11.984661657191493, 11.98579319045672, 11.986924428890113, 11.988055372645247, 11.989186021875582, 11.990316376734462, 11.991446437375096, 11.992576203950591, 11.993705676613928, 11.994834855517958, 11.995963740815426, 11.997092332658966, 11.998220631201061, 11.999348636594105, 12.00047634899037, 12.001603768541994, 12.002730895401001, 12.003857729719316, 12.004984271648718, 12.006110521340887, 12.007236478947373, 12.008362144619621, 12.009487518508948, 12.01061260076655, 12.011737391543523, 12.012861890990829, 12.01398609925932, 12.015110016499719, 12.016233642862666, 12.017356978498634, 12.018480023558025, 12.019602778191087, 12.020725242547988, 12.021847416778748, 12.022969301033292, 12.024090895461413, 12.025212200212803, 12.02633321543702, 12.027453941283522, 12.02857437790165, 12.029694525440622, 12.030814384049542, 12.031933953877402, 12.033053235073082, 12.034172227785335, 12.035290932162809, 12.036409348354042, 12.037527476507439, 12.038645316771301, 12.039762869293822, 12.040880134223071, 12.041997111707008, 12.04311380189347, 12.044230204930193, 12.045346320964791, 12.046462150144768, 12.047577692617518, 12.048692948530293, 12.049807918030279, 12.05092260126452, 12.052036998379936, 12.053151109523357, 12.054264934841502, 12.055378474480953, 12.056491728588199, 12.057604697309605, 12.058717380791444, 12.05982977917984]}, {"gosnr_load_qot_81": [11.471672832737326, 11.515254513151598, 11.453994922371269, 11.45303589146163, 11.456374518780164, 11.449820603834473, 11.45574891147557, 11.450936228981021, 11.51847525349246, 11.450992753355125, 11.559564172450214, 11.461363295337396, 11.495830620674578, 11.44972620346354, 11.44993821863917, 11.58088280108198, 11.492720654681394, 11.599565394934972, 11.506870398327461, 11.465148608365896, 11.455102898194166, 11.499156249148669, 11.44963705274479, 11.534524638727909, 11.458755903968289, 11.454069265155997, 11.475488679468981, 11.462373649121421, 11.449539531621895, 11.473530269127574, 11.68603416694469, 11.450464600111543, 11.525687306500714, 11.465937068675293, 11.45948175780887, 11.47555984675191, 11.46871466229032, 11.457827201589932, 11.612672388462952, 11.566934908570683, 11.510727934138512, 11.44958730812148, 11.546575563171187, 11.453325454322199, 11.484478412377772, 11.452029781072646, 11.497918228571145, 11.449524093570453, 11.451516485588012, 11.456685496132298, 11.484799251931816, 11.450094718132327, 11.457687494904704, 11.466652647780895, 11.461097285717583, 11.479735561478613, 11.471895886343788, 11.463502446205325, 11.452645551641641, 11.450221164000292, 11.55581463695386, 11.451478609493277, 11.463723247830526, 11.477554608422265, 11.450573188583839, 11.487061849399998, 11.454876999515006, 11.489803980607103, 11.506568205447964, 11.62782263029117, 11.490729663044249, 11.5386794258117, 11.459891986024203, 11.46823871660012, 11.482040172574802, 11.469910650525417, 11.452213309036534, 11.479812335909656, 11.520212800074358, 11.50272449495066, 11.531790968324774]}]}