{"tests_qot": [{"osnr_load_qot_27": [5.2475615936474265, 5.596947210430383, 5.712006584984566, 6.387509123136309, 6.930819505104969, 7.14312075041884, 7.352544338170139, 7.456176191579983, 7.55908788378029, 7.863502563387418, 8.161442848604604, 8.356480331891712, 8.737973893061042, 8.831566564617686, 9.01662535638779, 9.37828669471688, 9.984424693231645, 10.151448789729308, 10.315778734609962, 10.714988792794314, 11.097962219239825, 11.320151877117294, 11.465181821221616, 11.536780517463292, 11.607774111917823, 12.285409936410028, 12.350043995918385]}, {"gosnr_load_qot_27": [5.6621578169961415, 10.219878420280494, 9.888754762202419, 7.323041370496113, 8.803361188973698, 8.016755076193164, 7.045678371684484, 10.473415459504487, 7.23186151274723, 6.329696895425325, 9.149503512511911, 8.60731427434198, 9.74148955996647, 5.211736783368325, 10.208593021446344, 10.387308123955902, 5.548763206550303, 10.516008925781419, 7.430803525894029, 10.363144736819784, 10.157235319043087, 8.200244085149233, 7.73830330747788, 10.378615793721721, 9.632403106962387, 8.526441585660304, 6.84864329126242]}]}