{"tests_qot": [{"osnr_load_qot_54": [9.26871800606875, 9.269852578981308, 9.272120835838452, 9.27552100102423, 9.277786299549705, 9.278918505795476, 9.280050416901883, 9.281182033022759, 9.282313354311784, 9.284575113008524, 9.285705550723026, 9.286835694219283, 9.287965543650392, 9.289095099169346, 9.291353329082042, 9.293610385178862, 9.295866268679324, 9.299247897974984, 9.300374522759938, 9.301500855307658, 9.303752644297482, 9.30487810104234, 9.30600326615548, 9.307128139787972, 9.308252722090808, 9.309377013214807, 9.31050101331072, 9.31274814102064, 9.314994106424082, 9.316116653636463, 9.3172389107227, 9.318360877832715, 9.319482555116299, 9.322845849504791, 9.323966368978363, 9.32508659937277, 9.326206540837132, 9.32732619352042, 9.331801919418739, 9.334038053546806, 9.33627303670935, 9.33739009704867, 9.338506870090518, 9.339623355982612, 9.340739554872584, 9.34185546690792, 9.345201483359492, 9.346316249449073, 9.347430729419827, 9.348544923418586, 9.35188579104939, 9.352998842626105, 9.354111608963244, 9.355224090206942]}, {"gosnr_load_qot_54": [8.905896964052575, 8.875971236394596, 9.00609187800849, 9.003090674090826, 8.931507947507548, 8.861714961981201, 8.898540914100275, 8.99419358895982, 8.991283298711778, 8.994086554279393, 9.010650398968847, 8.910609619574398, 8.853072018049774, 8.989306314693653, 8.951437555033428, 8.953140183566195, 8.873959586436808, 8.923308221506257, 8.92412172238266, 8.885777228665583, 8.875686491213814, 8.895575634113547, 9.014629786056785, 9.052214601492345, 8.90075417131139, 8.891622867284974, 8.911625435810786, 8.961457461085361, 8.869663360333881, 8.864532958618952, 8.951221056882725, 8.903775674729017, 8.875513549300296, 8.95638782285744, 8.963682608846616, 8.898268539576016, 8.854324663541917, 8.891111354245126, 8.89705325074736, 8.866216897110169, 8.923116429888378, 8.93714626333418, 8.851226568740948, 8.922747193878214, 8.948420830599737, 8.916504283841164, 8.90584280626297, 8.878720758100435, 9.005209456710126, 8.969037174691556, 8.983648042004154, 8.9092331687537, 8.979014433480776, 8.886914308161153]}]}