{"tests_qot": [{"osnr_load_qot_81": [9.265312507535942, 9.266447970501158, 9.267583136627044, 9.26871800606875, 9.269852578981308, 9.270986855519611, 9.272120835838452, 9.273254520092497, 9.274387908436283, 9.27552100102423, 9.276653798010646, 9.277786299549705, 9.278918505795476, 9.280050416901883, 9.281182033022759, 9.282313354311784, 9.28344438092256, 9.284575113008524, 9.285705550723026, 9.286835694219283, 9.287965543650392, 9.289095099169346, 9.290224360928974, 9.291353329082042, 9.292482003781183, 9.293610385178862, 9.294738473427481, 9.295866268679324, 9.296993771086521, 9.298120980801105, 9.299247897974984, 9.300374522759938, 9.301500855307658, 9.302626895769698, 9.303752644297482, 9.30487810104234, 9.30600326615548, 9.307128139787972, 9.308252722090808, 9.309377013214807, 9.31050101331072, 9.311624722529174, 9.31274814102064, 9.313871268935522, 9.314994106424082, 9.316116653636463, 9.3172389107227, 9.318360877832715, 9.319482555116299, 9.320603942723157, 9.321725040802823, 9.322845849504791, 9.323966368978363, 9.32508659937277, 9.326206540837132, 9.32732619352042, 9.328445557571523, 9.329564633139203, 9.330683420372099, 9.331801919418739, 9.33292013042754, 9.334038053546806, 9.335155688924711, 9.33627303670935, 9.33739009704867, 9.338506870090518, 9.339623355982612, 9.340739554872584, 9.34185546690792, 9.342971092236024, 9.344086431004154, 9.345201483359492, 9.346316249449073, 9.347430729419827, 9.348544923418586, 9.349658831592052, 9.350772454086824, 9.35188579104939, 9.352998842626105, 9.354111608963244, 9.355224090206942]}, {"gosnr_load_qot_81": [8.769293721126303, 8.812791470321088, 8.751541091862132, 8.750588928153173, 8.753905453910104, 8.747406607329987, 8.753375952959674, 8.748507343893952, 8.81575066315887, 8.74860881226636, 8.856696323036132, 8.758866759197783, 8.793411364297006, 8.747331311632964, 8.747546401952027, 8.878237088205413, 8.79030765010261, 8.896862391712343, 8.804187689605804, 8.7627754555305, 8.752641716538502, 8.796730044510893, 8.747227409488792, 8.831743411115816, 8.756384536717299, 8.75169420087763, 8.77310480873293, 8.760001910494834, 8.747133963381748, 8.771148940276065, 8.983052817964873, 8.748041000964506, 8.823198113416794, 8.763418149124094, 8.756995090963876, 8.772998322554411, 8.76618294818252, 8.755349664390408, 8.909623521384551, 8.864330861218267, 8.808275726999574, 8.74718910512746, 8.84403008395575, 8.750949028333977, 8.782080654629675, 8.749650013947637, 8.795268623321915, 8.747122335012856, 8.74908196247988, 8.754313279365983, 8.782200067038122, 8.747676075333038, 8.75531580961433, 8.764278413376282, 8.758725897223233, 8.777345545358138, 8.769350057521518, 8.760995200604913, 8.750267558300152, 8.747832193607636, 8.85324295762108, 8.749096860580366, 8.761350923795003, 8.775167850016944, 8.748186841705731, 8.784659537990422, 8.752503091314566, 8.787396604059456, 8.80412564497033, 8.925030579472189, 8.788107340059216, 8.836155754028564, 8.757520719350943, 8.765863137074788, 8.779646500765036, 8.76753344997401, 8.749772769873577, 8.777233186894867, 8.817737520708945, 8.800290557923544, 8.82928581455698]}]}