{"tests": [{"osnr_load_27": [16.86643469756023, 16.912438716218112, 16.92773135924179, 17.019047647932442, 17.09457167458133, 17.124636219653414, 17.154618170728472, 17.169578236217962, 17.184517728471114, 17.229213016966945, 17.273724050925296, 17.303296045380144, 17.362196073390862, 17.376870402265425, 17.406158422869442, 17.464492622571612, 17.56580578137556, 17.59457298991149, 17.623260832968455, 17.694634547793274, 17.765516667396387, 17.80781129380613, 17.83591036596628, 17.849930774663513, 17.863931799002454, 18.002881497754, 18.016670972830116]}, {"gosnr_load_27": [16.762781322134447, 17.51952698154214, 17.405740260427017, 16.904920431867904, 17.193929947774272, 17.06767958746711, 16.919753292845922, 17.748629378216258, 16.909884674082086, 16.875054678261314, 17.27734923841605, 17.12880870649625, 17.366678728845756, 16.74249458575003, 17.493065533432052, 17.542847544613608, 16.747405592830702, 17.764622610127528, 16.94288138419402, 17.567936553966767, 17.509878148003, 17.09778564996858, 17.02889670672413, 17.549339549510808, 17.355098161221928, 17.120960076086988, 16.9145239128879]}]}