{"tests": [{"osnr_load_54": [17.412300700618715, 17.413434744056328, 17.415701941963853, 17.419100518725863, 17.421364758302595, 17.422496435074123, 17.423627816706382, 17.42475890335319, 17.425889695168248, 17.4281503949173, 17.42928030315809, 17.430409917180725, 17.4315392371383, 17.432668263183796, 17.43492543414987, 17.437181431300406, 17.43943625585495, 17.442816296732367, 17.443942392044757, 17.445068195119998, 17.447318925165124, 17.44844385243777, 17.44956848807878, 17.450692832239238, 17.45181688507011, 17.452940646722247, 17.454064117346388, 17.456310186113015, 17.458555092573516, 17.45967711031456, 17.460798837929552, 17.461920275568406, 17.463041423380922, 17.46640312935671, 17.467523119359566, 17.468642820283343, 17.469762232277155, 17.47088135548999, 17.47535496350735, 17.47759003869547, 17.479823962918427, 17.480940493788076, 17.48205673736034, 17.48317269378295, 17.484288363203515, 17.485403745769542, 17.48874817381369, 17.489862410434306, 17.49097636093619, 17.492090025466155, 17.49542930469113, 17.496541826799415, 17.497654063668207, 17.49876601544365]}, {"gosnr_load_54": [17.04629719204221, 17.01628629616889, 17.14690775910519, 17.143608627790165, 17.071947635143488, 17.002035643317257, 17.039035201047938, 17.134707679167033, 17.131774189218273, 17.134651207657704, 17.151266673641288, 17.050983363624923, 16.993366580362657, 17.130085141265052, 17.091847733209583, 17.093620788048163, 17.01437014948942, 17.063808491828134, 17.06448032753806, 17.026113740380293, 17.01612498421516, 17.036054303598405, 17.15518588489577, 17.192858289620247, 17.04111011687972, 17.032024840836264, 17.051955586425784, 17.102077965539287, 17.010070552783397, 17.004845486081237, 17.091822404095264, 17.044217064435138, 17.015955505046986, 17.096807011425025, 17.104140182970895, 17.03861420047406, 16.994614755530748, 17.031523665794992, 17.03744603017651, 17.006611240068576, 17.06369110222085, 17.077635776691487, 16.991512538011563, 17.06317571699098, 17.08885799880659, 17.056854729162104, 17.046332644836905, 17.019046760038307, 17.14603511558703, 17.10966982544265, 17.124391550253225, 17.049560984742268, 17.11950042723021, 17.027389953503686]}]}