{"tests": [{"osnr_load_81": [17.408896790511236, 17.41003172400125, 17.411166360652018, 17.412300700618697, 17.413434744056307, 17.41456849111976, 17.41570194196383, 17.4168350967432, 17.41796795561239, 17.41910051872584, 17.42023278623784, 17.421364758302577, 17.4224964350741, 17.42362781670636, 17.42475890335317, 17.425889695168227, 17.427020192305108, 17.428150394917274, 17.42928030315807, 17.4304099171807, 17.431539237138274, 17.43266826318377, 17.433796995470054, 17.43492543414985, 17.436053579375795, 17.437181431300385, 17.43830899007601, 17.439436255854925, 17.44056322878929, 17.441689909031126, 17.442816296732346, 17.443942392044733, 17.445068195119976, 17.446193706109618, 17.4473189251651, 17.448443852437748, 17.449568488078757, 17.450692832239213, 17.451816885070087, 17.452940646722226, 17.454064117346366, 17.455187297093122, 17.456310186112994, 17.457432784556364, 17.458555092573494, 17.45967711031454, 17.460798837929527, 17.46192027556838, 17.4630414233809, 17.464162281516764, 17.46528285012554, 17.46640312935669, 17.46752311935954, 17.468642820283318, 17.469762232277134, 17.47088135548997, 17.472000190070702, 17.473118736168097, 17.474236993930795, 17.47535496350733, 17.476472645046112, 17.477590038695446, 17.47870714460352, 17.479823962918402, 17.480940493788054, 17.482056737360324, 17.48317269378293, 17.484288363203493, 17.485403745769517, 17.486518841628392, 17.48763365092739, 17.48874817381367, 17.489862410434284, 17.490976360936166, 17.492090025466133, 17.493203404170902, 17.49431649719707, 17.495429304691108, 17.496541826799394, 17.497654063668186, 17.49876601544363]}, {"gosnr_load_81": [16.90930715430554, 16.952858123715583, 16.891641613624074, 16.890683252335037, 16.894019547897837, 16.887470208628415, 16.893394377664727, 16.888585055378208, 16.956076582231006, 16.888641540308658, 16.99713624168635, 16.89900483686642, 16.933447956856046, 16.887375874113573, 16.887587741380038, 17.01843957993204, 16.93034018278446, 17.03710871224082, 16.944479940932503, 16.90278750095938, 16.892748815645113, 16.936771239672307, 16.887286785587314, 16.97211457157861, 16.896399268790027, 16.891715904494546, 16.913120324382987, 16.900014483837655, 16.887189332494728, 16.911163288076715, 17.12351442082153, 16.888113755599175, 16.963283519517386, 16.90357540921938, 16.897124615166486, 16.913191441722763, 16.906351057272758, 16.895471215569106, 17.05020622706489, 17.004501699765665, 16.948334748829556, 16.887237075665826, 16.98415691154102, 16.890972613030772, 16.922103742078388, 16.889677844279987, 16.9355340925147, 16.88717390521267, 16.889164907048112, 16.89433030796674, 16.92242435600377, 16.88774413168907, 16.895331606526028, 16.904290487217477, 16.898739013311523, 16.917364224620837, 16.90953005151405, 16.90114249105507, 16.89029318501827, 16.887870489337384, 16.993389387726566, 16.889127057387185, 16.901363138152156, 16.91518480319403, 16.8882222683044, 16.924685361839643, 16.892523074747878, 16.927425562973703, 16.94417796165096, 17.065345476877656, 16.92835059358618, 16.97626640168641, 16.897534556542663, 16.905875445046348, 16.91966721641005, 16.907546207396486, 16.88986124414091, 16.917440945121083, 16.957812897096026, 16.94033696669482, 16.969382845196638]}]}