{"tests": [{"osnr_load_27": [9.147892875925615, 9.336085862180488, 9.398324953647236, 9.76659340136634, 10.06672195331036, 10.185054406880113, 10.30240603087501, 10.36071440881447, 10.418778056603964, 10.591502529886325, 10.762031829064343, 10.874501732828183, 11.096532510925892, 11.151435967306755, 11.260520154350592, 11.475807975285546, 11.843388304297713, 11.946284480965897, 12.048242666064136, 12.299062564794927, 12.54411739924928, 12.688414698627078, 12.783483784932383, 12.830681597324475, 12.877655832903725, 13.335257921087962, 13.379820298302786]}, {"gosnr_load_27": [9.316905396090352, 12.158917886747641, 11.752414256247665, 10.184446552328065, 11.057717623210316, 10.599544346826082, 10.053975446550643, 12.657800951901773, 10.141566023883131, 9.683914998210216, 11.278580212454493, 10.925703469186825, 11.649435132578695, 9.088690423616534, 11.988791103925571, 12.154991492781523, 9.256023577995872, 12.700138533613348, 10.25382921276668, 12.27390151518335, 12.14662351308845, 10.70545905524407, 10.44337718089491, 12.202061970469709, 11.580067623633838, 10.880660568029501, 9.954651012297187]}]}