{"tests": [{"osnr_load_54": [11.393496113701149, 11.394630626098206, 11.396898761924351, 11.400298745563672, 11.402563923058189, 11.403696068788477, 11.404827919379422, 11.405959474984826, 11.407090735758395, 11.409352373424213, 11.41048275062327, 11.411612833604071, 11.412742622519739, 11.41387211752324, 11.41613022640507, 11.418387161471028, 11.420642923940648, 11.42402437169006, 11.425150935959609, 11.426277207991928, 11.428528875950956, 11.429654272180423, 11.430779376778169, 11.43190418989528, 11.433028711682724, 11.434152942291352, 11.435276881871888, 11.437523888551064, 11.439769732923779, 11.4408922196208, 11.442014416191684, 11.443136322786353, 11.444257939554594, 11.447621052397057, 11.448741511355298, 11.449861681234381, 11.450981562183408, 11.452101154351379, 11.456576638188437, 11.458812651285895, 11.461047513417856, 11.462164513241884, 11.463281225768437, 11.464397651145251, 11.46551378951994, 11.46662964104, 11.469975475945763, 11.47109018152008, 11.472204600975575, 11.473318734459074, 11.476659420544133, 11.47777241160561, 11.478885117427515, 11.479997538155974]}, {"gosnr_load_54": [11.028998300089423, 10.998964663338388, 11.12968626284426, 11.126384565081619, 11.054668304957785, 10.984703266941878, 11.021730791860413, 11.117476701991873, 11.114540936344497, 11.117420186659404, 11.13404857124381, 11.033688036854695, 10.976027685632012, 11.112850578784826, 11.074583659261526, 11.07635807679462, 10.997047070025179, 11.046522941969146, 11.047195290632866, 11.008799537025045, 10.998803229574314, 11.018747632371218, 11.137970836919372, 11.17567274260286, 11.02380728314952, 11.014715114339404, 11.03466099979322, 11.084821761779446, 10.992744229575289, 10.98751522525053, 11.07455831068436, 11.026916591179774, 10.998633622433413, 11.079546750366887, 11.086885567937305, 11.021309471718046, 10.977276798513271, 11.014213559489242, 11.020140414860954, 10.98928230938391, 11.046405462741788, 11.06036080013192, 10.97417225089731, 11.045889684074208, 11.071591628336417, 11.039563874692602, 11.029033779841724, 11.001727212399175, 11.128812940292793, 11.09241947415761, 11.10715257698985, 11.03226457543646, 11.102257669468028, 11.010076716191017]}]}