{"tests": [{"osnr_load_81": [11.390090796714816, 11.391226199164525, 11.392361304774898, 11.393496113701097, 11.394630626098154, 11.39576484212096, 11.396898761924303, 11.398032385662855, 11.399165713491158, 11.40029874556362, 11.40143148203456, 11.402563923058139, 11.40369606878843, 11.404827919379372, 11.405959474984773, 11.407090735758345, 11.408221701853655, 11.409352373424166, 11.410482750623217, 11.41161283360402, 11.412742622519687, 11.413872117523189, 11.415001318767386, 11.41613022640502, 11.417258840588723, 11.418387161470982, 11.419515189204175, 11.420642923940598, 11.42177036583238, 11.422897515031538, 11.424024371690006, 11.425150935959563, 11.426277207991877, 11.42740318793851, 11.428528875950905, 11.429654272180372, 11.43077937677812, 11.431904189895228, 11.433028711682674, 11.4341529422913, 11.435276881871836, 11.436400530574915, 11.437523888551013, 11.438646955950533, 11.439769732923725, 11.440892219620748, 11.442014416191634, 11.443136322786302, 11.444257939554541, 11.445379266646052, 11.446500304210383, 11.447621052397007, 11.44874151135525, 11.44986168123433, 11.450981562183358, 11.452101154351325, 11.453220457887115, 11.454339472939473, 11.455458199657052, 11.45657663818839, 11.457694788681884, 11.458812651285847, 11.45993022614846, 11.461047513417803, 11.462164513241834, 11.46328122576839, 11.464397651145202, 11.465513789519893, 11.46662964103995, 11.467745205852786, 11.468860484105644, 11.469975475945711, 11.47109018152003, 11.472204600975523, 11.473318734459026, 11.474432582117245, 11.475546144096766, 11.476659420544085, 11.47777241160556, 11.478885117427467, 11.479997538155926]}, {"gosnr_load_81": [10.891905725155693, 10.935488942257203, 10.874227195850668, 10.873268131435434, 10.876606875427315, 10.87005273152997, 10.875981246253106, 10.871168395624897, 10.93870979677427, 10.871224921972626, 10.97980017980185, 10.881595826492077, 10.91606436298973, 10.869958327863827, 10.870170350440336, 11.00111957352911, 10.912954287319296, 11.019802840968927, 10.9271045306105, 10.885381272064743, 10.875335210392052, 10.919390108833635, 10.869869174033171, 10.954759752229243, 10.878988343891347, 10.874301541233013, 10.895721705818707, 10.882606215642717, 10.869771649506266, 10.893763226724891, 11.106274768566681, 10.87069675028883, 10.945922105759267, 10.88616975999692, 10.87971422312377, 10.895792875600636, 10.888947450961627, 10.878059609031279, 11.032910308792253, 10.98717118002295, 10.9309622029186, 10.869819427673495, 10.96681110621785, 10.87355770441166, 10.90471175472125, 10.872261985903995, 10.918152044552745, 10.86975621091596, 10.871748672493588, 10.876917863651588, 10.905032605565061, 10.870326855396701, 10.877919897460359, 10.886885364176337, 10.881329807562182, 10.899968737026915, 10.89212878658782, 10.883735052248989, 10.872877777980289, 10.870453305678877, 10.97605051012791, 10.871710795076194, 10.883955861606275, 10.89778770733258, 10.870805342552256, 10.907295282673687, 10.875109303818004, 10.910037510455815, 10.926802327043175, 11.048061100640258, 10.910963225508308, 10.9589146872724, 10.880124465691601, 10.888471488585962, 10.902273429148234, 10.890143481133148, 10.87244552027773, 10.900045514156492, 10.940447404987887, 10.922958480668012, 10.952025984552414]}]}