{"tests": [{"osnr_load_27": [19.264169545802833, 19.293570316505406, 19.303351274045163, 19.36183510167141, 19.410308346387687, 19.429630940976274, 19.44891554291664, 19.458543622335448, 19.468162234408744, 19.496961369102912, 19.525675666572944, 19.54477153610669, 19.582850853497643, 19.592347321094476, 19.61131229339695, 19.649130670746423, 19.714956576132618, 19.733681091329547, 19.75236891595534, 19.798928483867183, 19.845260491898205, 19.872950987884977, 19.891366189390748, 19.90056028125426, 19.909745380444313, 20.001103956493502, 20.01019079011805]}, {"gosnr_load_27": [19.124733868202426, 19.609214581600437, 19.548114375740894, 19.185462944650588, 19.40246585629858, 19.317497104469872, 19.21654027346286, 19.782087330760852, 19.195770028060135, 19.209077386202026, 19.467078104430552, 19.34703234032505, 19.518600343939994, 19.12885449181997, 19.612444820952874, 19.642797393763697, 19.114456766482448, 19.79342212387747, 19.219473267539843, 19.646749739017064, 19.598254495036358, 19.33831515978896, 19.292692901896544, 19.64054014614649, 19.514835288035794, 19.34369276128822, 19.222063545779495]}]}