{"tests": [{"osnr_load_54": [19.600923768817047, 19.602057402487066, 19.60432378085988, 19.60772112832099, 19.609984548364576, 19.611115815369764, 19.61224678723584, 19.613377464116624, 19.61450784616581, 19.616767726383596, 19.61789722485899, 19.61902642911638, 19.620155339308873, 19.62128395558944, 19.62354030702613, 19.625795484647902, 19.628049489674307, 19.6314283012607, 19.632553986809732, 19.633679380121766, 19.635929290640952, 19.63705380815086, 19.63817803402929, 19.639301968427326, 19.640425611495935, 19.641548963385965, 19.642672024248153, 19.644917273491348, 19.647161360429042, 19.648282968408918, 19.649404286262893, 19.650525314140893, 19.651646052192714, 19.65500652888735, 19.656126109130124, 19.65724540029399, 19.658364402528044, 19.659483115981278, 19.663955084961795, 19.666189340632435, 19.66842244533854, 19.669538566449997, 19.67065440026423, 19.671769946928958, 19.6728852065918, 19.67400017940026, 19.677343378172655, 19.67845720503633, 19.679570745781433, 19.680684000554777, 19.68402205051081, 19.6851341628631, 19.68624598997605, 19.687357531995808]}, {"gosnr_load_54": [19.246949671544066, 19.217958055828333, 19.34295997414769, 19.34237291572003, 19.272028158894905, 19.20377554089306, 19.238900887589118, 19.333583200274546, 19.33088391333343, 19.333071625603015, 19.349079264269896, 19.25183515595215, 19.195414076355743, 19.326615394043568, 19.292025559264616, 19.293148827542577, 19.215196916841034, 19.26341176713295, 19.26535480739709, 19.22750992744272, 19.216685334455473, 19.236085755762613, 19.353506856420992, 19.390064235581846, 19.242205369522516, 19.23278138637214, 19.253192182354596, 19.300273480001955, 19.21096357326092, 19.206635503085522, 19.290277710056806, 19.24451600405891, 19.21648605710596, 19.29686147216145, 19.30378627509951, 19.239823126178596, 19.196692187795712, 19.232191221475304, 19.23823999565562, 19.207648929516704, 19.262624890933076, 19.277219113455825, 19.193652917667293, 19.263430973484148, 19.288817953897993, 19.257867096948615, 19.246177131255124, 19.220596804092448, 19.342006778040567, 19.307691236746805, 19.32128863081942, 19.250838784286397, 19.318759337495138, 19.227521255536196]}]}