{"tests": [{"osnr_load_81": [19.597521088013284, 19.598655611735236, 19.5997898386181, 19.600923768817026, 19.60205740248705, 19.603190739783063, 19.604323780859858, 19.6054565258721, 19.606588974974333, 19.60772112832097, 19.60885298606632, 19.609984548364558, 19.611115815369747, 19.612246787235822, 19.613377464116603, 19.614507846165793, 19.615637933536966, 19.61676772638358, 19.61789722485897, 19.61902642911636, 19.62015533930885, 19.62128395558942, 19.622412278110925, 19.62354030702611, 19.624668042487595, 19.625795484647885, 19.626922633659362, 19.62804948967429, 19.629176052844823, 19.630302323322983, 19.631428301260684, 19.63255398680971, 19.633679380121748, 19.63480448134834, 19.635929290640934, 19.637053808150846, 19.638178034029274, 19.639301968427308, 19.640425611495914, 19.641548963385947, 19.642672024248135, 19.643794794233095, 19.64491727349133, 19.646039462173214, 19.647161360429024, 19.6482829684089, 19.64940428626288, 19.650525314140875, 19.651646052192696, 19.652766500568013, 19.653886659416408, 19.655006528887327, 19.656126109130106, 19.657245400293974, 19.658364402528026, 19.65948311598126, 19.66060154080255, 19.661719677140653, 19.66283752514422, 19.663955084961778, 19.665072356741742, 19.666189340632414, 19.667306036781984, 19.66842244533852, 19.66953856644998, 19.67065440026421, 19.67176994692894, 19.672885206591783, 19.67400017940024, 19.675114865501705, 19.67622926504345, 19.677343378172637, 19.678457205036313, 19.67957074578141, 19.680684000554756, 19.681796969503054, 19.68290965277291, 19.68402205051079, 19.685134162863083, 19.68624598997603, 19.687357531995787]}, {"gosnr_load_81": [19.11458234263563, 19.157296232505573, 19.096274821236335, 19.095380155486104, 19.09851099571412, 19.09247037794841, 19.098754063503357, 19.093448871176015, 19.158149834648967, 19.09391076454844, 19.19784193885171, 19.103239393364785, 19.138316776169766, 19.09254858892666, 19.092787818046215, 19.221108374656566, 19.135271105669705, 19.239225928224673, 19.146952189555947, 19.108128340744937, 19.097313691757382, 19.14157127312518, 19.092326565010016, 19.173647560618633, 19.101767848797408, 19.097059640250112, 19.118345612069277, 19.10537313406169, 19.092266055914198, 19.11641508346978, 19.32295880437286, 19.09302611807085, 19.16746649663133, 19.1075997288075, 19.101451623961815, 19.11681392538512, 19.110254906723057, 19.099883591986266, 19.24918123713325, 19.20757225999334, 19.15287893987825, 19.09238016659149, 19.187793538237237, 19.09630541243131, 19.12718731171493, 19.09498284830451, 19.13832129034591, 19.09228503001575, 19.093976802965145, 19.09969498523875, 19.125690290370876, 19.092701882970346, 19.100699258665944, 19.109618829539308, 19.104103144489187, 19.122526311095488, 19.113300787155254, 19.105276548000848, 19.09561307632047, 19.093095734439792, 19.19677255691484, 19.094415179971314, 19.106714050554096, 19.120380265515283, 19.09347054648472, 19.129723121216664, 19.09787577511854, 19.13241260453669, 19.14881682768208, 19.26660667039875, 19.13139700137348, 19.18011435582233, 19.102901978713152, 19.11118876153866, 19.12479210855556, 19.11284185109735, 19.094617598451087, 19.120896698890995, 19.162131484718387, 19.145060690981072, 19.173410575988353]}]}