{"tests": [{"osnr_load_27": [18.68856125118553, 18.72118087408067, 18.732031108501282, 18.79689217851527, 18.8506297276073, 18.872045368246894, 18.893415799876777, 18.904084093610457, 18.914741122635817, 18.94664474644394, 18.97844743754139, 18.99959332415435, 19.041751367735372, 19.05226309082338, 19.073253278568796, 19.115100967575156, 19.187910785883663, 19.208615040718463, 19.22927567616462, 19.280737075632196, 19.331928003719767, 19.362513371176785, 19.38284999091035, 19.393002249808184, 19.403143824310856, 19.50397460335466, 19.51399945170912]}, {"gosnr_load_27": [18.555799427975114, 19.093458849717855, 19.021951189173624, 18.63196896833806, 18.86321668738253, 18.770173220807873, 18.6600749400003, 19.277854013473824, 18.641298924908504, 18.645577692031633, 18.93161618068686, 18.805761589429355, 18.990509285260373, 18.55530506715514, 19.090913022804376, 19.125117498129182, 18.544538276221495, 19.290130504027715, 18.666818707345154, 19.13321690955667, 19.082732698413963, 18.792809627095895, 18.742659460503223, 19.12456086095881, 18.985240538986186, 18.801558478922388, 18.663586717163877]}]}