{"tests": [{"osnr_load_54": [19.06610950296514, 19.06724325657086, 19.06950987481491, 19.072907582082465, 19.075171241996753, 19.076302628937206, 19.077433720738497, 19.07856451755444, 19.079695019538732, 19.08195513962657, 19.083084758036907, 19.084214082229188, 19.085343112356515, 19.08647184857187, 19.08872843987796, 19.090983857368922, 19.0932381022643, 19.096617273653752, 19.097743079137025, 19.09886859238325, 19.10111874277066, 19.102243380214595, 19.103367726027003, 19.104491780358956, 19.10561554336143, 19.106739015185276, 19.107862195981223, 19.110107685091776, 19.11235201189661, 19.11347373980998, 19.114595177597394, 19.115716325408773, 19.116837183393923, 19.12019801988822, 19.12131772006411, 19.122437131161035, 19.123556253328093, 19.12467508671428, 19.129147535426064, 19.131382030962016, 19.133615375533214, 19.13473161657714, 19.135847570323786, 19.13696323692087, 19.138078616516022, 19.139193709256734, 19.14253726782556, 19.143651214621272, 19.144764875298353, 19.145878250003626, 19.149216659755123, 19.150328892039127, 19.151440839083737, 19.1525525010351]}, {"gosnr_load_54": [18.70861104272196, 18.67932048223047, 18.805969940542074, 18.804587943791823, 18.733857257312696, 18.66511798135099, 18.70079298344235, 18.795765617189698, 18.792997665073084, 18.795387465167103, 18.811573285228466, 18.713438074552144, 18.656666290504013, 18.789485267806768, 18.753826124677005, 18.75513992832042, 18.676807174632962, 18.725380807724697, 18.72695107229243, 18.68895318144906, 18.67837372379001, 18.697929243800534, 18.815851849388384, 18.852736073671842, 18.70373688581447, 18.694412238285615, 18.714682244034922, 18.762655250898593, 18.672554400622793, 18.667963242569417, 18.75258332184673, 18.70628105340026, 18.678183185075007, 18.7586982132419, 18.76574276108236, 18.701321303341746, 18.65793562064551, 18.69384817132063, 18.69985987336123, 18.669197328260797, 18.724790224813887, 18.739194000331278, 18.65487788582631, 18.725208832810054, 18.750682407339383, 18.719422922119612, 18.708075443572096, 18.681994931083207, 18.805040349916787, 18.77012404500571, 18.78405099548887, 18.71231676116745, 18.780829348495278, 18.68933546374656]}]}