{"tests": [{"osnr_load_81": [19.062706462353958, 19.06384110601177, 19.064975452830446, 19.06610950296512, 19.06724325657084, 19.0683767138025, 19.069509874814887, 19.07064273976267, 19.07177530880038, 19.072907582082447, 19.074039559763172, 19.075171241996735, 19.07630262893719, 19.077433720738476, 19.07856451755442, 19.079695019538715, 19.080825226844937, 19.08195513962655, 19.08308475803689, 19.08421408222917, 19.085343112356497, 19.086471848571847, 19.08760029102808, 19.088728439877944, 19.089856295274046, 19.090983857368904, 19.092111126314894, 19.093238102264284, 19.094364785369223, 19.095491175781735, 19.096617273653735, 19.097743079137008, 19.09886859238323, 19.09999381354396, 19.101118742770637, 19.102243380214578, 19.10336772602698, 19.104491780358938, 19.105615543361413, 19.10673901518526, 19.107862195981205, 19.10898508589987, 19.11010768509176, 19.11122999370724, 19.112352011896593, 19.11347373980996, 19.114595177597373, 19.115716325408755, 19.1168371833939, 19.117957751702498, 19.119078030484115, 19.1201980198882, 19.12131772006409, 19.122437131161018, 19.123556253328076, 19.12467508671426, 19.125793631468447, 19.126911887739396, 19.128029855675756, 19.129147535426046, 19.130264927138693, 19.131382030961998, 19.13249884704414, 19.133615375533196, 19.134731616577124, 19.13584757032377, 19.136963236920856, 19.138078616516, 19.139193709256716, 19.140308515290375, 19.141423034764266, 19.142537267825542, 19.143651214621254, 19.144764875298335, 19.14587825000361, 19.146991338883783, 19.148104142085455, 19.149216659755105, 19.15032889203911, 19.15144083908372, 19.15255250103508]}, {"gosnr_load_81": [18.574887521543793, 18.617847066176573, 18.556768402937994, 18.555855045266608, 18.559046177168213, 18.552856269399737, 18.559034443368553, 18.553874778302205, 18.619394493588683, 18.554217693835355, 18.659487703042753, 18.563849957748243, 18.598741214929586, 18.552883842171298, 18.55311504107414, 18.682178332573397, 18.595677318986578, 18.700457691127962, 18.608079805709863, 18.568414251738613, 18.557827325621517, 18.60201589815456, 18.55270083191617, 18.635050689984947, 18.56204561830696, 18.557344701306597, 18.578665436080033, 18.565653817869876, 18.5526294806411, 18.576727127874562, 18.784974433919682, 18.55343777830403, 18.62809219623835, 18.568271983372135, 18.562035059239452, 18.577604085491622, 18.570962510098198, 18.560441976715435, 18.711334485541403, 18.66852435132261, 18.61339864381625, 18.552724113879343, 18.648579548666287, 18.556593683192574, 18.587548727233745, 18.555279276689596, 18.599356512954913, 18.552638358700953, 18.554417946787957, 18.55997390016523, 18.586585061692237, 18.553100222940703, 18.560977300496127, 18.569908408404498, 18.56438221968928, 18.582864683558583, 18.574047448489758, 18.565916602405565, 18.55590513546502, 18.55341557094824, 18.65763293232386, 18.55471656284738, 18.566997005337505, 18.58070884277379, 18.55378362313951, 18.59009798095602, 18.558158205150843, 18.59280234863013, 18.609308748887226, 18.728089517747, 18.59235617856044, 18.640838359979973, 18.56318008803726, 18.571482750313727, 18.585141396815835, 18.573141026621688, 18.555075041679892, 18.58173577814043, 18.62271739111315, 18.605527709845575, 18.634081829614445]}]}