{"tests": [{"osnr_load_27": [18.171022200672937, 18.20692085231474, 18.218859964598202, 18.29021110288147, 18.349300762182395, 18.37284300119918, 18.39633192255811, 18.40805642703716, 18.419767647597066, 18.454821757280094, 18.489756856935784, 18.512981008415757, 18.559271659550326, 18.57081156628308, 18.59385217809458, 18.6397770170912, 18.719646262277408, 18.742349931228567, 18.765002213423017, 18.82140888833834, 18.877497015429885, 18.91099776530629, 18.933268461056223, 18.94438491235367, 18.95548878577148, 19.06583900462661, 19.076805501283356]}, {"gosnr_load_27": [18.045271667453704, 18.63693451332239, 18.554889147909876, 18.137395011114876, 18.382966009534517, 18.281736822144012, 18.162350585082223, 18.832713322640128, 18.145688861401563, 18.140560335039908, 18.45513499397217, 18.32354565734922, 18.52152934137189, 18.03999155121637, 18.628468609126724, 18.666559817162238, 18.03300623024041, 18.845927783607856, 18.173048371638288, 18.678887551715082, 18.626467102024243, 18.306214783572177, 18.25146156159488, 18.667747888807945, 18.51471584119418, 18.318454524372786, 18.16376235794242]}]}