{"tests": [{"osnr_load_54": [18.589992867411652, 18.5911267160462, 18.593393524347796, 18.596791516701398, 18.59905536667285, 18.600186848641833, 18.601318035471614, 18.602448927316008, 18.603579524328715, 18.605839834473265, 18.606969547911905, 18.60809896713245, 18.609228092288003, 18.610356923531537, 18.61261370489389, 18.614869312440955, 18.61712374739229, 18.62050320386539, 18.621629104376467, 18.622754712650462, 18.62500505309329, 18.626129785564885, 18.627254226404904, 18.62837837576444, 18.629502233794458, 18.630625800645802, 18.631749076469216, 18.633994755634586, 18.63623927249408, 18.637361095434724, 18.638482628249374, 18.639603871087957, 18.640724824100264, 18.644085945675815, 18.645205740878716, 18.646325247002615, 18.647444464196603, 18.648563392609685, 18.65303622142867, 18.655270907017993, 18.657504441642413, 18.658620777712894, 18.659736826486053, 18.660852588109616, 18.661968062731205, 18.66308325049832, 18.666427094146123, 18.667541135968083, 18.66865489167138, 18.669768361402824, 18.673107056232613, 18.674219383542642, 18.675331425613233, 18.67644318259054]}, {"gosnr_load_54": [18.22970397285332, 18.200176907743423, 18.328130149366544, 18.326118966333787, 18.25508289451148, 18.185958596394464, 18.222068467062677, 18.317270832709987, 18.31444854315664, 18.31699826764408, 18.333325104545164, 18.234484758716544, 18.177435530991403, 18.31153457964081, 18.27502918569695, 18.276493751734275, 18.197859665289776, 18.246717175260933, 18.247992492311337, 18.209873549346835, 18.199488030272036, 18.219166266603757, 18.337485723827804, 18.374628631875378, 18.224727080077567, 18.215481022330103, 18.235639642265426, 18.284318231735362, 18.193591518693026, 18.188792228057828, 18.274186030143326, 18.22745601339932, 18.199304405481445, 18.279929897592176, 18.28706919442534, 18.222285121938985, 18.178697914727945, 18.214937603384236, 18.22091997495828, 18.190200878917533, 18.246281921717703, 18.260534993924217, 18.17562557358379, 18.246393928275882, 18.271936018873173, 18.240432348153774, 18.22935584601003, 18.20287959892199, 18.327219245414945, 18.29182741802011, 18.30601520772872, 18.233264598842936, 18.302245613624724, 18.210549319328692]}]}