{"tests": [{"osnr_load_81": [18.586589541713746, 18.587724280400504, 18.588858722248084, 18.58999286741163, 18.591126716046183, 18.59226026830664, 18.593393524347775, 18.594526484324273, 18.59565914839067, 18.59679151670138, 18.59792358941071, 18.599055366672832, 18.600186848641815, 18.601318035471593, 18.60244892731599, 18.6035795243287, 18.604709826663296, 18.605839834473244, 18.606969547911888, 18.608098967132428, 18.60922809228798, 18.610356923531516, 18.6114854610159, 18.61261370489387, 18.613741655318048, 18.614869312440938, 18.615996676414927, 18.617123747392274, 18.618250525525134, 18.61937701096553, 18.620503203865372, 18.621629104376446, 18.62275471265044, 18.6238800288389, 18.625005053093272, 18.626129785564864, 18.627254226404887, 18.62837837576442, 18.629502233794437, 18.630625800645785, 18.631749076469198, 18.632872061415288, 18.633994755634564, 18.6351171592774, 18.636239272494063, 18.637361095434702, 18.638482628249356, 18.639603871087935, 18.640724824100243, 18.641845487435962, 18.64296586124466, 18.644085945675794, 18.645205740878698, 18.646325247002594, 18.647444464196585, 18.648563392609667, 18.64968203239071, 18.650800383688477, 18.651918446651614, 18.65303622142865, 18.654153708168003, 18.655270907017975, 18.656387818126746, 18.657504441642395, 18.658620777712876, 18.659736826486036, 18.6608525881096, 18.661968062731187, 18.6630832504983, 18.664198151558324, 18.66531276605854, 18.6664270941461, 18.667541135968065, 18.66865489167136, 18.669768361402802, 18.670881545309115, 18.671994443536885, 18.673107056232595, 18.674219383542617, 18.675331425613212, 18.67644318259052]}, {"gosnr_load_81": [18.094907759157923, 18.13806156215436, 18.07693762356366, 18.076009484390937, 18.079248295131446, 18.072940330540824, 18.07903507154039, 18.07399048266717, 18.140157757562278, 18.07423931554076, 18.180568285274305, 18.084111690428916, 18.118855758144193, 18.072927860849816, 18.07315270988792, 18.202803405280996, 18.115777449998586, 18.221210753792892, 18.128750485892176, 18.088419253543492, 18.078012403548943, 18.122146404268463, 18.07277570080521, 18.155939315178816, 18.08204418239393, 18.077349031039404, 18.09869725416644, 18.085654686378497, 18.07269577598329, 18.096752794304585, 18.30634766674837, 18.07354221658335, 18.14836589845805, 18.088582503579214, 18.082275337327136, 18.098007854456203, 18.091300986383494, 18.080662444215065, 18.23281661869421, 18.189056195323754, 18.13358852199958, 18.072775007364697, 18.168980035670277, 18.07660055094115, 18.1076134337815, 18.075292594946177, 18.119954110672417, 18.07269667054545, 18.07454570002367, 18.079973369966726, 18.107071569035437, 18.07319412795015, 18.080976079914915, 18.08991631051346, 18.084381816223818, 18.10291116875345, 18.09441681475701, 18.08620165704139, 18.075914998813207, 18.073447398917104, 18.178092235096088, 18.0747337987975, 18.08699966957495, 18.10074758243902, 18.073810105811198, 18.110173318634143, 18.078160454451567, 18.112889456305062, 18.129476656393855, 18.249041208552292, 18.1128936271207, 18.161189807181245, 18.08317892082545, 18.091494139486198, 18.105196513682536, 18.093156517138716, 18.075215684239193, 18.102178237450957, 18.142959623431942, 18.125675924713057, 18.154391558221857]}]}