{"tests": [{"osnr_load_27": [5.247561593647399, 5.596947210430355, 5.712006584984518, 6.3875091231362555, 6.930819505104916, 7.143120750418772, 7.352544338170083, 7.456176191579921, 7.559087883780218, 7.863502563387341, 8.161442848604532, 8.356480331891634, 8.737973893060968, 8.831566564617605, 9.016625356387692, 9.378286694716785, 9.984424693231558, 10.151448789729223, 10.315778734609868, 10.714988792794218, 11.09796221923974, 11.320151877117194, 11.465181821221526, 11.536780517463196, 11.607774111917733, 12.285409936409934, 12.350043995918297]}, {"gosnr_load_27": [5.662157816996096, 10.219878420280512, 9.88875476220236, 7.323041370496056, 8.803361188973616, 8.016755076193096, 7.045678371684421, 10.473415459504567, 7.231861512747178, 6.3296968954252755, 9.149503512511835, 8.607314274341915, 9.741489559966416, 5.211736783368298, 10.20859302144629, 10.38730812395588, 5.548763206550278, 10.516008925781506, 7.430803525893962, 10.363144736819802, 10.157235319043112, 8.200244085149164, 7.73830330747781, 10.378615793721709, 9.632403106962327, 8.526441585660244, 6.848643291262373]}]}