{"tests": [{"osnr_load_54": [9.268718006068823, 9.26985257898138, 9.272120835838525, 9.275521001024304, 9.277786299549778, 9.278918505795552, 9.280050416901954, 9.281182033022832, 9.282313354311857, 9.284575113008597, 9.2857055507231, 9.286835694219356, 9.287965543650463, 9.289095099169417, 9.291353329082115, 9.293610385178937, 9.295866268679397, 9.299247897975055, 9.300374522760013, 9.301500855307733, 9.303752644297557, 9.304878101042412, 9.30600326615555, 9.307128139788045, 9.30825272209088, 9.30937701321488, 9.310501013310793, 9.312748141020712, 9.314994106424159, 9.316116653636534, 9.317238910722773, 9.318360877832788, 9.319482555116371, 9.322845849504862, 9.323966368978438, 9.325086599372845, 9.326206540837203, 9.327326193520491, 9.33180191941881, 9.334038053546875, 9.336273036709423, 9.337390097048743, 9.338506870090592, 9.339623355982683, 9.340739554872657, 9.34185546690799, 9.345201483359567, 9.346316249449142, 9.3474307294199, 9.348544923418658, 9.351885791049463, 9.352998842626176, 9.354111608963319, 9.355224090207013]}, {"gosnr_load_54": [8.90589696405263, 8.875971236394648, 9.006091878008553, 9.003090674090888, 8.931507947507603, 8.861714961981255, 8.89854091410033, 8.994193588959877, 8.991283298711833, 8.994086554279448, 9.010650398968904, 8.910609619574451, 8.853072018049824, 8.989306314693714, 8.951437555033479, 8.953140183566248, 8.873959586436861, 8.923308221506312, 8.924121722382715, 8.885777228665635, 8.87568649121387, 8.895575634113602, 9.014629786056842, 9.052214601492404, 8.900754171311446, 8.89162286728503, 8.911625435810839, 8.96145746108542, 8.869663360333936, 8.864532958619002, 8.951221056882785, 8.903775674729076, 8.875513549300353, 8.956387822857495, 8.963682608846671, 8.89826853957607, 8.854324663541968, 8.89111135424518, 8.897053250747417, 8.866216897110224, 8.923116429888434, 8.937146263334236, 8.851226568741001, 8.922747193878267, 8.948420830599792, 8.916504283841215, 8.905842806263022, 8.878720758100489, 9.005209456710189, 8.969037174691616, 8.983648042004214, 8.909233168753754, 8.979014433480831, 8.88691430816121]}]}