{"tests": [{"osnr_load_81": [9.265312507535954, 9.266447970501172, 9.267583136627058, 9.268718006068767, 9.26985257898132, 9.270986855519627, 9.272120835838468, 9.273254520092511, 9.274387908436298, 9.275521001024247, 9.276653798010662, 9.277786299549721, 9.27891850579549, 9.280050416901899, 9.281182033022775, 9.282313354311798, 9.283444380922573, 9.28457511300854, 9.285705550723037, 9.286835694219297, 9.287965543650406, 9.289095099169359, 9.290224360928988, 9.291353329082058, 9.292482003781199, 9.293610385178878, 9.294738473427495, 9.295866268679342, 9.296993771086537, 9.298120980801118, 9.299247897974999, 9.300374522759954, 9.301500855307674, 9.302626895769707, 9.303752644297496, 9.304878101042354, 9.306003266155491, 9.307128139787988, 9.308252722090822, 9.30937701321482, 9.310501013310734, 9.311624722529189, 9.312748141020652, 9.313871268935538, 9.314994106424097, 9.31611665363648, 9.317238910722715, 9.318360877832728, 9.31948255511631, 9.320603942723174, 9.32172504080284, 9.322845849504807, 9.323966368978379, 9.325086599372788, 9.326206540837145, 9.327326193520435, 9.32844555757154, 9.329564633139219, 9.330683420372115, 9.331801919418755, 9.332920130427556, 9.334038053546816, 9.33515568892473, 9.336273036709365, 9.337390097048685, 9.338506870090534, 9.339623355982624, 9.340739554872599, 9.341855466907935, 9.34297109223604, 9.34408643100417, 9.345201483359505, 9.346316249449085, 9.347430729419843, 9.3485449234186, 9.349658831592068, 9.350772454086837, 9.351885791049407, 9.352998842626121, 9.35411160896326, 9.355224090206956]}, {"gosnr_load_81": [8.769293721126308, 8.812791470321098, 8.751541091862139, 8.750588928153181, 8.753905453910114, 8.747406607329996, 8.753375952959681, 8.74850734389396, 8.81575066315888, 8.748608812266369, 8.856696323036141, 8.758866759197794, 8.793411364297013, 8.747331311632975, 8.747546401952038, 8.878237088205424, 8.79030765010262, 8.896862391712354, 8.804187689605815, 8.762775455530512, 8.75264171653851, 8.796730044510904, 8.747227409488803, 8.831743411115827, 8.756384536717311, 8.75169420087764, 8.773104808732938, 8.760001910494841, 8.747133963381758, 8.771148940276074, 8.983052817964886, 8.748041000964514, 8.823198113416804, 8.763418149124103, 8.756995090963885, 8.772998322554422, 8.766182948182532, 8.755349664390415, 8.909623521384562, 8.864330861218278, 8.808275726999582, 8.747189105127468, 8.844030083955762, 8.750949028333984, 8.782080654629688, 8.74965001394765, 8.795268623321927, 8.747122335012865, 8.74908196247989, 8.754313279365993, 8.782200067038133, 8.74767607533305, 8.75531580961434, 8.764278413376294, 8.75872589722324, 8.777345545358147, 8.769350057521528, 8.760995200604924, 8.750267558300159, 8.74783219360764, 8.85324295762109, 8.749096860580373, 8.761350923795014, 8.775167850016954, 8.74818684170574, 8.784659537990429, 8.752503091314574, 8.787396604059467, 8.804125644970341, 8.925030579472201, 8.788107340059227, 8.836155754028574, 8.757520719350952, 8.765863137074799, 8.779646500765047, 8.767533449974023, 8.749772769873584, 8.777233186894875, 8.817737520708956, 8.800290557923553, 8.82928581455699]}]}