{"tests": [{"osnr_load_27": [9.70183458898531, 9.87303388917647, 9.92968297069759, 10.26519732760514, 10.539063556080752, 10.647154543684078, 10.754415316735038, 10.807734740148476, 10.86084706812624, 11.018943230980462, 11.175182203188829, 11.278312568951597, 11.482112367310606, 11.532551130228864, 11.632817173073205, 11.830911726758004, 12.169811554743898, 12.264838695487049, 12.35907089829717, 12.591195439126848, 12.818427088843517, 12.95244182731855, 13.040824764462888, 13.084729698156067, 13.12844430378239, 13.55524155626296, 13.59689872667855]}, {"gosnr_load_27": [9.84283003471127, 12.466901436022962, 12.075826641086136, 10.625025553471435, 11.43086384760095, 11.009973226695218, 10.510857737380036, 12.954662651495834, 10.587510869637217, 10.178418007414239, 11.636750558109494, 11.306382166334792, 11.979164878010371, 9.638552501268595, 12.298408756739473, 12.456383708336014, 9.787463771291275, 12.995093030816614, 10.690397238173846, 12.575791389505959, 12.457263700952897, 11.107226007712224, 10.867317363309612, 12.503461867321409, 11.915310877056353, 11.265445350296005, 10.422265493710105]}]}