{"tests": [{"osnr_load_54": [11.751865209196321, 11.75299970813969, 11.755267817058467, 11.758667760336735, 11.76093291092389, 11.762065043200497, 11.763196880337762, 11.76432842248949, 11.765459669809381, 11.767721280567851, 11.768851644313232, 11.76998171384036, 11.771111489302356, 11.772240970852188, 11.77449905282668, 11.776755960985303, 11.779011696547592, 11.782393103936016, 11.783519654751904, 11.784645913330563, 11.786897554382277, 11.788022937158086, 11.789148028302176, 11.790272827965634, 11.791397336299426, 11.792521553454398, 11.793645479581283, 11.795892459353164, 11.79813827681858, 11.799260750061952, 11.800382933179193, 11.801504826320219, 11.802626429634815, 11.805989502116354, 11.807109947620958, 11.8082301040464, 11.809349971541792, 11.810469550256125, 11.814944980278648, 11.817180966468843, 11.819415801693552, 11.82053278806395, 11.821649487136877, 11.822765899060066, 11.823882023981131, 11.824997862047566, 11.828343656592464, 11.829458348713164, 11.830572754715043, 11.831686874744925, 11.835027520469136, 11.836140498077, 11.837253190445294, 11.838365597720145]}, {"gosnr_load_54": [11.38907480048564, 11.359172718829225, 11.489166486690333, 11.486220111899126, 11.414671560128863, 11.34491931810957, 11.381703730065315, 11.47732622969258, 11.474420960946674, 11.477210062845582, 11.493759890125048, 11.393790956801222, 11.33628346097241, 11.472392358199379, 11.434600981940939, 11.436290374705298, 11.357144312356626, 11.406463125207447, 11.407302072318707, 11.36897213890167, 11.35886568377391, 11.3787420949669, 11.497749058107114, 11.535307344348734, 11.38394144762234, 11.374804311598425, 11.394814392722648, 11.44457998424721, 11.35284987084869, 11.347738023973788, 11.434349903040948, 11.386946636208929, 11.3586921616675, 11.439548238685685, 11.446834034907415, 11.381458363079144, 11.337536575744851, 11.374291065577527, 11.380234869759413, 11.349406676903648, 11.406257904608697, 11.420299284311453, 11.334440070809823, 11.405915253879858, 11.431580205815138, 11.399688217037887, 11.389004419310853, 11.361919505462708, 11.488282542388358, 11.452155381032668, 11.466742072207794, 11.39242320818198, 11.462156423697298, 11.370083694038799]}]}