{"tests": [{"osnr_load_81": [11.748459932571059, 11.749595321567076, 11.750730413723762, 11.751865209196273, 11.752999708139642, 11.75413391070876, 11.755267817058419, 11.756401427343286, 11.757534741717901, 11.758667760336685, 11.759800483353942, 11.76093291092384, 11.76206504320045, 11.763196880337714, 11.764328422489438, 11.765459669809333, 11.766590622450968, 11.767721280567802, 11.76885164431318, 11.769981713840313, 11.771111489302307, 11.772240970852136, 11.773370158642663, 11.77449905282663, 11.775627653556665, 11.776755960985257, 11.777883975264787, 11.779011696547544, 11.780139124985663, 11.781266260731158, 11.782393103935966, 11.783519654751856, 11.784645913330516, 11.78577187982349, 11.786897554382227, 11.788022937158038, 11.789148028302128, 11.790272827965584, 11.791397336299374, 11.79252155345435, 11.793645479581233, 11.79476911483066, 11.795892459353112, 11.797015513298984, 11.798138276818529, 11.799260750061904, 11.800382933179145, 11.80150482632017, 11.802626429634767, 11.80374774327263, 11.804868767383322, 11.805989502116304, 11.807109947620907, 11.808230104046352, 11.809349971541742, 11.810469550256075, 11.811588840338228, 11.812707841936954, 11.813826555200897, 11.8149449802786, 11.816063117318468, 11.817180966468793, 11.818298527877785, 11.819415801693498, 11.8205327880639, 11.82164948713683, 11.822765899060016, 11.823882023981083, 11.824997862047518, 11.826113413406729, 11.827228678205968, 11.828343656592414, 11.829458348713116, 11.830572754714993, 11.831686874744875, 11.832800708949476, 11.833914257475385, 11.835027520469088, 11.836140498076952, 11.837253190445246, 11.838365597720095]}, {"gosnr_load_81": [11.252578684686679, 11.29605512310336, 11.234814999925462, 11.233864212413812, 11.237176273782856, 11.230688304720012, 11.236664251764111, 11.2317861918065, 11.298966533191399, 11.231895785606977, 11.339880438980039, 11.242131912593525, 11.276685676974981, 11.230616479431943, 11.230832096760157, 11.361458350293956, 11.27358353109303, 11.380070603853314, 11.287412775378844, 11.246062408685875, 11.235914140062828, 11.28000263219854, 11.230509920190446, 11.314946761291253, 11.239672704567802, 11.234982352483485, 11.256388377450463, 11.24328950674768, 11.230417225080764, 11.254433242908009, 11.466198096544664, 11.231320871047181, 11.306455559363675, 11.246678613916288, 11.240262292621242, 11.256249732999514, 11.249440709847303, 11.238618748729746, 11.392767264913424, 11.347561658575508, 11.291541979360675, 11.230473693036203, 11.32727438130737, 11.234237037055287, 11.265360451317605, 11.232937598352205, 11.278500959278725, 11.230406288278756, 11.232359709389803, 11.237601581952942, 11.265443368650832, 11.230956893784619, 11.238604068789147, 11.247564960851385, 11.242013734838583, 11.260627407544124, 11.252604820512765, 11.24425811765673, 11.2335553780108, 11.231118364144493, 11.33648119874695, 11.232384163037423, 11.24463822583802, 11.258450607073407, 11.231473438044619, 11.267938148349652, 11.235791339674181, 11.270673913043597, 11.287394229397993, 11.408218598545659, 11.27134562278572, 11.319405119386454, 11.240808747053698, 11.249149219646506, 11.262927378583413, 11.250819005635204, 11.233049331141483, 11.260480812827126, 11.300998258743826, 11.28356124421505, 11.312539507883447]}]}