{"tests": [{"osnr_load_27": [8.15316469162265, 8.37513494453182, 8.448473291848854, 8.88164720303452, 9.23363595222363, 9.37214251478031, 9.509341859327327, 9.577451623219982, 9.64523498650357, 9.84662861129274, 10.045092571347208, 10.175778167099331, 10.433265381611019, 10.496830446716974, 10.62299574979068, 10.871481776960701, 11.2940979391973, 11.41201193897032, 11.528677702965863, 11.814924849917919, 12.093522873384835, 12.257060240311496, 12.364593322151867, 12.417915523015601, 12.4709429582684, 12.985257016377922, 13.035118503417152]}, {"gosnr_load_27": [8.3767114656571, 11.643408217707076, 11.211516621348398, 9.413932303668265, 10.420546184196288, 9.888907153456946, 9.251190257961708, 12.150031502340266, 9.360425923150533, 8.806597023671905, 10.670388070659522, 10.274073984582358, 11.096743778583454, 8.101175402270902, 11.473283067951998, 11.653957795634888, 8.304825532459137, 12.195310550280801, 9.491319762579119, 11.768785415575426, 11.625563379337576, 10.01192473070956, 9.70596892727178, 11.699947150915865, 11.016589441242601, 10.220916152693274, 9.130631760195815]}]}