{"tests": [{"osnr_load_54": [10.782895091681358, 10.784029624592598, 10.786297801447109, 10.789697846628965, 10.791963065151833, 10.793095231396295, 10.79422710250141, 10.795358678620984, 10.796489959908723, 10.798751638602877, 10.799882036316095, 10.80101213981106, 10.802141949240891, 10.803271464758556, 10.805529614668703, 10.807786590762973, 10.810042394260895, 10.813423903552756, 10.814550488336456, 10.815676780882919, 10.817928489870233, 10.81905390661384, 10.820179031725727, 10.821303865356974, 10.822428407658562, 10.823552658781324, 10.824676618875992, 10.826923666583435, 10.829169551984412, 10.830292059195557, 10.831414276280565, 10.832536203389363, 10.833657840671725, 10.837021015056552, 10.838141494528912, 10.83926168492211, 10.840381586385252, 10.841501199067336, 10.845976764960836, 10.848212819086505, 10.850447722246674, 10.851564742584806, 10.85268147562546, 10.853797921516371, 10.854914080405154, 10.856029952439313, 10.859375848887352, 10.86049057497576, 10.861605014945345, 10.862719168942931, 10.866059916570247, 10.8671729281458, 10.868285654481793, 10.86939809572433]}, {"gosnr_load_54": [10.420213859701919, 10.390310136788901, 10.52031112266553, 10.517364581869854, 10.445812033297956, 10.376055957701201, 10.41284238365032, 10.508470199247299, 10.505564767257827, 10.50835402587093, 10.524904785126276, 10.424930275909805, 10.367419630207372, 10.503536050590514, 10.465742561786854, 10.467432048596573, 10.388281619390497, 10.437603144038409, 10.43844213754613, 10.400110093484594, 10.390003084939686, 10.409880585766407, 10.528894178283409, 10.566454594735735, 10.41508022427655, 10.405942586130564, 10.42595376826679, 10.475722120136231, 10.383986943206851, 10.378874817290352, 10.46549146891289, 10.418085578241259, 10.38982955334266, 10.470690094039533, 10.477976296572091, 10.412597003173401, 10.368672813173394, 10.405429311936079, 10.41137344259502, 10.380543561271258, 10.437397912091669, 10.451440069472536, 10.365576139764613, 10.437055242416617, 10.462721617591221, 10.43082786152301, 10.420143474650787, 10.393057073716266, 10.51942712854859, 10.4832979398867, 10.497885447576827, 10.423562451889243, 10.493299542081171, 10.40122170956778]}]}