{"tests": [{"osnr_load_81": [10.77948971315246, 10.780625136116358, 10.781760262240919, 10.782895091681304, 10.784029624592543, 10.785163861129533, 10.786297801447056, 10.787431445699788, 10.78856479404227, 10.789697846628911, 10.790830603614026, 10.79196306515178, 10.793095231396244, 10.794227102501356, 10.79535867862093, 10.796489959908671, 10.79762094651815, 10.798751638602823, 10.79988203631604, 10.801012139811005, 10.802141949240836, 10.803271464758502, 10.804400686516855, 10.805529614668647, 10.806658249366507, 10.807786590762923, 10.808914639010268, 10.810042394260844, 10.811169856666778, 10.812297026380085, 10.813423903552707, 10.814550488336405, 10.815676780882866, 10.816802781343641, 10.81792848987018, 10.819053906613787, 10.820179031725674, 10.82130386535692, 10.822428407658506, 10.82355265878127, 10.82467661887594, 10.82580028809315, 10.82692366658338, 10.82804675449703, 10.829169551984357, 10.830292059195505, 10.831414276280514, 10.83253620338931, 10.83365784067167, 10.834779188277304, 10.835900246355754, 10.8370210150565, 10.838141494528857, 10.839261684922057, 10.840381586385197, 10.841501199067281, 10.842620523117182, 10.843739558683652, 10.84485830591534, 10.845976764960785, 10.84709493596839, 10.848212819086456, 10.849330414463175, 10.85044772224662, 10.851564742584753, 10.852681475625406, 10.853797921516318, 10.854914080405106, 10.85602995243926, 10.85714553776619, 10.858260836533137, 10.859375848887296, 10.860490574975707, 10.86160501494529, 10.862719168942881, 10.863833037115185, 10.864946619608792, 10.866059916570197, 10.867172928145752, 10.86828565448174, 10.869398095724279]}, {"gosnr_load_81": [10.283710343039655, 10.327189113564827, 10.265945712119343, 10.264994874074295, 10.268307111523933, 10.261818797664377, 10.267795062275555, 10.262916743060789, 10.330100680658735, 10.263026342682714, 10.371016804012719, 10.273263014044346, 10.30781862556064, 10.261746968562111, 10.261962597340633, 10.392595893308187, 10.304716313246633, 10.411209167660232, 10.318546300397225, 10.277193719508515, 10.26704491068869, 10.311135758872478, 10.261640403662021, 10.346081772413696, 10.270803675116527, 10.26611307357313, 10.287520239226179, 10.274420669842172, 10.26154770363008, 10.285565000264867, 10.497341441414466, 10.262451397586005, 10.337590111181472, 10.277809957580473, 10.271393294546613, 10.28738158736903, 10.280572200778636, 10.269749663199747, 10.423906527585629, 10.378698442270629, 10.322675726646297, 10.261604174584047, 10.358410060853728, 10.265367718529708, 10.296492792872698, 10.264068210774727, 10.309634005310564, 10.26153676624732, 10.263490291110068, 10.2687324423146, 10.29657571464453, 10.262087400992673, 10.269734982478163, 10.278696351762878, 10.273144829997182, 10.291759495877372, 10.283736480260686, 10.275389332343881, 10.26468602325943, 10.262248879928006, 10.367617378741347, 10.263514746056789, 10.275769460774615, 10.28958257903861, 10.262603972686733, 10.299070627929838, 10.266922103771055, 10.301806539202394, 10.318527753418554, 10.439358714470162, 10.302478284947949, 10.350540372029442, 10.271939778064034, 10.280280695031985, 10.294059589932587, 10.281950570088414, 10.264179949500654, 10.29161289332184, 10.332132515839971, 10.314694562103204, 10.343674388701924]}]}