{"tests_qot": [{"osnr_load_qot_27": [9.106215560287772, 9.295703277515045, 9.35836845759846, 9.729135294143548, 10.031269018150974, 10.150383833699347, 10.268506512863764, 10.327196170883067, 10.385638263778487, 10.559481043640343, 10.731103080767646, 10.844287265615865, 11.067712519689053, 11.122957501890111, 11.232716243750826, 11.449319272352106, 11.819093143277996, 11.922590992056854, 12.025139809751796, 12.27738839677452, 12.52380437024831, 12.66888643411699, 12.76446557495988, 12.81191451207923, 12.859137286340847, 13.319085277251766, 13.363868585579311]}, {"gosnr_load_qot_27": [9.279232731125454, 12.133937111694467, 11.728992525437022, 10.154066490954712, 11.031528348613964, 10.570811172432641, 10.02189491381995, 12.63067431014391, 10.110634573079171, 9.648462730357876, 11.253184057540924, 10.899291336337027, 11.625774039864513, 9.048828232374873, 11.965866741954317, 12.131990965817712, 9.217937756601044, 12.672823680670861, 10.223527814058322, 12.2489244413965, 12.120987306529578, 10.677319422590832, 10.413634583774293, 12.178374153341839, 11.556115619117609, 10.853950092796918, 9.921557208218069]}]}