{"tests_qot": [{"osnr_load_qot_54": [11.366757820743977, 11.367892334101025, 11.370160471847154, 11.373560458366438, 11.375825637780936, 11.376957784471216, 11.378089636022144, 11.379221192587536, 11.380352454321098, 11.382614093906898, 11.383744472065938, 11.38487455600673, 11.386004345882384, 11.387133841845877, 11.389391952647681, 11.391648889633618, 11.393904654023213, 11.397286104652588, 11.398412669882127, 11.399538942874432, 11.401790612753436, 11.402916009942889, 11.404041115500625, 11.405165929577718, 11.406290452325155, 11.407414683893771, 11.408538624434287, 11.410785633033441, 11.41303147932613, 11.414153966983138, 11.415276164514012, 11.416398072068665, 11.417519689796894, 11.420882805519316, 11.422003265437544, 11.423123436276615, 11.42424331818563, 11.425362911313586, 11.429838398990588, 11.432074414008015, 11.43430927805995, 11.435426278843963, 11.436542992330502, 11.437659418667298, 11.438775558001975, 11.439891410482021, 11.443237248267737, 11.44435195480204, 11.44546637521752, 11.446580509661004, 11.449921198626019, 11.451034190647476, 11.452146897429367, 11.453259319117814]}, {"gosnr_load_qot_54": [11.004666382915094, 10.974812420965584, 11.104538925517694, 11.101724940007003, 11.030236638183732, 10.960561556748381, 10.997256462250274, 11.092835984713371, 11.089941994279473, 11.092697571581473, 11.109218640553706, 11.00939253991658, 10.951940244631063, 11.087787207584013, 11.050171938773437, 11.051829680190284, 10.97274262728589, 11.022004424315115, 11.022905522308443, 10.984598926703768, 10.974451079873804, 10.994302760349719, 11.113232882938435, 11.150738837498102, 10.999554371830346, 10.990400179899876, 11.010434830050821, 11.060054645138397, 10.968451183567623, 10.963382866857618, 11.049836680489364, 11.002520828300216, 10.974276092436458, 11.055113448527447, 11.06237970587381, 10.997076701012228, 10.953194890822317, 10.989882558059263, 10.995832869307016, 10.965014865278725, 11.021766479898417, 11.03584038821418, 10.950101288845923, 11.021488375788536, 11.047140347528009, 11.015297974888878, 11.004556524126334, 10.977553415457118, 11.103650992569381, 11.067621963133004, 11.082154530849323, 11.008045524097817, 11.0776840474852, 10.985648754442977]}]}