{"tests_qot": [{"osnr_load_qot_81": [11.363352500877728, 11.364487904287426, 11.36562301085779, 11.366757820743977, 11.367892334101025, 11.369026551083818, 11.370160471847154, 11.371294096545697, 11.372427425333987, 11.373560458366438, 11.374693195797366, 11.375825637780936, 11.376957784471216, 11.378089636022144, 11.379221192587536, 11.380352454321098, 11.3814834213764, 11.382614093906898, 11.383744472065938, 11.38487455600673, 11.386004345882384, 11.387133841845877, 11.388263044050062, 11.389391952647681, 11.390520567791373, 11.391648889633618, 11.392776918326806, 11.393904654023213, 11.395032096874985, 11.396159247034133, 11.397286104652588, 11.398412669882127, 11.399538942874432, 11.400664923781052, 11.401790612753436, 11.402916009942889, 11.404041115500625, 11.405165929577718, 11.406290452325155, 11.407414683893771, 11.408538624434287, 11.409662274097357, 11.410785633033441, 11.41190870139295, 11.41303147932613, 11.414153966983138, 11.415276164514012, 11.416398072068665, 11.417519689796894, 11.418641017848387, 11.419762056372708, 11.420882805519316, 11.422003265437544, 11.423123436276615, 11.42424331818563, 11.425362911313586, 11.426482215809354, 11.4276012318217, 11.428719959499265, 11.429838398990588, 11.43095655044407, 11.432074414008015, 11.433191989830618, 11.43430927805995, 11.435426278843963, 11.436542992330502, 11.437659418667298, 11.438775558001975, 11.439891410482021, 11.44100697625484, 11.442122255467682, 11.443237248267737, 11.44435195480204, 11.44546637521752, 11.446580509661004, 11.447694358279207, 11.448807921218718, 11.449921198626019, 11.451034190647476, 11.452146897429367, 11.453259319117814]}, {"gosnr_load_qot_81": [10.868388476914419, 10.911826424321823, 10.850592490486434, 10.84964476106447, 10.852946971498437, 10.846483486189642, 10.852477305883184, 10.847574776353495, 10.914622518739897, 10.847704166127132, 10.955471881936585, 10.857890337004537, 10.892476944951312, 10.84642007981595, 10.846637044440605, 10.977146873592428, 10.889377661428988, 10.99573322776439, 10.903087613817846, 10.861875051959867, 10.851688354214533, 10.895790723427886, 10.846307025606263, 10.930577238027572, 10.855486355681382, 10.850794537042116, 10.872195940821225, 10.85910286908355, 10.846216128914683, 10.870241993977196, 11.081735013083147, 10.847111800324543, 10.922214975738427, 10.862427020449772, 10.856025129418851, 10.871979039451219, 10.865183384385453, 10.854385664248916, 11.00827709743028, 10.963269029114107, 10.907318212126892, 10.846275839633748, 10.943008269407063, 10.850048647467487, 10.881161584944136, 10.848747781721787, 10.894190690942278, 10.84620687082065, 10.848145790368527, 10.853414930442824, 10.881155765612256, 10.846750019098383, 10.85441761675365, 10.86337707557816, 10.857827295588066, 10.876432116313268, 10.868341167527188, 10.860011750673584, 10.849366321477692, 10.846924555865057, 10.952203220052397, 10.848193492449308, 10.860451283570109, 10.874256826661721, 10.847280773285464, 10.883737186165785, 10.851604005583631, 10.886470624166307, 10.903174856982332, 11.023840990196973, 10.88704762179881, 10.935148891542305, 10.856622403172324, 10.86496068686856, 10.878730396888642, 10.866629700817171, 10.848832738007435, 10.876202208345415, 10.916763996076321, 10.899345804736676, 10.928291679319841]}]}