{"tests_qot": [{"osnr_load_qot_27": [14.757877573163174, 14.826223767810054, 14.848922193466255, 14.984237819778375, 15.095860341902366, 15.140220506037823, 15.184416203564108, 15.206452500870352, 15.2284478301053, 15.294188509209887, 15.359562282355805, 15.402941637374896, 15.489214606540799, 15.510681954063354, 15.55349593946798, 15.638642540483074, 15.786113541021006, 15.827891242458367, 15.869511129166886, 15.972873280171733, 16.075258717573444, 16.13622405640718, 16.176674418300454, 16.196841809873547, 16.21697075097277, 16.41615798385397, 16.435867757701356]}, {"gosnr_load_qot_27": [14.709077108038173, 15.82577745851096, 15.644565732889902, 14.967023313140817, 15.348033253885596, 15.167363266960423, 14.956766459555428, 16.11925784928932, 14.963740736727082, 14.858576829918103, 15.454309620221133, 15.272444082903014, 15.594023424189999, 14.653875345218328, 15.759819249952027, 15.834283533554617, 14.68678152738969, 16.14078495130162, 15.008962144743432, 15.88670840961684, 15.818160260085524, 15.209676695944104, 15.109704057500215, 15.852432038290356, 15.571689712610787, 15.258337551327529, 14.93573673607881]}]}