{"tests_qot": [{"osnr_load_qot_54": [15.581262587009528, 15.58239684558007, 15.58466447375331, 15.588063695913503, 15.59032836575544, 15.591460257659486, 15.592591854424217, 15.593723156203447, 15.594854163150874, 15.597115293164507, 15.598245416537518, 15.599375245692313, 15.600504780782, 15.601634021959558, 15.603891623189604, 15.6061480506039, 15.608403305422005, 15.611783991694372, 15.612910302138312, 15.61403632034505, 15.616287480653018, 15.617412623057005, 15.618537473829308, 15.619662033121005, 15.620786301083069, 15.621910277866347, 15.623033963621571, 15.62528046265022, 15.627525799372535, 15.62864803224441, 15.629769974990179, 15.630891627759757, 15.632012990702954, 15.635375342070466, 15.636495547203788, 15.637615463257985, 15.638735090382168, 15.639854428725322, 15.644328897263438, 15.646564402711626, 15.648798757194449, 15.649915503193954, 15.651031961896027, 15.652148133448387, 15.653264017998652, 15.65437961569433, 15.657724689127122, 15.658839140877186, 15.65995330650846, 15.66106718616777, 15.664407110780463, 15.665519848017887, 15.666632300015763, 15.667744466920242]}, {"gosnr_load_qot_54": [15.222293878808228, 15.192747226100934, 15.320786319972424, 15.318773767832006, 15.247689743101589, 15.178519530070268, 15.214653295011455, 15.30991961839403, 15.307095412554698, 15.30964686820677, 15.325984814540748, 15.227077848692252, 15.169990853807558, 15.30417947181494, 15.267649419876195, 15.269114971183328, 15.190428452072311, 15.239318428056539, 15.240594597464497, 15.202450285550544, 15.192057893232471, 15.211749166781134, 15.330148271563662, 15.36731663375354, 15.217313675127773, 15.208061476460347, 15.228233501923896, 15.276944720649407, 15.186157486595244, 15.181355029597103, 15.266805697250234, 15.220044423416939, 15.191874147065022, 15.272553429974042, 15.279697538257812, 15.214870093851339, 15.171254067894948, 15.207517697000814, 15.21350403987308, 15.182764609460293, 15.23888288366913, 15.253145495210516, 15.168179706296032, 15.2389949650693, 15.26455417325263, 15.233029404144675, 15.221945520248166, 15.195451704649125, 15.319874795846706, 15.2844589730033, 15.2986563584569, 15.225856875854351, 15.294884211771347, 15.203126503334097]}]}