{"tests_qot": [{"osnr_load_qot_81": [15.577858031502956, 15.578993180126057, 15.580128031909863, 15.581262587009528, 15.58239684558007, 15.583530807776405, 15.58466447375331, 15.585797843665452, 15.586930917667377, 15.588063695913503, 15.58919617855813, 15.59032836575544, 15.591460257659486, 15.592591854424217, 15.593723156203447, 15.594854163150874, 15.595984875420072, 15.597115293164507, 15.598245416537518, 15.599375245692313, 15.600504780782, 15.601634021959558, 15.602762969377846, 15.603891623189604, 15.605019983547457, 15.6061480506039, 15.607275824511333, 15.608403305422005, 15.609530493488071, 15.610657388861558, 15.611783991694372, 15.612910302138312, 15.61403632034505, 15.61516204646614, 15.616287480653018, 15.617412623057005, 15.618537473829308, 15.619662033121005, 15.620786301083069, 15.621910277866347, 15.623033963621571, 15.624157358499364, 15.62528046265022, 15.62640327622452, 15.627525799372535, 15.62864803224441, 15.629769974990179, 15.630891627759757, 15.632012990702954, 15.633134063969443, 15.634254847708796, 15.635375342070466, 15.636495547203788, 15.637615463257985, 15.638735090382168, 15.639854428725322, 15.640973478436322, 15.642092239663931, 15.64321071255679, 15.644328897263438, 15.64544679393228, 15.646564402711626, 15.647681723749656, 15.648798757194449, 15.649915503193954, 15.651031961896027, 15.652148133448387, 15.653264017998652, 15.65437961569433, 15.6554949266828, 15.656609951111344, 15.657724689127122, 15.658839140877186, 15.65995330650846, 15.66106718616777, 15.662180780001831, 15.663294088157233, 15.664407110780463, 15.665519848017887, 15.666632300015763, 15.667744466920242]}, {"gosnr_load_qot_81": [15.087409318830009, 15.130591107056299, 15.069427611420105, 15.068498875875134, 15.071739768255089, 15.065427750859952, 15.071526407573783, 15.066478577289972, 15.132688668945708, 15.066727569963296, 15.173125669148234, 15.076606292259543, 15.111372813719083, 15.06541527316312, 15.065640266562868, 15.195375460603787, 15.108292508916946, 15.213795011875956, 15.121273968999514, 15.080916629433856, 15.070503082160492, 15.114665595793479, 15.065263015430222, 15.14848053556273, 15.074537453732175, 15.069839283284931, 15.091201260195772, 15.07815028157815, 15.065183039297121, 15.089255544796034, 15.29898904270768, 15.066030023354118, 15.140902166974186, 15.081079984656348, 15.074768757387814, 15.090511415275724, 15.083800219640162, 15.073154826723998, 15.225408597284183, 15.181619170926169, 15.126115153192858, 15.065262321544516, 15.161529802986461, 15.069090322198136, 15.100123204197484, 15.067781525883115, 15.112471879005117, 15.065183934433577, 15.067034151218007, 15.072465309321299, 15.099580988793138, 15.065681711217882, 15.073468664151138, 15.082414651149609, 15.076876591933871, 15.095417897638939, 15.086918057649887, 15.078697604461375, 15.068404329593212, 15.065935144804945, 15.170647989838573, 15.067222370802922, 15.079496130952661, 15.093252912974899, 15.066298084602243, 15.102684746226867, 15.070651228228007, 15.105402643296024, 15.122000611792911, 15.241644014802167, 15.105406816814185, 15.15373446566729, 15.075672922317375, 15.083993497280144, 15.0977047203688, 15.085656946995428, 15.067704565771336, 15.094684492556812, 15.135492362344873, 15.118197409041695, 15.14693176590445]}]}