{"tests": [{"osnr_load_27": [13.321222805422963, 13.41071975906021, 13.440417327272296, 13.617192672891411, 13.76266677367045, 13.820390610769927, 13.877849184037299, 13.9064791901364, 13.935043113608819, 14.020339182077176, 14.105043390401136, 14.161185144444632, 14.27268514489385, 14.300397411585715, 14.355627270879461, 14.46531076154207, 14.654781509513136, 14.708340949290355, 14.761646189145786, 14.893802222127908, 15.024386544328754, 15.101987916248472, 15.153411685458519, 15.17903073576248, 15.20458803508457, 15.456787929850236, 15.481672961120207]}, {"gosnr_load_27": [13.312354392118896, 14.761658447177933, 14.523625571571516, 13.677441648975517, 14.148823450774849, 13.916760963028803, 13.645905499457104, 15.111406044691222, 13.667140189620774, 13.499537499046077, 14.277242684550238, 14.062162728177883, 14.462313770821147, 13.226376974421969, 14.664464268961293, 14.76022561651302, 13.283315281636394, 15.137884126996715, 13.724387007716686, 14.83433625404851, 14.755071760027755, 13.970735990001595, 13.841276555479777, 14.787484413149702, 14.430548418626197, 14.042337497413214, 13.610963921341577]}]}