{"tests": [{"osnr_load_54": [14.403197545753324, 14.404331901787476, 14.406599724887872, 14.40999923943868, 14.412264104207612, 14.413396093575138, 14.414527787803323, 14.415659187045996, 14.416790291456849, 14.419051616397285, 14.420181837233672, 14.42131176385183, 14.422441396404862, 14.423570735045745, 14.4258285312024, 14.428085153543242, 14.430340603287824, 14.433721581949786, 14.434847989856891, 14.435974105526777, 14.438225460760997, 14.439350700628086, 14.44047564886347, 14.441600305618241, 14.442724671043353, 14.443848745289669, 14.444972528507911, 14.447219222462556, 14.449464754110792, 14.450587084445605, 14.4517091246543, 14.452830874886786, 14.453952335292872, 14.457314979048954, 14.458435281645105, 14.459555295162115, 14.460675019749088, 14.461794455555015, 14.466269313944073, 14.468505014317635, 14.470739563725772, 14.471856407187909, 14.472972963352591, 14.47408923236755, 14.475205214380399, 14.476320909538638, 14.479666275359035, 14.480780824571598, 14.48189508766536, 14.483009064787137, 14.486349281787131, 14.487462116486963, 14.488574665947226, 14.489686930314074]}, {"gosnr_load_54": [14.038197637478131, 14.008171584848053, 14.138859788441284, 14.135558946604723, 14.063861118443107, 13.993913771432611, 14.030931969258615, 14.126653389530503, 14.123718382841545, 14.126596888813303, 14.143220964965948, 14.042886185246628, 13.98524036399672, 14.122028462042941, 14.083771384735835, 14.085545347804747, 14.006254473988731, 14.055717829734819, 14.056390007326936, 14.018003980795129, 14.008010191707857, 14.027949564163997, 14.147142211972296, 14.184834278870325, 14.033007935129522, 14.023918065070077, 14.043858901347422, 14.094006862512561, 14.001952715330475, 13.996725024205842, 14.083746042649608, 14.036116455936405, 14.007840627246, 14.08873320422661, 14.096070138823084, 14.030510755692971, 13.986489164150413, 14.023416636886829, 14.029341994505206, 13.998491664734596, 14.055600380396026, 14.069552161668229, 13.98338539362221, 14.055084732941074, 14.080780119710008, 14.048760531560793, 14.038233108240005, 14.010933438495112, 14.137986692351639, 14.101602623063474, 14.116331931268153, 14.041463084856627, 14.11143828589649, 14.01928083778445]}]}