{"tests": [{"osnr_load_81": [14.399792697855807, 14.400927943942563, 14.402062893190006, 14.403197545753287, 14.404331901787435, 14.405465961447357, 14.406599724887833, 14.407733192263535, 14.408866363728997, 14.409999239438642, 14.411131819546778, 14.412264104207576, 14.413396093575098, 14.414527787803287, 14.415659187045959, 14.416790291456813, 14.41792110118942, 14.41905161639725, 14.420181837233637, 14.421311763851792, 14.422441396404826, 14.423570735045708, 14.42469977992731, 14.425828531202363, 14.426956989023495, 14.428085153543204, 14.429213024913881, 14.430340603287785, 14.431467888817068, 14.432594881653749, 14.433721581949747, 14.434847989856854, 14.435974105526741, 14.437099929110964, 14.438225460760957, 14.43935070062805, 14.440475648863435, 14.441600305618202, 14.442724671043317, 14.443848745289634, 14.444972528507877, 14.446096020848671, 14.447219222462515, 14.44834213349979, 14.449464754110755, 14.450587084445567, 14.451709124654261, 14.45283087488675, 14.453952335292835, 14.455073506022199, 14.456194387224407, 14.457314979048919, 14.458435281645068, 14.459555295162076, 14.460675019749047, 14.461794455554976, 14.46291360272874, 14.464032461419091, 14.46515103177468, 14.466269313944037, 14.467387308075576, 14.4685050143176, 14.469622432818296, 14.470739563725735, 14.471856407187873, 14.472972963352557, 14.474089232367515, 14.475205214380363, 14.476320909538602, 14.477436317989625, 14.478551439880704, 14.479666275358998, 14.480780824571562, 14.481895087665322, 14.483009064787101, 14.484122756083613, 14.48523616170145, 14.486349281787096, 14.487462116486924, 14.48857466594719, 14.489686930314038]}, {"gosnr_load_81": [13.901139258662635, 13.944711721228675, 13.88346506102048, 13.882506231095256, 13.885844158544906, 13.879291616973283, 13.885218682425917, 13.880407008486696, 13.94793177668225, 13.880463521021918, 13.98901191341156, 13.890831888313288, 13.925291948474708, 13.879197236368828, 13.87940920715003, 14.010325952623322, 13.922182640382587, 14.029004505975113, 13.93632938689869, 13.894616406271659, 13.88457280458928, 13.928616872903845, 13.879108104316945, 13.96397774145125, 13.888225044199874, 13.88353938822332, 13.90495430200355, 13.891842029949588, 13.879010603613114, 13.902996304075227, 14.115454349292254, 13.879935478392593, 13.955142294211527, 13.895404700885026, 13.888950745726678, 13.905025454296167, 13.898181710545238, 13.88729653666408, 14.04210865445168, 13.996381065325584, 13.94018610393023, 13.879058370109261, 13.97602608926544, 13.88279573327672, 13.91394213941622, 13.881500331509462, 13.92737911448176, 13.878995168794061, 13.880987143553185, 13.886155070680175, 13.914262911248333, 13.879565673871943, 13.887156859285838, 13.896120129584645, 13.890565934540293, 13.909200289041788, 13.901362265326673, 13.892970589957418, 13.8821159730662, 13.879692093261083, 13.985263182779102, 13.880949275392469, 13.893191345201464, 13.907019795700295, 13.880044044123663, 13.916525030991577, 13.884346953267848, 13.919266582891346, 13.936027258130302, 14.057255596999642, 13.920192069684656, 13.96813164100008, 13.889360887848126, 13.897705864943262, 13.911504414106833, 13.899377447223525, 13.88168382102367, 13.909277047285633, 13.949668953565634, 13.932184362698429, 13.961244654544924]}]}