{"tests_qot": [{"osnr_load_qot_27": [4.895853299133874, 5.263858111044471, 5.384996955485794, 6.095614846791513, 6.666368186220342, 6.889175456626622, 7.108833716113563, 7.217480853266418, 7.3253396853684265, 7.644186528344898, 7.955945293006367, 8.159855021813819, 8.558281846912157, 8.6559399801904, 8.848930020815267, 9.22566390399604, 9.855708930299983, 10.02900418407428, 10.199364393818122, 10.612627170721261, 11.008255420740023, 11.237402030693595, 11.38681671506788, 11.460533978167886, 11.533597910162207, 12.22944691329593, 12.295669564043365]}, {"gosnr_load_qot_27": [5.335448299046136, 10.064725776459433, 9.755553498251606, 7.084591381399039, 8.63157294817354, 7.809769160453328, 6.791658996566249, 10.26146856142965, 6.988295183844154, 6.037637159033494, 8.990775501677907, 8.428560916519046, 9.604327320397905, 4.860126182810154, 10.08142493629829, 10.25713174207598, 5.216013606180433, 10.303605853066095, 7.1969369477840415, 10.209365294295248, 9.995532663900073, 8.001688055106621, 7.517995133822133, 10.238864668132834, 9.491537739122965, 8.343893396713334, 6.5840366790289995]}]}