{"tests_qot": [{"osnr_load_qot_54": [9.113362086680286, 9.114496662962413, 9.1167649265587, 9.120165101853184, 9.122430407117797, 9.123562616733139, 9.124694531209112, 9.12582615069956, 9.12695747535815, 9.129219240794027, 9.130349681878098, 9.131479828743922, 9.132609681544597, 9.13373924043312, 9.135997477084953, 9.138254539920906, 9.140510430160502, 9.14389206956486, 9.14501869771938, 9.146145033636667, 9.148396829365623, 9.149522289480046, 9.150647457962751, 9.151772334964809, 9.152896920637211, 9.154021215130774, 9.155145218596251, 9.157392353045301, 9.159638325187872, 9.160760875769817, 9.161883136225619, 9.163005106705196, 9.164126787358343, 9.167490091855527, 9.168610614698661, 9.169730848462631, 9.170850793296557, 9.171970449349407, 9.176446188725974, 9.178682329593164, 9.180917319494833, 9.182034383203714, 9.183151159615123, 9.184267648876776, 9.185383851136312, 9.186499766541207, 9.189845793101464, 9.190960562560601, 9.192075045900918, 9.193189243269234, 9.196530121008719, 9.197643175954992, 9.198755945661688, 9.199868430274947]}, {"gosnr_load_qot_54": [8.749784540372632, 8.719801269638317, 8.850240404149192, 8.847083464576428, 8.775427524247762, 8.705541548590748, 8.742473915811377, 8.838180288543786, 8.835256642682161, 8.838099401528305, 8.854697610683136, 8.75448559577257, 8.696881227082681, 8.833427929951993, 8.795350882772079, 8.797090773667302, 8.7178382017453, 8.76725547885026, 8.767995950061108, 8.729622762541238, 8.719580348429858, 8.739499213088408, 8.858647655638599, 8.896295264685465, 8.744616492368149, 8.735504936738701, 8.755479283505355, 8.805484319584414, 8.713538311607802, 8.708356576004372, 8.79523333090804, 8.747683622920775, 8.71940912329997, 8.800308070787576, 8.807626067570567, 8.742124415466247, 8.698132113279032, 8.734998550486518, 8.740932993281238, 8.710083654004464, 8.767102148047499, 8.781094208179127, 8.695030505631543, 8.766657025517507, 8.792346770964715, 8.760370845448954, 8.749776785571388, 8.722557689419647, 8.849362642329957, 8.813073783198845, 8.827748765869279, 8.753084729483762, 8.822979619012099, 8.730832436769727]}]}