{"tests_qot": [{"osnr_load_qot_81": [9.109956578038764, 9.111092044373553, 9.11222721386901, 9.113362086680286, 9.114496662962413, 9.115630942870286, 9.1167649265587, 9.117898614182312, 9.119032005895669, 9.120165101853184, 9.121297902209168, 9.122430407117797, 9.123562616733139, 9.124694531209112, 9.12582615069956, 9.12695747535815, 9.128088505338495, 9.129219240794027, 9.130349681878098, 9.131479828743922, 9.132609681544597, 9.13373924043312, 9.134868505562316, 9.135997477084953, 9.13712615515366, 9.138254539920906, 9.13938263153909, 9.140510430160502, 9.141637935937265, 9.142765149021416, 9.14389206956486, 9.14501869771938, 9.146145033636667, 9.147271077468274, 9.148396829365623, 9.149522289480046, 9.150647457962751, 9.151772334964809, 9.152896920637211, 9.154021215130774, 9.155145218596251, 9.156268931184272, 9.157392353045301, 9.158515484329747, 9.159638325187872, 9.160760875769817, 9.161883136225619, 9.163005106705196, 9.164126787358343, 9.165248178334766, 9.166369279783995, 9.167490091855527, 9.168610614698661, 9.169730848462631, 9.170850793296557, 9.171970449349407, 9.173089816770073, 9.174208895707315, 9.175327686309773, 9.176446188725974, 9.177564403104338, 9.178682329593164, 9.179799968340633, 9.180917319494833, 9.182034383203714, 9.183151159615123, 9.184267648876776, 9.185383851136312, 9.186499766541207, 9.187615395238872, 9.188730737376563, 9.189845793101464, 9.190960562560601, 9.192075045900918, 9.193189243269234, 9.19430315481226, 9.195416780676592, 9.196530121008719, 9.197643175954992, 9.198755945661688, 9.199868430274947]}, {"gosnr_load_qot_81": [8.612920396346682, 8.65646477746754, 8.595205165836239, 8.594249377734313, 8.597577586616671, 8.591049758131552, 8.596998287980194, 8.592158282885961, 8.659559602094856, 8.592236488669924, 8.700582453108462, 8.602553474541617, 8.637060581815339, 8.590964565472044, 8.591178079170778, 8.722009811404876, 8.633953404050999, 8.740666167035494, 8.647974096816077, 8.606398572326807, 8.596309676226559, 8.640383102071588, 8.590868293426757, 8.675582849806611, 8.600006265717603, 8.595317504450382, 8.61673422503517, 8.603624093928874, 8.590772730710189, 8.614776898306038, 8.827007215057446, 8.591689169427973, 8.66688572450586, 8.607116783505875, 8.600676560856575, 8.61671971122721, 8.60988840758318, 8.599026288223161, 8.753607316435271, 8.708080978004755, 8.651943092723213, 8.590824063055964, 8.687748373259884, 8.59457298302215, 8.625717914396425, 8.593275604558592, 8.639037238961969, 8.590759129022587, 8.592735862123495, 8.597935298201628, 8.625941624167877, 8.591321651249343, 8.598937625872288, 8.607902199214891, 8.602347806876367, 8.620978452000141, 8.613063054796275, 8.604687615067693, 8.593892275193964, 8.591462417805413, 8.696975493654278, 8.592723437266613, 8.604973508147165, 8.61879891148423, 8.59181573320735, 8.628299343415254, 8.596125854859702, 8.631039231612858, 8.647787712013011, 8.768882572442932, 8.631861307538731, 8.679862171065098, 8.601142478592406, 8.609487734384713, 8.623281467690596, 8.611159007864686, 8.593429834304082, 8.620964008828723, 8.66141752651803, 8.643947879390682, 8.67298213742956]}]}