{"tests_qot": [{"osnr_load_qot_27": [24.66101334711769, 24.67288818786531, 24.676841875144902, 24.70051591514844, 24.72018153810587, 24.728031877417326, 24.735873149505288, 24.739790390353885, 24.743705370408257, 24.755436765787238, 24.767147885857305, 24.774944061692747, 24.790509514611028, 24.79439528546376, 24.802160130118413, 24.817663086261618, 24.844707817263085, 24.852414985795484, 24.860113339488098, 24.87932076028779, 24.898473425898903, 24.90993884249752, 24.91757157590664, 24.92138468502622, 24.925195624956263, 24.963186135293654, 24.966973338928263]}, {"gosnr_load_qot_27": [24.47999792149899, 24.66506183203768, 24.665645600485064, 24.457118814112007, 24.59418735336973, 24.55433177969613, 24.50398939952949, 24.771773517798124, 24.472623751640405, 24.53449120914186, 24.637396139017348, 24.55027994380325, 24.64704946244382, 24.508802415637938, 24.70359941167722, 24.711525491892232, 24.47507212690587, 24.777750102550126, 24.486262056941523, 24.690147700132204, 24.65226216342065, 24.56501754959174, 24.544546022123907, 24.69882936108918, 24.65188488209992, 24.551732620365758, 24.520318724032798]}]}