{"tests_qot": [{"osnr_load_qot_54": [24.773866090676165, 24.774997353121243, 24.77725898905145, 24.780649222866842, 24.782907900492074, 24.784036796291723, 24.78516539695468, 24.786293702634772, 24.7874217134857, 24.789676851314226, 24.790803978598632, 24.791930811667456, 24.79305735067381, 24.794183595770658, 24.796435204847192, 24.798685640118507, 24.80093490280416, 24.804306600897604, 24.805429915287167, 24.806552937442163, 24.808798105654542, 24.809920252014685, 24.81104210674577, 24.81216366999889, 24.813284941925005, 24.814405922674972, 24.81552661239952, 24.817767119374704, 24.820006464054085, 24.821125700908446, 24.82224464763933, 24.823363304396665, 24.824481671330236, 24.82783503468469, 24.828952243818925, 24.830069163876672, 24.831185795007038, 24.832302137359, 24.836764621958686, 24.83899413545346, 24.8412224979934, 24.842336248025415, 24.84344971076262, 24.844562886352755, 24.845675774943427, 24.84678837668214, 24.850124462259842, 24.851235918063473, 24.85234708775095, 24.853457971469094, 24.856788908274083, 24.857898649580875, 24.85900810565075, 24.860117276629857]}, {"gosnr_load_qot_54": [24.43410198898112, 24.40686682825922, 24.522291036072048, 24.526155222127443, 24.45817054635161, 24.392835465075823, 24.424782341882498, 24.517573055982083, 24.51526602484715, 24.51631569300752, 24.531280303928767, 24.43930159373451, 24.38500305939356, 24.50677644069913, 24.478271910484295, 24.478324331060378, 24.40272360321334, 24.44879398010038, 24.45282091663097, 24.41593903250029, 24.40376990927072, 24.422247408807184, 24.536529728056628, 24.571153060001834, 24.430098868265464, 24.420144059728635, 24.441287613578268, 24.483240778416228, 24.398610856654525, 24.395770015355144, 24.473699519175703, 24.43109391716813, 24.403522195253057, 24.482891515263077, 24.489125858116537, 24.427910165840387, 24.38632692149215, 24.41940922166463, 24.42564907946977, 24.395543222347, 24.446909597285856, 24.46253005189424, 24.383399573386974, 24.449884506779437, 24.47471525354178, 24.445580788700283, 24.432003578499796, 24.409298074875466, 24.521208492771834, 24.490351921285487, 24.50206629649235, 24.4390085206311, 24.503420723203234, 24.413870691949402]}]}