{"tests_qot": [{"osnr_load_qot_81": [24.77047052356179, 24.77160267605153, 24.772734531704607, 24.773866090676165, 24.774997353121243, 24.776128319194743, 24.77725898905145, 24.778389362846028, 24.77951944073302, 24.780649222866842, 24.7817787094018, 24.782907900492074, 24.784036796291723, 24.78516539695468, 24.786293702634772, 24.7874217134857, 24.788549429661025, 24.789676851314226, 24.790803978598632, 24.791930811667456, 24.79305735067381, 24.794183595770658, 24.79530954711087, 24.796435204847192, 24.797560569132237, 24.798685640118507, 24.799810417958398, 24.80093490280416, 24.80205909480795, 24.803182994121794, 24.804306600897604, 24.805429915287167, 24.806552937442163, 24.80767566751414, 24.808798105654542, 24.809920252014685, 24.81104210674577, 24.81216366999889, 24.813284941925005, 24.814405922674972, 24.81552661239952, 24.816647011249266, 24.817767119374704, 24.81888693692622, 24.820006464054085, 24.821125700908446, 24.82224464763933, 24.823363304396665, 24.824481671330236, 24.82559974858974, 24.82671753632474, 24.82783503468469, 24.828952243818925, 24.830069163876672, 24.831185795007038, 24.832302137359, 24.833418191081442, 24.83453395632313, 24.8356494332327, 24.836764621958686, 24.83787952264951, 24.83899413545346, 24.840108460518735, 24.8412224979934, 24.842336248025415, 24.84344971076262, 24.844562886352755, 24.845675774943427, 24.84678837668214, 24.847900691716283, 24.84901272019313, 24.850124462259842, 24.851235918063473, 24.85234708775095, 24.853457971469094, 24.85456856936462, 24.855678881584122, 24.856788908274083, 24.857898649580875, 24.85900810565075, 24.860117276629857]}, {"gosnr_load_qot_81": [24.30970763457387, 24.350925973642084, 24.29039110624498, 24.289603824599055, 24.292387643343677, 24.287201751433855, 24.294061295784207, 24.28795284647584, 24.34788303886812, 24.28908185075352, 24.385217297845458, 24.296680007044152, 24.332707953544176, 24.287564212305092, 24.28784791108313, 24.411649122132847, 24.329772909279153, 24.42880877863489, 24.33737246479773, 24.303379276006627, 24.29131456859256, 24.33584024183951, 24.28712362327742, 24.362449660031118, 24.297081643453712, 24.292345126175668, 24.31337847502497, 24.300660855010136, 24.287124181661422, 24.31149686133101, 24.507913001715607, 24.287611252661026, 24.36064811692585, 24.300682217480684, 24.295049386417695, 24.30920963507497, 24.303131776038775, 24.293626244629603, 24.433571010688343, 24.398811740737692, 24.34669552179852, 24.28734740166384, 24.38001953350866, 24.29157489205118, 24.321962638378047, 24.290210049943354, 24.32928340819465, 24.287199819489885, 24.28839377879253, 24.295007918573063, 24.317474825596847, 24.287362709099334, 24.296014397095288, 24.304845143180547, 24.299403320898634, 24.31744368312783, 24.305950167497983, 24.298546089909365, 24.290863132073902, 24.288196497087103, 24.388556488000237, 24.28961607149055, 24.30198540285037, 24.315358461044397, 24.288608279019947, 24.324416066204893, 24.29317384960431, 24.32701466007821, 24.34280048471221, 24.454705199135667, 24.322804626742794, 24.372709476171373, 24.298210813493128, 24.306386069439476, 24.31964203653574, 24.308005563479966, 24.288941304812962, 24.31300678359991, 24.355551101572132, 24.339194411811498, 24.366320188072628]}]}