{"tests": [{"osnr_load_27": [5.635812965944185, 5.965437572299249, 6.0740410260311535, 6.712210420422402, 7.226279514810521, 7.4273672074825825, 7.625855068385826, 7.724123492205594, 7.821741466042261, 8.110693532309334, 8.39379865007167, 8.579293695784097, 8.94253193907019, 9.03173249683257, 9.208211449418176, 9.553522370089127, 10.133582579209035, 10.293731635217238, 10.451435129200206, 10.835137378243306, 11.204054753486572, 11.418474299173976, 11.558589418170621, 11.627808202690614, 11.69647261848751, 12.35345022140063, 12.416266010664714]}, {"gosnr_load_27": [6.020690695736662, 10.420381546043986, 10.045181527238444, 7.585929834057171, 8.996664232107928, 8.24697331749739, 7.325958199453666, 10.755113252814077, 7.500452866910835, 6.651461909171337, 9.329557523658329, 8.80751583641399, 9.901337696690453, 5.597339284806797, 10.361084332017194, 10.548107480844156, 5.913734066044121, 10.800459600675076, 7.689134105384801, 10.564218389662251, 10.368394910997033, 8.421564894957159, 7.982737019178002, 10.555403704015598, 9.79519541838155, 8.730610490859185, 7.14056423310037]}]}