{"tests": [{"osnr_load_54": [9.446936739923878, 9.44807130881958, 9.450339557643016, 9.453739710778235, 9.456005001270002, 9.45713720349892, 9.458269110588473, 9.459400722692497, 9.46053203996467, 9.462793790627707, 9.463924224325357, 9.46505436380476, 9.46618420921902, 9.467313760721119, 9.469571982600117, 9.471829030663235, 9.474084906129995, 9.477466523375105, 9.478593144143211, 9.479719472674082, 9.481971253630208, 9.483096706358216, 9.484221867454504, 9.48534673707015, 9.48647131535614, 9.48759560246329, 9.488719598542355, 9.490966718218578, 9.49321267558833, 9.494335218783858, 9.495457471853248, 9.49657943494642, 9.497701108213157, 9.50106439055111, 9.502184906007841, 9.503305132385401, 9.504425069832912, 9.505544718499355, 9.510020428330296, 9.512256554424672, 9.514491529553533, 9.51560858587601, 9.516725354901013, 9.517841836776263, 9.518958031649392, 9.520073939667885, 9.523419944068932, 9.524534706141667, 9.52564918209558, 9.526763372077498, 9.530104227657779, 9.531217275217651, 9.532330037537955, 9.533442514764808]}, {"gosnr_load_54": [9.08339256454344, 9.053413921087945, 9.183827835434812, 9.180682521697246, 9.109032869824224, 9.03915462003379, 9.076078644429096, 9.171779904095978, 9.168857286523917, 9.171697072385346, 9.1882925281516, 9.08809442868157, 9.03049569060264, 9.167017562370654, 9.128956460979262, 9.130693558877082, 9.051447260855644, 9.100858859735386, 9.10160475638759, 9.063234147676017, 9.053188253407962, 9.073104677180849, 9.192244709644443, 9.229887197702862, 9.078226455478797, 9.069113535566338, 9.089089751443538, 9.1390813314231, 9.047147692699935, 9.041969836137723, 9.12883154794474, 9.081290155546798, 9.053016902501668, 9.133913076094354, 9.141229260075448, 9.07573488693126, 9.031746693407205, 9.06860677367648, 9.074541702631697, 9.043693684436567, 9.100702668860514, 9.114697376934389, 9.028645382579622, 9.100263198160501, 9.125951445783985, 9.093980310685014, 9.083381357046212, 9.056169795926799, 9.182949737281703, 9.146669980535906, 9.161340019779303, 9.086695395316296, 9.156581014545655, 9.06443840632902]}]}