{"tests": [{"osnr_load_81": [9.443531253441574, 9.444666712389937, 9.445801874498967, 9.44693673992382, 9.448071308819522, 9.449205581340973, 9.450339557642959, 9.451473237880148, 9.452606622207082, 9.453739710778178, 9.45487250374774, 9.456005001269945, 9.457137203498862, 9.458269110588418, 9.45940072269244, 9.460532039964614, 9.461663062558534, 9.46279379062765, 9.463924224325297, 9.465054363804702, 9.46618420921896, 9.467313760721062, 9.468443018463843, 9.469571982600058, 9.470700653282346, 9.471829030663178, 9.472957114894943, 9.474084906129939, 9.475212404520287, 9.476339610218016, 9.477466523375048, 9.478593144143154, 9.479719472674025, 9.480845509119208, 9.48197125363015, 9.483096706358157, 9.484221867454446, 9.485346737070095, 9.48647131535608, 9.487595602463232, 9.488719598542296, 9.489843303743902, 9.49096671821852, 9.492089842116556, 9.493212675588268, 9.494335218783803, 9.495457471853191, 9.49657943494636, 9.497701108213096, 9.49882249180311, 9.499943585865932, 9.501064390551052, 9.50218490600778, 9.503305132385345, 9.504425069832854, 9.5055447184993, 9.50666407853356, 9.507783150084393, 9.508901933300443, 9.51002042833024, 9.511138635322197, 9.512256554424614, 9.513374185785683, 9.514491529553474, 9.515608585875952, 9.516725354900954, 9.517841836776205, 9.518958031649335, 9.520073939667828, 9.521189560979092, 9.522304895730379, 9.523419944068872, 9.524534706141608, 9.525649182095524, 9.526763372077442, 9.527877276234067, 9.528990894711995, 9.530104227657723, 9.531217275217594, 9.532330037537896, 9.53344251476475]}, {"gosnr_load_81": [8.946549391615566, 8.990089812599857, 8.92883157662004, 8.927876068858133, 8.931203371302024, 8.92467777205931, 8.930627784309147, 8.925785704973286, 8.993174510356255, 8.92586564072423, 9.034191150798993, 8.936178118599331, 8.970687628517569, 8.924593316727416, 8.924806945352406, 9.055626701743968, 8.967580743465925, 9.074280532003693, 8.981590812672795, 8.940027905400234, 8.929935785563721, 8.974009825595745, 8.92449647804291, 9.00919530679748, 8.933635773534771, 8.928946947480975, 8.950362973591128, 8.937253527488584, 8.924401073877108, 8.948405777316026, 9.16060936595203, 8.925316802887851, 9.000509577234192, 8.940740489673267, 8.934301616184811, 8.950341616743074, 8.943511574899027, 8.932651722563662, 9.08720813682082, 9.041699710235157, 8.98556862109033, 8.9244526890865, 9.021369706037863, 8.928202385917302, 8.95934597848124, 8.92690490021202, 8.972655379502456, 8.924387619164756, 8.926363057481485, 8.931564807591178, 8.95956192547107, 8.924949481705447, 8.932567139137598, 8.941531465678246, 8.93597727507868, 8.954606893224767, 8.94668562568254, 8.938311811212623, 8.92752162897456, 8.925091388926917, 9.030595661065338, 8.926352665712352, 8.938602896782431, 8.95242751446568, 8.925444799546472, 8.961927189064793, 8.929755329046268, 8.964666836455708, 8.981413681599571, 9.102493022908334, 8.96548061884251, 9.013484477050103, 8.934771971460782, 8.943116922717536, 8.956909729753818, 8.944788106005552, 8.927056786444417, 8.954585164819694, 8.99504200713378, 8.977574245435743, 9.006605272723053]}]}