{"tests": [{"osnr_load_27": [9.284285565421492, 9.4681563034212, 9.528974189310967, 9.88892148226456, 10.182386558358196, 10.29812271364191, 10.412917536340379, 10.469962321870263, 10.526772245676845, 10.695794711531903, 10.862710610134174, 10.972820686565086, 11.190249232111306, 11.244026508355756, 11.35088747104982, 11.561844840372018, 11.922215218449194, 12.023136485197467, 12.123157135170114, 12.369294966120371, 12.609895224572984, 12.751626947612017, 12.845029608521122, 12.891407265129304, 12.93756998991794, 13.387522148069596, 13.431364980916987]}, {"gosnr_load_27": [9.446235666446874, 12.233588964015041, 11.830550244824085, 10.292109048964873, 11.148308554981854, 10.699554852008184, 10.16576405440702, 12.730268351548306, 10.250586433972405, 9.805243589148038, 11.365403118409215, 11.018192411730716, 11.729142325417781, 9.224094722349177, 12.063523264818086, 12.227768852098153, 9.386757472457948, 12.772155490111965, 10.360470024293845, 12.34708053534388, 12.2220207508654, 10.803277898349561, 10.546809533096404, 12.274953015132846, 11.661147215489374, 10.974186024683526, 10.069158475227178]}]}