{"tests": [{"osnr_load_54": [11.48035434599771, 11.481488855235181, 11.483756984742154, 11.487156958902718, 11.489422130078065, 11.490554272648767, 11.491686120080125, 11.492817672525945, 11.49394893013993, 11.496210561486581, 11.497340935526054, 11.498471015347274, 11.499600801103359, 11.500730292947278, 11.502988395509943, 11.505245324256737, 11.507501080407192, 11.510882518677864, 11.51200907978783, 11.513135348660569, 11.515387010300437, 11.516512403370324, 11.51763750480849, 11.518762314766022, 11.51988683339389, 11.521011060842937, 11.522134997263896, 11.524381997623918, 11.526627835677477, 11.527750319214917, 11.528872512626227, 11.52999441606132, 11.531116029669983, 11.534479133033717, 11.535599588832383, 11.536719755551893, 11.537839633341346, 11.538959222349739, 11.5434346935485, 11.54567070032681, 11.547905556139625, 11.54902255280408, 11.550139262171061, 11.551255684388302, 11.552371819603419, 11.553487667963907, 11.556833493390954, 11.5579481958057, 11.559062612101627, 11.560176742425554, 11.563517419031903, 11.564630406933809, 11.565743109596147, 11.566855527165039]}, {"gosnr_load_54": [11.116257454604222, 11.086254703799481, 11.21680541710676, 11.213587147682201, 11.141910262959486, 11.07199518457094, 11.108965631980212, 11.204682567138182, 11.201753961773884, 11.204612046280506, 11.221221986241678, 11.120953394096741, 11.063328929379733, 11.199984186409752, 11.16182892004989, 11.163583375239917, 11.084311094290964, 11.133750091765378, 11.134461554523645, 11.096081253907666, 11.086059086340436, 11.105987526037254, 11.225159960056734, 11.26282814478811, 11.111079975879408, 11.101977249800932, 11.12193820689728, 11.172006189392821, 11.080010225723179, 11.074808727020493, 11.161750573245621, 11.114164838929783, 11.08588856004732, 11.16678829354429, 11.174114662620735, 11.108585621964664, 11.064578981788884, 11.101472950118868, 11.107403784699713, 11.076552702021496, 11.133612012098776, 11.147587551016084, 11.06147632235896, 11.13313688112906, 11.158830140282987, 11.126834261419818, 11.116268080257893, 11.089013552262292, 11.21592960053258, 11.179598662246077, 11.19429738826667, 11.119543012719307, 11.189475092355643, 11.097319548208066]}]}