{"tests": [{"osnr_load_81": [11.476949038490138, 11.478084437780257, 11.479219540231046, 11.48035434599766, 11.48148885523513, 11.482623068098349, 11.483756984742106, 11.484890605321072, 11.486023929989786, 11.487156958902666, 11.48828969221402, 11.489422130078015, 11.490554272648719, 11.491686120080075, 11.492817672525891, 11.493948930139881, 11.495079893075609, 11.496210561486535, 11.497340935526001, 11.498471015347222, 11.499600801103307, 11.500730292947225, 11.50185949103184, 11.502988395509892, 11.504117006534011, 11.50524532425669, 11.506373348830303, 11.507501080407144, 11.508628519139343, 11.509755665178922, 11.51088251867781, 11.512009079787784, 11.51313534866052, 11.514261325447572, 11.515387010300387, 11.516512403370276, 11.517637504808443, 11.518762314765974, 11.51988683339384, 11.521011060842888, 11.522134997263844, 11.523258642807344, 11.524381997623864, 11.525505061863807, 11.526627835677424, 11.527750319214869, 11.528872512626176, 11.52999441606127, 11.531116029669931, 11.532237353601865, 11.53335838800662, 11.53447913303367, 11.535599588832335, 11.536719755551841, 11.537839633341292, 11.538959222349687, 11.540078522725901, 11.541197534618686, 11.542316258176688, 11.543434693548454, 11.544552840882375, 11.54567070032676, 11.546788272029804, 11.547905556139575, 11.549022552804031, 11.550139262171013, 11.551255684388252, 11.552371819603371, 11.553487667963857, 11.554603229617122, 11.555718504710406, 11.556833493390904, 11.557948195805652, 11.559062612101574, 11.560176742425504, 11.561290586924153, 11.562404145744107, 11.563517419031854, 11.56463040693376, 11.565743109596095, 11.56685552716499]}, {"gosnr_load_81": [10.979304908077125, 11.022863058240798, 10.961606388055191, 10.960649266702262, 10.963981746747464, 10.95744313783689, 10.963382787504436, 10.958554628677506, 11.02601126615497, 10.95862361287427, 11.06706021679745, 10.968962877468334, 11.003451421867885, 10.957354034555172, 10.95756690101524, 11.0884403034665, 11.00034320776107, 11.107106899042051, 11.014418092604343, 10.97278237458778, 10.962712319263622, 11.00677510405988, 10.957260794721254, 11.042044851547283, 10.966390203272315, 10.961702567374159, 10.983119412631083, 10.970007823938195, 10.957164403924347, 10.981161718684048, 11.193497961009701, 10.958084468073467, 11.033288538731794, 10.973530417945431, 10.96708408731266, 10.98314132675949, 10.976304447805827, 10.965432072046573, 11.120117918040386, 11.07450404781089, 11.018339510576228, 10.95721422206066, 11.054161064010488, 10.960958383444666, 10.992105241814405, 10.959661791607685, 11.005475154553054, 10.957150022150628, 10.9591333187619, 10.964319572232855, 10.992370235452768, 10.957715962378598, 10.965321712391333, 10.97428610519165, 10.968731565201042, 10.987364565543844, 10.979481739672858, 10.971099046490693, 10.960278050276175, 10.957850633793901, 11.063392817818169, 10.959110073878175, 10.97135725231512, 10.985184528677955, 10.958203383621651, 10.994687400929566, 10.962510617439564, 10.997428111468274, 11.014182481348598, 11.135339271490903, 10.998294196090422, 11.046271020500043, 10.967526306453262, 10.97587179164162, 10.989668149369967, 10.977543266191152, 10.95982847018787, 10.987388904119639, 11.027817922806253, 11.010341184713557, 11.039387738694304]}]}