{"tests_qot": [{"osnr_load_qot_27": [8.027254535869213, 8.25382648276621, 8.328675655220895, 8.770670103527955, 9.129686543400052, 9.270921465604442, 9.410801760328724, 9.480234202141299, 9.5493283722296, 9.754583174791772, 9.956801491104619, 10.089930726934375, 10.352163401554957, 10.416885378978142, 10.54532930308238, 10.798232450796508, 11.22813413632809, 11.348027256647688, 11.46662723174816, 11.757515986086052, 12.040483946597845, 12.206515913081727, 12.315660042425144, 12.369772359272712, 12.423579729014257, 12.94514876576661, 12.995682934520795]}, {"gosnr_load_qot_27": [8.257982602885349, 11.578427639331956, 11.145734890179952, 9.318078833698353, 10.34251909992844, 9.801146150330212, 9.151048591219991, 12.083343273846548, 9.263161524757578, 8.696437987299468, 10.59617728276552, 10.194103851141904, 11.0294764071744, 7.976056065223044, 11.410544875642678, 11.592465952288471, 8.184598658182159, 12.128896355666638, 9.396568025808605, 11.705071202589245, 11.559462037707481, 9.926445621387183, 9.614630962669839, 11.637603220378168, 10.948028898445825, 10.139880678924932, 9.02764874549625]}]}