{"tests_qot": [{"osnr_load_qot_54": [10.708814250756845, 10.709948785966434, 10.712216967417644, 10.71561701949455, 10.717882242614118, 10.719014411156929, 10.72014628456039, 10.721277862978312, 10.722409146564402, 10.724670829855253, 10.725801229866818, 10.72693133566013, 10.728061147388308, 10.729190665204323, 10.73144881971116, 10.733705800402129, 10.735961608496742, 10.739343124683643, 10.740469711765687, 10.741596006610498, 10.743847720194504, 10.744973139236457, 10.74609826664669, 10.74722310257628, 10.748347647176216, 10.749471900597317, 10.75059586299033, 10.752842915294465, 10.755088805292129, 10.75621131480162, 10.757333534184976, 10.758455463592115, 10.759577103172816, 10.762940284452679, 10.764060766223377, 10.765180958914922, 10.766300862676408, 10.767420477656833, 10.771896052743706, 10.774132111466061, 10.776367019222908, 10.77748404185938, 10.778600777198374, 10.779717225387628, 10.780833386574756, 10.781949260907256, 10.785295164250314, 10.786409892637066, 10.787524334904987, 10.788638491200915, 10.791979245723251, 10.793092259597143, 10.79420498823147, 10.795317431772348]}, {"gosnr_load_qot_54": [10.34576651384185, 10.315834717323026, 10.445991044548288, 10.442968612519547, 10.37138030904896, 10.30157884349061, 10.33841716615267, 10.43407125209567, 10.431159308749772, 10.433967820272514, 10.45053534317516, 10.350477282200348, 10.292934038367045, 10.429202841074662, 10.391307813839362, 10.393015460669481, 10.313829872667707, 10.363184899905269, 10.363988306253116, 10.32564223821274, 10.315558767630215, 10.335450773337676, 10.454510442502578, 10.492101498994927, 10.34062056566672, 10.331492541457186, 10.35148999208051, 10.401342706677868, 10.30953340638719, 10.304396259099867, 10.39110493745502, 10.343648157553282, 10.315386072458384, 10.396258723712101, 10.403556244906886, 10.33813420107199, 10.294186365311315, 10.330981765067865, 10.336922269776412, 10.306086027551304, 10.362998409773203, 10.377022175242963, 10.291087976732026, 10.362618759878362, 10.388293012616426, 10.356370286263104, 10.345718741345172, 10.318585018744571, 10.445109319919577, 10.40892328574716, 10.423542051912477, 10.349097558663123, 10.418890094598625, 10.326789231898433]}]}