{"tests_qot": [{"osnr_load_qot_81": [10.70540886533295, 10.706544290595197, 10.707679419018108, 10.708814250756845, 10.709948785966434, 10.71108302480177, 10.712216967417644, 10.713350613968728, 10.714483964609558, 10.71561701949455, 10.716749778778013, 10.717882242614118, 10.719014411156929, 10.72014628456039, 10.721277862978312, 10.722409146564402, 10.72354013547223, 10.724670829855253, 10.725801229866818, 10.72693133566013, 10.728061147388308, 10.729190665204323, 10.730319889261024, 10.73144881971116, 10.732577456707368, 10.733705800402129, 10.734833850947822, 10.735961608496742, 10.737089073201023, 10.738216245212682, 10.739343124683643, 10.740469711765687, 10.741596006610498, 10.74272200936962, 10.743847720194504, 10.744973139236457, 10.74609826664669, 10.74722310257628, 10.748347647176216, 10.749471900597317, 10.75059586299033, 10.751719534505892, 10.752842915294465, 10.753966005506461, 10.755088805292129, 10.75621131480162, 10.757333534184976, 10.758455463592115, 10.759577103172816, 10.760698453076794, 10.76181951345359, 10.762940284452679, 10.764060766223377, 10.765180958914922, 10.766300862676408, 10.767420477656833, 10.768539804005073, 10.769658841869884, 10.770777591399918, 10.771896052743706, 10.77301422604965, 10.774132111466061, 10.77524970914112, 10.776367019222908, 10.77748404185938, 10.778600777198374, 10.779717225387628, 10.780833386574756, 10.781949260907256, 10.783064848532522, 10.784180149597812, 10.785295164250314, 10.786409892637066, 10.787524334904987, 10.788638491200915, 10.78975236167156, 10.79086594646351, 10.791979245723251, 10.793092259597143, 10.79420498823147, 10.795317431772348]}, {"gosnr_load_qot_81": [10.209135708055673, 10.252637249839244, 10.191389284891647, 10.190436679535019, 10.193754614112166, 10.187252169350277, 10.19321829559791, 10.188353911430317, 10.255614917898178, 10.188452174194806, 10.296568701038723, 10.198717628497874, 10.233255001619671, 10.187175516909583, 10.187390377547022, 10.318092547664126, 10.23015099810922, 10.336720974384065, 10.244049545246076, 10.202617343565175, 10.19249037827758, 10.236574009825132, 10.187072670413485, 10.271610889642755, 10.196226616209165, 10.191536777179287, 10.212946944064532, 10.19984383615003, 10.186978938760962, 10.210990992383719, 10.422926741095655, 10.1878872152676, 10.263045229283456, 10.203270385374346, 10.196845350737526, 10.212853114126686, 10.20603595753558, 10.195199355999346, 10.34950607367735, 10.30418406507302, 10.248120962678422, 10.18703355326939, 10.283880151566173, 10.190791738685995, 10.221923329546582, 10.189493026853844, 10.235128570506294, 10.186967039673993, 10.188928902934027, 10.194155522514304, 10.222057079758113, 10.187521954828716, 10.195157964989354, 10.204120303435689, 10.198567861555883, 10.217187906136786, 10.209203913794402, 10.200846726413534, 10.190110414171548, 10.187675952302031, 10.293094422121058, 10.188940042127111, 10.201192823867943, 10.215010087790379, 10.188030395939444, 10.224502407909853, 10.192345545031678, 10.227239697391076, 10.243970402827184, 10.36489404883055, 10.227965704179278, 10.276004668641423, 10.197362735071284, 10.205705043818936, 10.219489006661373, 10.207375388747206, 10.189620104382309, 10.217089021642593, 10.257583921842485, 10.240134894770716, 10.269133758804623]}]}