{"tests_qot": [{"osnr_load_qot_27": [12.074443032817268, 12.186995630121062, 12.22431164579542, 12.446097663760638, 12.628166049701182, 12.700295475397656, 12.772027311859793, 12.80774440022277, 12.84336241390715, 12.94962312497492, 13.05499625773161, 13.12475349690516, 13.263092784420786, 13.297433518670656, 13.36582299925345, 13.50143779676981, 13.735052122581724, 13.800937133554271, 13.866441284161773, 14.028543653686453, 14.18829364940369, 14.283023195455089, 14.345712237020813, 14.376918087256447, 14.40803172719522, 14.714136537171573, 14.744247939303389]}, {"gosnr_load_qot_27": [12.110661343903333, 13.907594700612822, 13.616221880648736, 12.593896153067076, 13.160795658493443, 12.874213626078255, 12.538510828454125, 14.308350255480573, 12.57574131701739, 12.339007047712403, 13.311949226848476, 13.063120921905254, 13.544130373708537, 11.990749144174535, 13.782482135468346, 13.89884310728293, 12.074252925988304, 14.339514011631982, 12.645886222165005, 13.991720368701724, 13.901268038944535, 12.940602137056747, 12.779537519109576, 13.934133686077415, 13.502610645541655, 13.037171105388278, 12.488166859755536]}]}