{"tests_qot": [{"osnr_load_qot_54": [13.434336815609544, 13.435471234183682, 13.437739182364034, 13.441138884534709, 13.443403874383517, 13.444535926290964, 13.445667683059066, 13.446799144841645, 13.4479303117924, 13.450191761812613, 13.451322045188874, 13.452452034346894, 13.453581729439787, 13.45471113062052, 13.456969051856852, 13.45922579927734, 13.461481374101535, 13.464862540382853, 13.465989010829729, 13.467115189039376, 13.469366669353093, 13.470491971759923, 13.471616982535036, 13.472741701829527, 13.473866129794352, 13.474990266580374, 13.476114112338312, 13.478360931372324, 13.480606588099896, 13.481728980974367, 13.482851083722709, 13.483972896494835, 13.485094419440555, 13.488457250815483, 13.489577615951234, 13.490697692007833, 13.491817479134394, 13.492936977479895, 13.497412086027174, 13.499647911479798, 13.50188258596696, 13.502999491968604, 13.504116110672777, 13.505232442227221, 13.506348486779547, 13.507464244477259, 13.510809797916018, 13.511924409668017, 13.513038735301206, 13.514152774962405, 13.517493179580615, 13.518606076819832, 13.519718688819477, 13.520831015725696]}, {"gosnr_load_qot_54": [13.069537721627338, 13.039508635808568, 13.170210195718862, 13.166909011565128, 13.095203811755704, 13.025249389416762, 13.062271317515847, 13.158002532227986, 13.155067222002756, 13.157946025665586, 13.174571824922989, 13.0742267449222, 13.016575112562025, 13.15337712652681, 13.115116112940836, 13.116890257767482, 13.037591331996826, 13.087059693462066, 13.08773193947238, 13.049342022701643, 13.039347226421274, 13.059288610709192, 13.178493479333522, 13.216189481129453, 13.064347493522126, 13.055256704101907, 13.075199559743051, 13.12535264045252, 13.033289140687199, 13.028060924361673, 13.115090768258625, 13.067456329170515, 13.039177644890376, 13.120078440999244, 13.127416128669333, 13.061850061325986, 13.017824037787953, 13.054755225259573, 13.060681181888437, 13.029827742305546, 13.086942232169674, 13.100895435671545, 13.014719956471335, 13.086426532237684, 13.112124541602352, 13.080101687754986, 13.069573195984841, 13.042270767579103, 13.169337009058584, 13.132949181613986, 13.147680007435099, 13.072803500142884, 13.142785857281492, 13.05061900854212]}]}