{"tests_qot": [{"osnr_load_qot_81": [13.43093178009205, 13.43206708871882, 13.433202100506268, 13.434336815609544, 13.435471234183682, 13.436605356383582, 13.437739182364034, 13.4388727122797, 13.440005946285115, 13.441138884534709, 13.442271527182788, 13.443403874383517, 13.444535926290964, 13.445667683059066, 13.446799144841645, 13.4479303117924, 13.449061184064899, 13.450191761812613, 13.451322045188874, 13.452452034346894, 13.453581729439787, 13.45471113062052, 13.455840238041963, 13.456969051856852, 13.458097572217811, 13.45922579927734, 13.460353733187826, 13.461481374101535, 13.462608722170607, 13.463735777547077, 13.464862540382853, 13.465989010829729, 13.467115189039376, 13.468241075163355, 13.469366669353093, 13.470491971759923, 13.471616982535036, 13.472741701829527, 13.473866129794352, 13.474990266580374, 13.476114112338312, 13.477237667218798, 13.478360931372324, 13.47948390494927, 13.480606588099896, 13.481728980974367, 13.482851083722709, 13.483972896494835, 13.485094419440555, 13.486215652709543, 13.48733659645137, 13.488457250815483, 13.489577615951234, 13.490697692007833, 13.491817479134394, 13.492936977479895, 13.494056187193223, 13.495175108423137, 13.496293741318272, 13.497412086027174, 13.498530142698247, 13.499647911479798, 13.500765392520012, 13.50188258596696, 13.502999491968604, 13.504116110672777, 13.505232442227221, 13.506348486779547, 13.507464244477259, 13.508579715467743, 13.509694899898275, 13.510809797916018, 13.511924409668017, 13.513038735301206, 13.514152774962405, 13.515266528798334, 13.516379996955571, 13.517493179580615, 13.518606076819832, 13.519718688819477, 13.520831015725696]}, {"gosnr_load_qot_81": [12.932465666412122, 12.97604243015537, 12.914789736359566, 12.913830812652096, 12.917169066670711, 12.910615884262826, 12.91654352933862, 12.911731384792855, 12.97926280518676, 12.91178790285227, 13.020347039822104, 12.922157284885882, 12.956620735081474, 12.910521494435038, 12.910733485931328, 13.041663220517275, 12.953511120003501, 13.060343659218784, 12.967659265022231, 12.925942173835415, 12.915897588301492, 12.95994598802782, 12.91043235367293, 12.995310365991987, 12.91955018541507, 12.914864070833136, 12.93628108462661, 12.923167525513366, 12.910334843441262, 12.934322894260466, 13.146802334894348, 12.911259808608724, 12.986474039191522, 12.926730545764926, 12.92027595801368, 12.936352243913918, 12.929507827906829, 12.918621586962919, 13.07344913523229, 13.027716930947717, 12.97151636410762, 12.910382614605158, 13.007359916095954, 12.914120343147314, 12.945269806504651, 12.912824814702477, 12.958708107280348, 12.910319407113933, 12.912311576571906, 12.91748000923711, 12.945590609936776, 12.910889967944781, 12.918481895909613, 12.927446044646134, 12.921891305053954, 12.940527489271219, 12.932688694980161, 12.924296196144303, 12.913440516458206, 12.911016399689325, 13.016597933629505, 12.912273704709062, 12.924516973030462, 12.938346781420249, 12.911368384951178, 12.94785295259322, 12.915671714882258, 12.950594774805948, 12.96735710633871, 13.088597617265531, 12.951520352889423, 12.999464679676606, 12.920686140307778, 12.929031935602248, 12.942831841125281, 12.930703681965118, 12.91300832215786, 12.94060425506824, 12.981000154576542, 12.963513830585994, 12.992577006818149]}]}