{"tests_qot": [{"osnr_load_qot_27": [16.384342150529466, 16.434570625465096, 16.451264884478938, 16.55092244684671, 16.633308267256744, 16.666094900994597, 16.698786047935528, 16.715095884583064, 16.73138193446102, 16.7800976473251, 16.828600302304793, 16.860817420187743, 16.924969519988647, 16.940948933749436, 16.972837628815995, 17.036335294964097, 17.146563578594435, 17.177849835847333, 17.20904427985428, 17.286630235982226, 17.36364746339611, 17.409586332147068, 17.440099622131736, 17.455322568542236, 17.47052308846009, 17.62130131597179, 17.636257091224962]}, {"gosnr_load_qot_27": [16.29315560930131, 17.123617145996477, 16.993895518027415, 16.458722652437288, 16.765085002262804, 16.62807576670656, 16.46797711698114, 17.3649796203474, 16.46184708531826, 16.412275225527722, 16.852659738022567, 16.698394332603645, 16.952700912988448, 16.265748604402216, 17.08659079449677, 17.141832718578787, 16.276464233860253, 17.382060421174387, 16.497176805205875, 17.17418146780369, 17.114925098011433, 16.660558471536607, 16.585542760668293, 17.151489962588535, 16.93867941160034, 16.689220847932795, 16.459404166740093]}]}