{"tests_qot": [{"osnr_load_qot_54": [16.9831426159731, 16.984276718252463, 16.986544033843455, 16.98994278713054, 16.99220714439058, 16.993338880003733, 16.994470320477603, 16.995601465966004, 16.99673231662264, 16.9989931340548, 17.000123101137124, 17.001252774001273, 17.002382152800347, 17.00351123768732, 17.005768526336315, 17.008024641169698, 17.01027958340703, 17.013659800808504, 17.014785954962214, 17.015911816878763, 17.01816266460645, 17.01928765072035, 17.020412345202597, 17.021536748204277, 17.02266085987636, 17.02378468036969, 17.024908209835004, 17.027154396283933, 17.029399420426675, 17.030521497008813, 17.03164328346488, 17.032764779944795, 17.03388598659836, 17.037247869097193, 17.038367917941024, 17.039487677705768, 17.04060714854053, 17.0417263305943, 17.04620017397523, 17.048435366845034, 17.050669408749616, 17.051785998460055, 17.052902300873097, 17.054018316136457, 17.05513404439776, 17.056249485804507, 17.059594090370734, 17.060708385832008, 17.061822395174527, 17.062936118545124, 17.06627557429188, 17.067388155240728, 17.068500450950065, 17.069612461566035]}, {"gosnr_load_qot_54": [16.624628909598403, 16.595161499602384, 16.722770559263033, 16.720953149476095, 16.649978466233858, 16.580941599542534, 16.616933407602776, 16.71210884795342, 16.7093020503055, 16.71180347985543, 16.728094347855745, 16.629426204382405, 16.5724367441799, 16.70620152310966, 16.66994098697961, 16.671359580378425, 16.59278253127251, 16.641574617658954, 16.642941792455378, 16.604842787780566, 16.594392511433288, 16.614041777395695, 16.732293427050017, 16.7693738559851, 16.619681520402498, 16.61040690364891, 16.630609247408515, 16.67909202767961, 16.588517194839298, 16.58378011955735, 16.668973767624372, 16.622354533895603, 16.5942066634009, 16.674835119138642, 16.6819484186812, 16.617246602817517, 16.57370185069003, 16.60985684651448, 16.615851036411144, 16.58513539684234, 16.641091096130822, 16.655397391340394, 16.570632633721708, 16.64129803197228, 16.66683074134649, 16.635388061538528, 16.624222611069598, 16.59785668621755, 16.721853443683976, 16.686592212176876, 16.700705904654956, 16.628236069379213, 16.69710412029853, 16.605428051704177]}]}