{"tests_qot": [{"osnr_load_qot_81": [16.97973852934027, 16.980873521672088, 16.982008217164648, 16.9831426159731, 16.984276718252463, 16.985410524157658, 16.986544033843455, 16.98767724746453, 16.988810165175416, 16.98994278713054, 16.9910751134842, 16.99220714439058, 16.993338880003733, 16.994470320477603, 16.995601465966004, 16.99673231662264, 16.997862872601083, 16.9989931340548, 17.000123101137124, 17.001252774001273, 17.002382152800347, 17.00351123768732, 17.004640028815068, 17.005768526336315, 17.006896730403692, 17.008024641169698, 17.009152258786724, 17.01027958340703, 17.011406615182764, 17.012533354265955, 17.013659800808504, 17.014785954962214, 17.015911816878763, 17.017037386709692, 17.01816266460645, 17.01928765072035, 17.020412345202597, 17.021536748204277, 17.02266085987636, 17.02378468036969, 17.024908209835004, 17.02603144842292, 17.027154396283933, 17.02827705356843, 17.029399420426675, 17.030521497008813, 17.03164328346488, 17.032764779944795, 17.03388598659836, 17.035006903575255, 17.03612753102505, 17.037247869097193, 17.038367917941024, 17.039487677705768, 17.04060714854053, 17.0417263305943, 17.04284522401595, 17.043963828954244, 17.045082145557828, 17.04620017397523, 17.047317914354863, 17.048435366845034, 17.04955253159393, 17.050669408749616, 17.051785998460055, 17.052902300873097, 17.054018316136457, 17.05513404439776, 17.056249485804507, 17.05736464050409, 17.058479508643774, 17.059594090370734, 17.060708385832008, 17.061822395174527, 17.062936118545124, 17.064049556090502, 17.065162707957263, 17.06627557429188, 17.067388155240728, 17.068500450950065, 17.069612461566035]}, {"gosnr_load_qot_81": [16.490103584448427, 16.53321661383562, 16.472079364359395, 16.47115538651225, 16.47438088365789, 16.468106645149998, 16.47422990291563, 16.469147473093038, 16.53514396190491, 16.46942552374086, 16.57547458430671, 16.479227995502463, 16.514033108700687, 16.468106558307703, 16.46833347156523, 16.5978607814779, 16.51095788054611, 16.616236954847945, 16.523760207202088, 16.483616903067414, 16.4731497153507, 16.517320291255274, 16.467944786335316, 16.550893849321017, 16.47724098891574, 16.472541968744977, 16.49389118619507, 16.480852384871852, 16.467867478572266, 16.49194776243356, 16.701221408146957, 16.46870249375261, 16.54350727557615, 16.483685702594208, 16.47739746410722, 16.493086401365147, 16.486396746010424, 16.475789983638276, 16.627622549268295, 16.584136147077654, 16.528749177938753, 16.46795151012057, 16.5640915082425, 16.471792371258662, 16.502801171732443, 16.470481839272356, 16.514982497916442, 16.467870843472916, 16.469699208977023, 16.47516897638319, 16.502128562810515, 16.468357509576425, 16.476172345290056, 16.485113729019083, 16.479579342280964, 16.498102443519283, 16.489504405012955, 16.481311675770744, 16.47110558815404, 16.468630098306875, 16.573189644841783, 16.469921583187062, 16.482197410709944, 16.495940287796618, 16.46899461977314, 16.505358911975275, 16.473354395978056, 16.508072623278462, 16.524642261874174, 16.644018757990672, 16.507937462969572, 16.55631292447258, 16.478376148477103, 16.486691181638584, 16.500386138566867, 16.488353030809563, 16.470365502633204, 16.497246674260005, 16.53810829954393, 16.52084591629492, 16.549524509375132]}]}