{"tests": [{"osnr_load_27": [7.008435818846378, 7.275221939273077, 7.363260094736738, 7.882099125611016, 8.302124556474311, 8.466985937649378, 8.630046982981854, 8.710902444124152, 8.79130798820151, 9.02982683377762, 9.264304490745396, 9.418382657678393, 9.721180218439383, 9.795766740811263, 9.943609286778587, 10.233995479248925, 10.725332813744274, 10.861822492497485, 10.99660085537845, 11.326134291020878, 11.645232571181275, 11.831769119406822, 11.954105405260565, 12.014672681889351, 12.074841912173522, 12.655077563332249, 12.711000588186767]}, {"gosnr_load_27": [7.300804059968574, 11.074009928032824, 10.644248627534605, 8.559849384502037, 9.738227505824584, 9.113192513568748, 8.35578905816069, 11.5447501460293, 8.492749715709191, 7.814295097928113, 10.02424408560964, 9.573322510454291, 10.515908574789297, 6.96331277322506, 10.9330631136955, 11.122751216436681, 7.2143163570305235, 11.59169703433747, 8.647978346318801, 11.209884076001302, 11.044328795152513, 9.258169107814327, 8.895751827575172, 11.158077599471719, 10.423705386073097, 9.509950821717425, 8.207801815045226]}]}