{"tests": [{"osnr_load_54": [10.13755813875673, 10.138692690432096, 10.14096090481484, 10.144361006289046, 10.146626262340138, 10.14775844734871, 10.148890337217937, 10.150021932101618, 10.151153232153467, 10.153414948375834, 10.154545364853156, 10.155675487112227, 10.156805315306158, 10.157934849587926, 10.160193037026271, 10.162450050648742, 10.16470589167485, 10.16808745725899, 10.169214060806782, 10.170340372117334, 10.172592118632824, 10.173717554140516, 10.174842698016489, 10.175967550411817, 10.17709211147749, 10.178216381364331, 10.179340360223083, 10.181587445458682, 10.183833368387816, 10.184955894363032, 10.186078130212115, 10.187200076084988, 10.188321732131417, 10.191684962808456, 10.192805461044887, 10.193925670202152, 10.195045590429357, 10.196165221875502, 10.200640862825255, 10.202876954479041, 10.205111895167319, 10.206228934269504, 10.20734568607421, 10.208462150729174, 10.20957832838201, 10.210694219180219, 10.214040171920402, 10.215154916772855, 10.216269375506483, 10.217383548268117, 10.220724352187556, 10.221837382527145, 10.222950127627177, 10.224062587633751]}, {"gosnr_load_54": [9.773789974915081, 9.743799554043225, 9.874279643148633, 9.871100192757547, 9.799436564846687, 9.729539907073212, 9.766486251564103, 9.862196501203593, 9.859271034971911, 9.862119419049906, 9.87872193394904, 9.778489152529023, 9.72087740760957, 9.857463954933873, 9.8193581977194, 9.821103434405089, 9.741843628327967, 9.791268877845734, 9.791998701563573, 9.753622903189504, 9.74358792054306, 9.763510299698018, 9.882667548241866, 9.92032270950476, 9.76861846537804, 9.759510150622932, 9.779479582728184, 9.82950772312564, 9.737543379059236, 9.732354389431656, 9.819255035955356, 9.771692104614948, 9.74341695191982, 9.824316187910556, 9.83163725772476, 9.766125552701084, 9.72212798776458, 9.759004530242784, 9.76493764864855, 9.734087669458901, 9.791121144923165, 9.805107140995963, 9.719025994060607, 9.79066500788061, 9.816356043026381, 9.784372793668219, 9.77378896662014, 9.746556865270419, 9.873402595318673, 9.83709829126804, 9.8517819888145, 9.777084793737766, 9.846993333825376, 9.754843082367856]}]}