{"tests": [{"osnr_load_81": [10.134152703935468, 10.135288145663486, 10.136423290552168, 10.137558138756678, 10.138692690432038, 10.139826945733144, 10.140960904814785, 10.142094567831634, 10.143227934938231, 10.14436100628899, 10.145493782038217, 10.146626262340083, 10.147758447348656, 10.148890337217884, 10.150021932101563, 10.151153232153412, 10.152284237526999, 10.15341494837578, 10.154545364853098, 10.15567548711217, 10.156805315306103, 10.157934849587868, 10.159064090110325, 10.160193037026215, 10.161321690488174, 10.162450050648683, 10.163578117660123, 10.164705891674794, 10.165833372844826, 10.166960561322224, 10.168087457258936, 10.169214060806727, 10.170340372117279, 10.171466391342143, 10.172592118632767, 10.17371755414046, 10.174842698016434, 10.175967550411764, 10.177092111477432, 10.178216381364276, 10.179340360223026, 10.180464048204318, 10.181587445458625, 10.182710552136351, 10.183833368387758, 10.184955894362979, 10.18607813021206, 10.187200076084933, 10.18832173213136, 10.18944309850107, 10.190564175343589, 10.191684962808406, 10.192805461044829, 10.193925670202095, 10.195045590429299, 10.196165221875448, 10.197284564689413, 10.198403619019942, 10.199522385015696, 10.2006408628252, 10.201759052596861, 10.202876954478985, 10.20399456861976, 10.20511189516726, 10.206228934269445, 10.207345686074154, 10.208462150729119, 10.209578328381957, 10.210694219180162, 10.211809823271146, 10.212925140802138, 10.214040171920345, 10.215154916772802, 10.216269375506428, 10.217383548268062, 10.21849743520441, 10.219611036462059, 10.220724352187503, 10.221837382527095, 10.222950127627122, 10.224062587633698]}, {"gosnr_load_81": [9.63689338268936, 9.680442817774487, 9.619184285807433, 9.61822800833279, 9.621557784954547, 9.615025999489472, 9.620971269842547, 9.616135612953267, 9.683557236785177, 9.616210433928972, 9.72458966763551, 9.626535597257542, 9.661035890986957, 9.614939371425557, 9.615152647553519, 9.745999674912376, 9.65792833283026, 9.764659789118147, 9.671968916869707, 9.630371298256534, 9.620289317712068, 9.664358837734849, 9.614844212361684, 9.69958427893424, 9.623979041307315, 9.619290693110257, 9.640707459456333, 9.627596793338405, 9.614748345696032, 9.638749997938751, 9.851019194694711, 9.615666115137746, 9.690865428826596, 9.631100459405433, 9.62465799481062, 9.640706316597164, 9.633872966528893, 9.623007082540608, 9.777626584027344, 9.732068117167438, 9.675920449240854, 9.614799122247103, 9.71173170277697, 9.61854629556196, 9.649691934245629, 9.617249205832042, 9.66302982727896, 9.614734457675706, 9.616713599929806, 9.621908197296081, 9.649930797335047, 9.615298234488804, 9.622910456139822, 9.63187496321382, 9.62632051667914, 9.644952026293213, 9.637048584465667, 9.628670482346587, 9.617865725253736, 9.615436763806985, 9.720960523872344, 9.616697203553297, 9.628946212753668, 9.642772303590558, 9.615789871613293, 9.652273631248425, 9.620098933277427, 9.65501382128868, 9.671764463438258, 9.7928820552222, 9.655852050679199, 9.703844090620903, 9.625115213918644, 9.633460553911487, 9.647255250519551, 9.635131901194665, 9.617408004955164, 9.644951818037326, 9.685396343329538, 9.667924093446326, 9.696962864738493]}]}