{"tests_qot": [{"osnr_load_qot_27": [6.022953888747614, 6.333854857914169, 6.436335048041006, 7.039026071511931, 7.525210838926873, 7.7155790515771985, 7.903597319617198, 7.996724906552139, 8.089264781228861, 8.363359390816429, 8.63217240867225, 8.808452981036808, 9.154011579967667, 9.238947527530863, 9.407082374221767, 9.73643921140136, 10.290887697189785, 10.444245259314641, 10.595385271560698, 10.963652772187213, 11.318477874316304, 11.52505911783392, 11.660196538939278, 11.726999100876405, 11.79329493192843, 12.429074921168905, 12.490006383823006]}, {"gosnr_load_qot_27": [6.380586045344292, 10.600223635819555, 10.204914181243698, 7.855023904325749, 9.197285127733952, 8.484177390003003, 7.611529404780039, 10.983952008833839, 7.774961386920765, 6.976401420027097, 9.516574729862167, 9.015190652177182, 10.065352692823865, 5.982729605319079, 10.513734789918704, 10.702786475546787, 6.279729262748654, 11.030163040720698, 7.953736226069198, 10.74244988706756, 10.555211027981162, 8.650051877576077, 8.233742614307051, 10.719375805027948, 9.963158049943551, 8.942251287153574, 7.437185026385097]}]}