{"tests_qot": [{"osnr_load_qot_54": [9.632783049671747, 9.63391761419935, 9.636185854286586, 9.639585994317507, 9.641851276073078, 9.642983473933894, 9.644115376655352, 9.645246984391274, 9.646378297295353, 9.648640039222192, 9.649770468551747, 9.650900603663052, 9.652030444709213, 9.653159991843218, 9.65541820498602, 9.657675244312948, 9.659931111043516, 9.66331271518434, 9.664439331584353, 9.66556565574713, 9.667817427967067, 9.668942876326982, 9.670068033055179, 9.671192898302728, 9.672317472220623, 9.673441754959683, 9.674565746670652, 9.67681285761069, 9.679058806244255, 9.680181345071695, 9.681303593772995, 9.682425552498074, 9.683547221396719, 9.6869104906304, 9.688031001719036, 9.689151223728512, 9.690271156807933, 9.691390801106287, 9.69586649346487, 9.69810261082307, 9.700337577215754, 9.701454629170144, 9.702571393827053, 9.70368787133422, 9.70480406183926, 9.705919965489668, 9.709265956786451, 9.710380714491103, 9.711495186076931, 9.71260937169076, 9.715950214166787, 9.717063257358573, 9.718176015310792, 9.719288488169562]}, {"gosnr_load_qot_54": [9.26845264460867, 9.238416478965854, 9.369149214236076, 9.36584723106609, 9.294124824848643, 9.224153887842103, 9.261184522836043, 9.356938599039097, 9.354002580318346, 9.356882078833193, 9.373511900057828, 9.273142777840224, 9.215477581665407, 9.352312077121468, 9.314041875733986, 9.315816444806885, 9.236498724780711, 9.28597877019837, 9.286651175905313, 9.248252178843229, 9.238255031655937, 9.258201111797174, 9.377434505407422, 9.415139691827598, 9.26326118932366, 9.254168254004924, 9.274115823085836, 9.324280853464805, 9.232195523612688, 9.226966081407937, 9.314016524992429, 9.266370759850316, 9.238085410283913, 9.319005390855724, 9.326344836298926, 9.260763167156117, 9.216726798823998, 9.253666656918242, 9.259594011709337, 9.228733313459031, 9.285861281004774, 9.29981780417043, 9.213621992092303, 9.28534545858481, 9.311049589421945, 9.27901911302104, 9.268488127358793, 9.241179259909048, 9.368275816171225, 9.331879216674979, 9.346613584817593, 9.27171919603854, 9.341718256434365, 9.24952946543755]}]}