{"tests_qot": [{"osnr_load_qot_81": [9.629377576293805, 9.630513030874067, 9.631648188614996, 9.632783049671747, 9.63391761419935, 9.635051882352698, 9.636185854286586, 9.637319530155676, 9.63845291011451, 9.639585994317507, 9.64071878291897, 9.641851276073078, 9.642983473933894, 9.644115376655352, 9.645246984391274, 9.646378297295353, 9.647509315521178, 9.648640039222192, 9.649770468551747, 9.650900603663052, 9.652030444709213, 9.653159991843218, 9.6542892452179, 9.65541820498602, 9.656546871300213, 9.657675244312948, 9.658803324176619, 9.659931111043516, 9.66105860506577, 9.662185806395406, 9.66331271518434, 9.664439331584353, 9.66556565574713, 9.666691687824224, 9.667817427967067, 9.668942876326982, 9.670068033055179, 9.671192898302728, 9.672317472220623, 9.673441754959683, 9.674565746670652, 9.675689447504165, 9.67681285761069, 9.677935977140633, 9.679058806244255, 9.680181345071695, 9.681303593772995, 9.682425552498074, 9.683547221396719, 9.684668600618638, 9.68578969031337, 9.6869104906304, 9.688031001719036, 9.689151223728512, 9.690271156807933, 9.691390801106287, 9.692510156772459, 9.6936292239552, 9.694748002803161, 9.69586649346487, 9.69698469608874, 9.69810261082307, 9.699220237816048, 9.700337577215754, 9.701454629170144, 9.702571393827053, 9.70368787133422, 9.70480406183926, 9.705919965489668, 9.707035582432846, 9.708150912816043, 9.709265956786451, 9.710380714491103, 9.711495186076931, 9.71260937169076, 9.713723271479303, 9.71483688558915, 9.715950214166787, 9.717063257358573, 9.718176015310792, 9.719288488169562]}, {"gosnr_load_qot_81": [9.131348667176303, 9.174935470302817, 9.11366869351178, 9.112709550907718, 9.116048567169129, 9.109493888989054, 9.115422886959866, 9.11060964397409, 9.17815659126252, 9.110666174927488, 9.219250390858805, 9.121037925465606, 9.155509288335404, 9.109399477633172, 9.10961151748041, 9.240571570022468, 9.15239895672131, 9.259256409353775, 9.166550365988387, 9.124823680344091, 9.114776798406819, 9.158835308074432, 9.109310316540558, 9.194207877387296, 9.118430229966265, 9.113743044955939, 9.135164960382374, 9.122048397147978, 9.109212784070044, 9.133206320847505, 9.345735700886074, 9.110137960211521, 9.185369497597259, 9.12561223273695, 9.119156168453232, 9.135236135995981, 9.128390150877445, 9.117501419306693, 9.272364983999745, 9.226622007388322, 9.170408356827183, 9.109260566128905, 9.20626023376744, 9.112999147489894, 9.144155746690068, 9.111703323367669, 9.157597141807006, 9.109197344222249, 9.111189968125588, 9.116359580764676, 9.144476623879767, 9.109768035185743, 9.117361696334502, 9.126327895428759, 9.120771884809647, 9.139412339761378, 9.13157174687043, 9.123177325983864, 9.112319165633512, 9.109894495768962, 9.215500408066484, 9.11115208762163, 9.123398153384795, 9.137231131224116, 9.110246561321945, 9.146739486837895, 9.114550873409232, 9.149481939988197, 9.166248137479853, 9.287517059382566, 9.150407731152113, 9.198363157709966, 9.119566444514128, 9.127914149564482, 9.14171722096348, 9.129586278912065, 9.11188687269946, 9.139489123188259, 9.179894343300482, 9.162403974019002, 9.191473882711596]}]}