{"tests_qot": [{"osnr_load_qot_27": [15.718553512341987, 15.775498772864694, 15.794420028033457, 15.907314745746428, 16.00056882406061, 16.03766155658041, 16.074635342269985, 16.09307771878719, 16.111490465209158, 16.16655128096759, 16.221346713998393, 16.257730047538004, 16.33014532417921, 16.348176148847934, 16.384150459960523, 16.455750754478323, 16.579939860340655, 16.61516409590502, 16.650274048077844, 16.737550904064733, 16.824120057802023, 16.875723818327433, 16.90998623666976, 16.927075533532825, 16.944136939758604, 17.11322544876729, 17.12998259049185]}, {"gosnr_load_qot_27": [15.641554297684788, 16.579658956337006, 16.430207013951353, 15.840663140935591, 16.175619551401404, 16.02217307835621, 15.843134517762863, 16.841721365541567, 15.841556094895582, 15.772136049926571, 16.27047633493178, 16.105266997362865, 16.385363435669433, 15.60418398511014, 16.531657075615996, 16.594249256438847, 15.622775138200698, 16.860551805037368, 15.880633602727768, 16.63433357068522, 16.571379885102413, 16.05836436362147, 15.974006062361191, 16.607128266710223, 16.3682645784078, 16.094275303539348, 15.830127280703303]}]}