{"tests_qot": [{"osnr_load_qot_54": [16.40098952626519, 16.402123699614894, 16.404391157346513, 16.407790123844414, 16.410054623244903, 16.41118642992826, 16.412317941472313, 16.413449158030883, 16.41458007975767, 16.416841039330073, 16.417971077482495, 16.419100821416723, 16.42023027128586, 16.42135942724288, 16.42361685803191, 16.425873115005267, 16.428128199382495, 16.431508629993687, 16.432634855217266, 16.43376078820367, 16.436011778071013, 16.437136835254712, 16.438261600806747, 16.439386074878193, 16.440510257620026, 16.44163414918309, 16.44275774971812, 16.445004078306425, 16.447249244588473, 16.44837139224024, 16.44949324976592, 16.450614817315426, 16.451736095038566, 16.45509819074602, 16.45621831065936, 16.457338141493594, 16.458457683397828, 16.459576936521053, 16.464051064179625, 16.466286399188146, 16.468520583231374, 16.469637244011114, 16.470753617493433, 16.47186970382606, 16.472985503156604, 16.474101015632584, 16.477445833406385, 16.47856019993682, 16.479674280348483, 16.480788074788205, 16.484127743742224, 16.48524039576013, 16.486352762538502, 16.487464844223496]}, {"gosnr_load_qot_54": [16.039232752119005, 16.00950201242551, 16.13856494599655, 16.13604234583343, 16.064729559858502, 15.995265212986666, 16.031742283460225, 16.127169641732074, 16.124302107107262, 16.126982639422593, 16.143430610030514, 16.043977942894344, 15.986680866478336, 16.12187256504528, 16.084665613305145, 16.086253089572107, 16.007342893461264, 16.056450300480215, 16.05748684648463, 16.01925439550177, 16.00902205549459, 16.028807716245883, 16.147497234626456, 16.18486542333188, 16.03417051886982, 16.024984509262023, 16.04506086063363, 16.09433159770154, 16.003060575049687, 15.998090538423027, 16.08414637168148, 16.037050437553173, 16.00884396640193, 16.089591537561446, 16.09681060935275, 16.0317061850694, 15.987938116828278, 16.024457623290395, 16.030418597397894, 15.999641354519895, 16.05614089905853, 16.07027745395417, 15.984852708831234, 16.056004195252115, 16.08161220279885, 16.049897700944854, 16.039036577840346, 16.012228691540432, 16.13766883417574, 16.101876617894547, 16.116281871194914, 16.042677106611418, 16.112066101863316, 16.02016852391319]}]}