{"tests_qot": [{"osnr_load_qot_81": [16.39758522642123, 16.398720289823444, 16.39985505638638, 16.40098952626519, 16.402123699614894, 16.403257576590413, 16.404391157346513, 16.405524442037876, 16.40665743081903, 16.407790123844414, 16.40892252126831, 16.410054623244903, 16.41118642992826, 16.412317941472313, 16.413449158030883, 16.41458007975767, 16.415710706806244, 16.416841039330073, 16.417971077482495, 16.419100821416723, 16.42023027128586, 16.42135942724288, 16.422488289440654, 16.42361685803191, 16.42474513316928, 16.425873115005267, 16.42700080369225, 16.428128199382495, 16.429255302228153, 16.430382112381245, 16.431508629993687, 16.432634855217266, 16.43376078820367, 16.434886429104438, 16.436011778071013, 16.437136835254712, 16.438261600806747, 16.439386074878193, 16.440510257620026, 16.44163414918309, 16.44275774971812, 16.44388105937573, 16.445004078306425, 16.446126806660587, 16.447249244588473, 16.44837139224024, 16.44949324976592, 16.450614817315426, 16.451736095038566, 16.452857083085018, 16.45397778160435, 16.45509819074602, 16.45621831065936, 16.457338141493594, 16.458457683397828, 16.459576936521053, 16.460695901012137, 16.461814577019855, 16.462932964692836, 16.464051064179625, 16.465168875628628, 16.466286399188146, 16.46740363500637, 16.468520583231374, 16.469637244011114, 16.470753617493433, 16.47186970382606, 16.472985503156604, 16.474101015632584, 16.475216241401373, 16.476331180610252, 16.477445833406385, 16.47856019993682, 16.479674280348483, 16.480788074788205, 16.48190158340269, 16.483014806338538, 16.484127743742224, 16.48524039576013, 16.486352762538502, 16.487464844223496]}, {"gosnr_load_qot_81": [15.9035132089231, 15.946841423429731, 15.885656901426685, 15.884716415778172, 15.887995146605387, 15.881589002583802, 15.88761845199707, 15.882665221065388, 15.949383514298972, 15.882837859697045, 15.990067420906652, 15.892908774017076, 15.927547029301468, 15.881544058107453, 15.881763845269072, 16.01194190176385, 15.9244558294839, 16.030460427757987, 15.93789666414178, 15.897009824671066, 15.886744957310695, 15.930851908702143, 15.881416855139893, 15.965272979832433, 15.890627056845128, 15.885934759053491, 15.907313570318262, 15.894240831542486, 15.881329947152619, 15.905363364664868, 16.116134916943338, 15.882207645588108, 15.957197830230417, 15.89742088942609, 15.891054309199376, 15.906925532524381, 15.900163101241931, 15.88942472474364, 16.042662414495474, 15.998113597774736, 15.942346661650147, 15.881396720071812, 15.977922933371051, 15.885188046741163, 15.916259896738584, 15.883884814250235, 15.929037564373914, 15.88132436834315, 15.883230424090783, 15.88855617516132, 15.916059884866884, 15.881850880670513, 15.88955871439925, 15.898509815502845, 15.892966435535437, 15.91154102107705, 15.903305193626217, 15.895018465717076, 15.884504657885245, 15.8820539122495, 15.987086446375926, 15.88332897828157, 15.895587793458262, 15.909370310326047, 15.882412425294845, 15.91882940218875, 15.886744810183144, 15.921556145682006, 15.938215364812038, 16.05846319600506, 15.921925533286043, 15.970089850905222, 15.891762453705516, 15.900091085750853, 15.913834256965085, 15.901757435915151, 15.88391112006927, 15.911128919593818, 15.951763904678256, 15.93439717290703, 15.963255083210981]}]}