{"tests_qot": [{"osnr_load_qot_27": [21.873108061407322, 21.89176441126275, 21.89797386579542, 21.935132972146334, 21.965971575378283, 21.978274750588056, 21.990559544107114, 21.996695059382027, 22.0028259932033, 22.021191352376785, 22.039515645406734, 22.051709087855897, 22.076041531610507, 22.082113327440407, 22.094243373045607, 22.118449407953623, 22.16063729764274, 22.172650792420917, 22.184646492067202, 22.214558123394085, 22.244359319794672, 22.262187260677393, 22.274050638190637, 22.27997576530261, 22.28589652387474, 22.34486480799763, 22.35073780271284]}, {"gosnr_load_qot_27": [21.70238770782456, 22.00101875524314, 21.980063364134, 21.70768079335241, 21.87905803871851, 21.821503940105668, 21.751136254805495, 22.13673381512427, 21.72206377935739, 21.76968053667858, 21.931899259306327, 21.82898095983966, 21.95667991471484, 21.723674612597993, 22.02924206058804, 22.045446485031114, 21.69536417731557, 22.144928739463552, 21.739840922930277, 22.03181782390699, 21.988187207332395, 21.83624262151424, 21.80601163130479, 22.03573107983818, 21.95875197428814, 21.828824183698693, 21.764408183630472]}]}