{"tests_qot": [{"osnr_load_qot_54": [22.072908410538222, 22.07404125042175, 22.076306041223162, 22.079701007331096, 22.08196283980851, 22.083093313031398, 22.0842234911157, 22.08535337421523, 22.086482962483693, 22.08874125514159, 22.089869959837824, 22.09099837031658, 22.09212648673096, 22.093254309233934, 22.09550907311702, 22.097762663187286, 22.100015080664278, 22.103391510930468, 22.10451640270714, 22.10564100224735, 22.107889325224445, 22.109013048964098, 22.11013648107279, 22.111259621701613, 22.11238247100153, 22.113505029123395, 22.11462729621794, 22.11687095792742, 22.119113457333498, 22.120234271548348, 22.121354795637824, 22.122475029751847, 22.12359497404021, 22.126953069447623, 22.12807185592904, 22.12919035333207, 22.13030856180581, 22.131426481499254, 22.135895275445844, 22.138127943602658, 22.140359460797036, 22.141474788153417, 22.142589828213094, 22.143704581123785, 22.14481904703312, 22.145933226088594, 22.14927404360518, 22.150387076717962, 22.15149982371269, 22.15261228473619, 22.155947953445832, 22.157059272050375, 22.158170305416096, 22.15928105368915]}, {"gosnr_load_qot_54": [21.712464394652127, 21.683217134428382, 21.80967725314452, 21.80829735235796, 21.737673053033344, 21.669035524376795, 21.7046579213621, 21.79948839018745, 21.79672462549766, 21.799110810399817, 21.815272092859935, 21.717284262646594, 21.660596233003734, 21.79321753803852, 21.75761205996675, 21.758923894204145, 21.68070752868996, 21.729209237308456, 21.730777163307373, 21.692835625785087, 21.682271770722707, 21.701798420436642, 21.81954415547027, 21.85637206583231, 21.707597463456207, 21.698286616741637, 21.71852658435862, 21.76642793979031, 21.676461013734528, 21.671876605888997, 21.756371119564047, 21.71013786044178, 21.68208151266665, 21.76247684222926, 21.7695108114123, 21.705185458972647, 21.661863702448514, 21.697723383667423, 21.70372619271481, 21.673108877850563, 21.728619533724455, 21.743001829175842, 21.65881044900687, 21.729037518461887, 21.754473052681703, 21.723260217008068, 21.71192958989923, 21.685887641726566, 21.808749072428135, 21.773885507401758, 21.78779147244554, 21.716164614120874, 21.784574685877214, 21.69321734358143]}]}