{"tests": [{"osnr_load_27": [8.708067103970713, 8.910595728881109, 8.977548079174424, 9.373406100605415, 9.695616945724552, 9.82254982492768, 9.948368759067316, 10.010860843410587, 10.073074890165174, 10.258050722241038, 10.440531802427287, 10.560803360163277, 10.798039616370886, 10.8566617880492, 10.973084553782897, 11.202655750461744, 11.593980464345242, 11.70337148962209, 11.811697397475605, 12.077886266222338, 12.337536102369683, 12.490225839591595, 12.590740383931207, 12.640616529100186, 12.690239707544958, 13.172750803648887, 13.219649793790694]}, {"gosnr_load_27": [8.90057542174503, 11.927378784933646, 11.50736285063056, 9.840443916565397, 10.770747511928732, 10.281036841312932, 9.696130486054514, 12.4328210050259, 9.793004465777601, 9.294247052119871, 11.004098322420326, 10.632540725319089, 11.399210637044948, 8.652194170054994, 11.755040493211952, 11.92817044866153, 8.835023865101366, 12.47657834590747, 9.913208269859187, 12.047023822685553, 11.913064972212384, 10.394274669352422, 10.113416477467137, 11.97547848854387, 11.325075558552463, 10.584003994625304, 9.58772233700185]}]}