{"tests": [{"osnr_load_54": [11.11763859948419, 11.118773121506988, 11.121041276584611, 11.124441289101139, 11.126706485847125, 11.127838641203148, 11.128970501419824, 11.130102066650958, 11.131233337050261, 11.133494993967542, 11.134625380792327, 11.13575547339886, 11.136885271940253, 11.138014776569484, 11.140272904702766, 11.142529859020176, 11.14478564074124, 11.14816711736782, 11.149293691263091, 11.150419972921132, 11.152671660131597, 11.15379706598678, 11.154922180210242, 11.15604700295307, 11.157171534366235, 11.158295774600575, 11.159419723806824, 11.161666749737432, 11.163912613361571, 11.1650351096843, 11.166157315880895, 11.16727923210128, 11.168400858495225, 11.171764000214814, 11.172884468798763, 11.174004648303553, 11.175124538878284, 11.176244140671958, 11.180719663011832, 11.182955695360688, 11.18519057674405, 11.186307586193777, 11.187424308346028, 11.188540743348538, 11.189656891348925, 11.190772752494683, 11.194118616277526, 11.195233331477539, 11.196347760558726, 11.197461903667918, 11.20080261863005, 11.20191561931721, 11.20302833476481, 11.204140765118956]}, {"gosnr_load_54": [10.754306195926024, 10.724356918114307, 10.854610783006278, 10.851539247028084, 10.779929502412438, 10.710100282434334, 10.746971361707905, 10.842640173278939, 10.839724081326965, 10.842545000385178, 10.859122983007804, 10.75901319246312, 10.701450187455064, 10.837814478260661, 10.799854569876741, 10.80157394303486, 10.722367460153105, 10.771743024122532, 10.772523351471557, 10.734169108390322, 10.72410112837269, 10.744002061889063, 10.863088723068211, 10.900698713173085, 10.7491523917363, 10.740030813824436, 10.76001889143765, 10.809925077251567, 10.718069935354846, 10.712916696010716, 10.799682942038034, 10.752194321334636, 10.723928979267336, 10.804807549281445, 10.812112228977856, 10.74666404930734, 10.702701930284075, 10.73952166806999, 10.745459682287908, 10.71462004792936, 10.771568682911239, 10.78558019511876, 10.699602503149405, 10.77116507943892, 10.796843821650267, 10.764903087333426, 10.75427307707416, 10.727109334626464, 10.853730550493948, 10.817508557493028, 10.832147225633936, 10.757625791188339, 10.82745257966112, 10.735338998806643]}]}