{"tests": [{"osnr_load_81": [11.114233253620636, 11.115368665696083, 11.1165037809322, 11.117638599484142, 11.118773121506935, 11.119907347155477, 11.121041276584558, 11.122174909948848, 11.123308247402885, 11.124441289101089, 11.125574035197761, 11.126706485847073, 11.127838641203098, 11.128970501419772, 11.130102066650906, 11.131233337050208, 11.132364312771251, 11.133494993967492, 11.134625380792272, 11.135755473398806, 11.1368852719402, 11.138014776569431, 11.139143987439354, 11.140272904702716, 11.141401528512143, 11.142529859020128, 11.143657896379045, 11.14478564074119, 11.145913092258697, 11.147040251083576, 11.148167117367766, 11.14929369126304, 11.150419972921078, 11.151545962493428, 11.152671660131544, 11.153797065986728, 11.154922180210194, 11.156047002953018, 11.157171534366181, 11.158295774600525, 11.159419723806774, 11.160543382135566, 11.161666749737378, 11.162789826762612, 11.163912613361518, 11.16503510968425, 11.166157315880845, 11.167279232101224, 11.168400858495174, 11.169522195212394, 11.170643242402429, 11.171764000214765, 11.172884468798712, 11.1740046483035, 11.17512453887823, 11.176244140671905, 11.177363453833397, 11.178482478511462, 11.17960121485474, 11.18071966301178, 11.181837823130978, 11.18295569536064, 11.184073279848954, 11.185190576743997, 11.186307586193728, 11.187424308345976, 11.188540743348486, 11.189656891348875, 11.19077275249463, 11.191888326933162, 11.193003614811712, 11.194118616277473, 11.195233331477485, 11.196347760558673, 11.197461903667866, 11.198575760951776, 11.19968933255699, 11.20080261863, 11.201915619317163, 11.20302833476476, 11.204140765118906]}, {"gosnr_load_81": [10.617596111651977, 10.661111400102657, 10.599861894511562, 10.598908165892693, 10.602229715740695, 10.595718264115806, 10.601677684275419, 10.5968224409807, 10.664131829648468, 10.596913355784025, 10.705109056459452, 10.607197224203038, 10.641721982187462, 10.595638488156316, 10.595852846149283, 10.72659659981893, 10.638616954802533, 10.745234403422725, 10.652559603435343, 10.611076769280565, 10.600964190362612, 10.645042128255069, 10.595538053354884, 10.680137069744994, 10.604685746409901, 10.599996509194142, 10.621408127888479, 10.608303029095707, 10.595443655414696, 10.61945175952683, 10.831485724671621, 10.596354880347118, 10.671523660784061, 10.611753643096723, 10.605323331858187, 10.621343342628078, 10.614521308586205, 10.60367584358591, 10.75807605198841, 10.712681297471253, 10.656593338839706, 10.595497065788708, 10.692367797143515, 10.599251692914649, 10.63038678885405, 10.597953526609896, 10.643633211703694, 10.595431133465459, 10.597398354577546, 10.602614790445292, 10.630553470513874, 10.595988809379202, 10.60361714658885, 10.612579906824081, 10.607026996541817, 10.625650097075344, 10.617691574227182, 10.609328074203832, 10.598570624271023, 10.596137955714358, 10.701586356387443, 10.597400865583058, 10.609652113280754, 10.62347174488923, 10.596491970623166, 10.63296661316205, 10.600805088487926, 10.635704732300198, 10.652441199489422, 10.773422052016887, 10.636465881048913, 10.684488744443573, 10.6058218494648, 10.614164868015452, 10.627951796575367, 10.615835478908913, 10.59809053998858, 10.625582133978668, 10.666060075476896, 10.648604279398505, 10.67761480318554]}]}