{"tests": [{"osnr_load_27": [10.480456288743126, 10.630022882318972, 10.679548101911521, 10.973235906004586, 11.21344982395022, 11.308386550873934, 11.4026683029811, 11.4495639095623, 11.496296198091471, 11.635514707559217, 11.77326915786919, 11.864294451205879, 12.044405537416605, 12.089030439996247, 12.177798312728708, 12.353412746362011, 12.654614835340674, 12.739251465503154, 12.823260610252088, 13.030553902294086, 13.23397917738641, 13.354194817492193, 13.433577848291804, 13.473042210035672, 13.51235561820454, 13.897269600402367, 13.93494747178943]}, {"gosnr_load_27": [10.584279919792731, 12.913879600054432, 12.553018650257792, 11.256731047599668, 11.97525916972375, 11.603093148590325, 11.163871125572843, 13.37713245021768, 11.226233462135372, 10.880009428268371, 12.161461909162385, 11.860497956790413, 12.464953548361311, 10.410809406489731, 12.756228562184468, 12.900784300196433, 10.53592941990637, 13.41459543358702, 11.31707984230995, 13.014334602770017, 12.906228133718168, 11.689099065898896, 11.477955306299094, 12.945130441315566, 12.408877768792859, 11.8249744005369, 11.089204604709783]}]}