{"tests": [{"osnr_load_54": [12.278651005212408, 12.27978548225066, 12.282053547359206, 12.285453424922139, 12.287718531699083, 12.288850642070592, 12.28998245730275, 12.29111397754938, 12.292245202964175, 12.294506769912452, 12.295637111752741, 12.296767159374781, 12.297896912931689, 12.299026372576431, 12.301284410740758, 12.303541275089218, 12.305796966841358, 12.30917830851456, 12.310304837425383, 12.311431074098973, 12.313682671340555, 12.314808032211307, 12.315933101450335, 12.31705787920874, 12.318182365637472, 12.319306560887393, 12.320430465109224, 12.322677401071008, 12.32492317472633, 12.326045626064662, 12.327167787276863, 12.328289658512846, 12.329411239922408, 12.332774246688842, 12.333894670288416, 12.33501480480883, 12.336134650399199, 12.337254207208503, 12.341729549610942, 12.343965491991112, 12.346200283405796, 12.347317247871189, 12.34843392503911, 12.349550315057293, 12.350666418073356, 12.35178223423479, 12.355127963064694, 12.3562426332804, 12.357357017377286, 12.358471115502176, 12.36181169551143, 12.362924651214314, 12.364037321677623, 12.365149707047497]}, {"gosnr_load_54": [11.915521851561287, 11.885600759223182, 12.015701011386255, 12.012700284661058, 11.941128842585261, 11.871346681817666, 11.908166943979976, 12.003804612233694, 12.000894783461826, 12.003697594530918, 12.020258806909165, 11.920233774205434, 11.86270506632749, 11.998918112751939, 11.961055327007937, 11.962757688062403, 11.883589419714157, 11.93293039738116, 11.93374377129674, 11.895405236119798, 11.885316057994562, 11.905202123944878, 12.024237560099627, 12.061816359720183, 11.910379857682788, 11.901249969751325, 11.92124943236532, 11.971073657451807, 11.879293856146973, 11.874164244750817, 11.960838862860996, 11.913400891865699, 11.885143142774284, 11.966004816867546, 11.973298454820025, 11.907894611717474, 11.86395751944876, 11.90073853594959, 11.906679511421313, 11.875847923940652, 11.93273863569221, 11.946766276303034, 11.860859900326368, 11.9323694572973, 11.958039076236064, 11.926127520657154, 11.915467702189284, 11.888349856375257, 12.014818730427407, 11.978652176747806, 11.993260735985771, 11.918857537522495, 11.988627860273064, 11.896542139674713]}]}