{"tests": [{"osnr_load_81": [12.275245794302512, 12.276381161393408, 12.277516231644972, 12.278651005212362, 12.279785482250611, 12.280919662914616, 12.282053547359162, 12.283187135738917, 12.28432042820842, 12.285453424922093, 12.286586126034244, 12.287718531699038, 12.288850642070546, 12.289982457302704, 12.291113977549333, 12.292245202964127, 12.293376133700667, 12.294506769912408, 12.295637111752695, 12.296767159374735, 12.297896912931641, 12.299026372576382, 12.300155538461826, 12.30128441074071, 12.30241298956566, 12.303541275089172, 12.304669267463629, 12.30579696684131, 12.306924373374352, 12.308051487214778, 12.309178308514513, 12.310304837425337, 12.311431074098927, 12.312557018686835, 12.313682671340512, 12.31480803221126, 12.315933101450291, 12.31705787920869, 12.318182365637425, 12.319306560887346, 12.320430465109178, 12.321554078453554, 12.322677401070958, 12.323800433111781, 12.324923174726282, 12.326045626064616, 12.327167787276816, 12.328289658512798, 12.329411239922358, 12.330532531655189, 12.331653533860848, 12.332774246688796, 12.333894670288368, 12.335014804808784, 12.33613465039915, 12.337254207208456, 12.338373475385588, 12.339492455079291, 12.340611146438214, 12.3417295496109, 12.342847664745749, 12.343965491991064, 12.345083031495044, 12.346200283405748, 12.34731724787114, 12.348433925039064, 12.349550315057247, 12.350666418073306, 12.351782234234744, 12.352897763688953, 12.354013006583198, 12.355127963064646, 12.356242633280354, 12.35735701737724, 12.358471115502132, 12.359584927801745, 12.360698454422662, 12.361811695511381, 12.362924651214264, 12.364037321677577, 12.365149707047449]}, {"gosnr_load_81": [11.778939510256555, 11.822430675067972, 11.761189549370926, 11.760237528472743, 11.763553556663396, 11.75705568472453, 11.76302413517755, 11.758156256312024, 11.825389417563933, 11.758257709474428, 11.866328814571235, 11.768514116914897, 11.803053510813914, 11.75698040031116, 11.75719545839671, 11.887866261183174, 11.799950266524364, 11.906488681990172, 11.81382820196906, 11.772422225681483, 11.762290008930513, 11.806371688205331, 11.756876513737236, 11.841379726363657, 11.766032267294616, 11.761342635419364, 11.78275002359941, 11.769649097627322, 11.756783081633227, 11.780794449920409, 11.992665606125607, 11.757689983282336, 11.832835733080396, 11.773064822612945, 11.766642729848236, 11.782643553473324, 11.775829205678129, 11.764997550355291, 11.919247829432111, 11.873962178463325, 11.817915618379315, 11.756838215115895, 11.853664519174139, 11.760597574647413, 11.791724515001821, 11.759298755060101, 11.804910488487684, 11.756771455006831, 11.758730788758518, 11.763961320908471, 11.791843909371542, 11.75732511234405, 11.764963700661928, 11.773924957457655, 11.768373276105246, 11.786990120627745, 11.778995838166544, 11.770642238434348, 11.759916206813475, 11.757481207221003, 11.862875979650555, 11.75874568462552, 11.7709979081468, 11.784812753809174, 11.757835802164426, 11.7943030086799, 11.76215140450556, 11.797039660910894, 11.81376616675382, 11.93465248651531, 11.797750289406356, 11.845791394739315, 11.767168279286164, 11.775509442702901, 11.789290728738273, 11.77717950417607, 11.75942149258015, 11.786877779118676, 11.82737597257387, 11.809931661727337, 11.838922505212977]}]}