{"tests_qot": [{"osnr_load_qot_27": [16.748616211144974, 16.795563718921446, 16.8111695767525, 16.904351716445838, 16.9814130530015, 17.0120880598399, 17.042677926683037, 17.057940996134477, 17.07318285685214, 17.118781441218573, 17.164190064228084, 17.194357285806706, 17.254440184345516, 17.269408653190926, 17.299283063350444, 17.35878249218974, 17.462110650653557, 17.49144794495999, 17.52070337902669, 17.59348518186942, 17.665759882248672, 17.708882640019812, 17.737530717995757, 17.751824706672018, 17.766098696423672, 17.90774436982296, 17.92180008685139]}, {"gosnr_load_qot_27": [16.65322950328743, 17.424074616820462, 17.306941673030217, 16.80216337826709, 17.09241172153022, 16.964336074137915, 16.81445271390595, 17.65426027122154, 16.806303995691852, 16.76602785007996, 17.175977944379074, 17.027846072468357, 17.267728135759008, 16.630234196608637, 17.39487174079709, 17.445760143777733, 16.63763257453916, 17.670381162849786, 16.839546627119674, 17.472538904633193, 17.414733054778626, 16.99480302143463, 16.924807353399387, 17.45308954419391, 17.255493351905173, 17.019656981698105, 16.807944313521126]}]}