{"tests_qot": [{"osnr_load_qot_54": [17.30636455623554, 17.307498614742954, 17.309765842790082, 17.313164464761456, 17.31542873447775, 17.316560426319047, 17.31769182302107, 17.318822924737642, 17.31995373162246, 17.322214461511017, 17.323344384821553, 17.324474013913928, 17.325603348941243, 17.32673239005647, 17.328989591162003, 17.331245618451973, 17.333500473145936, 17.336880559232448, 17.33800666961453, 17.339132487759457, 17.34138324794394, 17.34250819028626, 17.34363284099694, 17.34475720022706, 17.345881268127595, 17.34700504484939, 17.348128530543182, 17.3503746294491, 17.352619566048876, 17.35374159885955, 17.354863341544167, 17.35598479425264, 17.357105957134777, 17.360467708319398, 17.361587713391845, 17.36270742938522, 17.363826856448625, 17.36494599473105, 17.36941966302672, 17.371654768353963, 17.373888722716032, 17.375005268655233, 17.376121527297045, 17.37723749878919, 17.378353183279287, 17.379468580914846, 17.382813054167567, 17.3839273058577, 17.38504127142909, 17.386154951028566, 17.38949427546203, 17.390606812639806, 17.391719064578083, 17.392831031423004]}, {"gosnr_load_qot_54": [16.949849448656106, 16.920544426236482, 17.047257123811534, 17.04587442699107, 16.975108206863226, 16.906334948063577, 16.942027519733806, 17.037047636562413, 17.034278285815677, 17.036669293409194, 17.0528633092373, 16.95467887316619, 16.89787911595778, 17.030764115038867, 16.99508704758942, 16.996401509016206, 16.91802988225785, 16.96662753760181, 16.968198583243467, 16.930181870741194, 16.91959720196944, 16.939162364392637, 17.05714404498022, 17.094047078861756, 16.944972878407878, 16.935643621511545, 16.95592365979462, 17.003920598127454, 16.91377501779391, 16.90918160525167, 16.993843622707026, 16.947518305348986, 16.919406569517356, 16.999961576467843, 17.007009657601948, 16.942556100911986, 16.899149067546148, 16.935079276033985, 16.94109394826398, 16.910416296706707, 16.966036660999023, 16.98044761080359, 16.89608983600966, 16.966455477161347, 16.991941757091634, 16.9606666910206, 16.94931358418255, 16.923220191527598, 17.046327062264286, 17.01139314191476, 17.025327101626605, 16.953557003727713, 17.022103831225664, 16.930564341576954]}]}