{"tests_qot": [{"osnr_load_qot_81": [17.30296060091863, 17.304095549478465, 17.30523020119905, 17.30636455623554, 17.307498614742954, 17.30863237687621, 17.309765842790082, 17.31089901263924, 17.31203188657822, 17.313164464761456, 17.31429674734324, 17.31542873447775, 17.316560426319047, 17.31769182302107, 17.318822924737642, 17.31995373162246, 17.321084243829095, 17.322214461511017, 17.323344384821553, 17.324474013913928, 17.325603348941243, 17.32673239005647, 17.32786113741248, 17.328989591162003, 17.330117751457664, 17.331245618451973, 17.332373192297307, 17.333500473145936, 17.334627461150003, 17.335754156461537, 17.336880559232448, 17.33800666961453, 17.339132487759457, 17.340258013818783, 17.34138324794394, 17.34250819028626, 17.34363284099694, 17.34475720022706, 17.345881268127595, 17.34700504484939, 17.348128530543182, 17.349251725359586, 17.3503746294491, 17.351497242962107, 17.352619566048876, 17.35374159885955, 17.354863341544167, 17.35598479425264, 17.357105957134777, 17.358226830340254, 17.359347414018643, 17.360467708319398, 17.361587713391845, 17.36270742938522, 17.363826856448625, 17.36494599473105, 17.366064844381366, 17.367183405548342, 17.36830167838061, 17.36941966302672, 17.370537359635065, 17.371654768353963, 17.37277188933159, 17.373888722716032, 17.375005268655233, 17.376121527297045, 17.37723749878919, 17.378353183279287, 17.379468580914846, 17.38058369184325, 17.381698516211767, 17.382813054167567, 17.3839273058577, 17.38504127142909, 17.386154951028566, 17.387268344802834, 17.3883814528985, 17.38949427546203, 17.390606812639806, 17.391719064578083, 17.392831031423004]}, {"gosnr_load_qot_81": [16.81606068980417, 16.859040973757445, 16.797932885293644, 16.797019090737912, 16.800211749447097, 16.794018881119445, 16.800200010031308, 16.79503787687247, 16.860589152048274, 16.795380956346058, 16.90070191006894, 16.80501783052938, 16.83992587354655, 16.79404646706938, 16.794277776476726, 16.923403683322853, 16.83686049818404, 16.941692061618266, 16.849268979965373, 16.80958431269317, 16.79899231460438, 16.84320213912573, 16.793863369346308, 16.87625296058163, 16.803212626702013, 16.798509459369065, 16.819840419961416, 16.806822555166708, 16.7937919839706, 16.81790118003058, 17.026251005605847, 16.794600667972887, 16.86929108018368, 16.809441976086905, 16.803202062577142, 16.818778559140863, 16.81213379371744, 16.801608217172138, 16.952574241114043, 16.90974298940953, 16.85459039432035, 16.79388666243666, 16.88978841922452, 16.797758081967807, 16.828727986550962, 16.796443046802032, 16.84054146879794, 16.793800866273475, 16.795581305041225, 16.801139916526868, 16.827763856784024, 16.794262951260592, 16.80214379727262, 16.81107918617443, 16.805550347524232, 16.824041687403795, 16.815220213235676, 16.807085465674156, 16.79706920489348, 16.794578450001758, 16.8988462310159, 16.79588006387961, 16.80816638660203, 16.821884809350927, 16.794946678132657, 16.831278468819143, 16.799323352463876, 16.833984140581176, 16.850498518117, 16.96933759515517, 16.833537755305418, 16.882043451534614, 16.804347639868965, 16.81265428363457, 16.826319496645517, 16.814313356071228, 16.796238714126584, 16.822912238756256, 16.86391366289119, 16.846715649080426, 16.875283628348026]}]}