{"tests_qot": [{"osnr_load_qot_27": [6.768566078394396, 7.045645217636918, 7.137054844625249, 7.675490073352602, 8.111007818188307, 8.281850907688362, 8.450770193669076, 8.534508413788787, 8.617765789831523, 8.864654538430457, 9.10722392153571, 9.266542362696, 9.579451976297062, 9.656490097382065, 9.809144670906694, 10.108792832707707, 10.61519590081717, 10.755728228169213, 10.894435149049908, 11.233300068597124, 11.561049128628696, 11.752460167439247, 11.87791813061468, 11.940008538386966, 12.001676073559791, 12.595582624181507, 12.652746990507037]}, {"gosnr_load_qot_27": [7.076297566903216, 10.956190171026837, 10.532946207239567, 8.385740353680163, 9.602620195692554, 8.956836878854782, 8.172415711902804, 11.410235574980934, 8.31559507788171, 7.608981334275717, 9.896545969651807, 9.433630273661015, 10.401847196504095, 6.724684723512856, 10.826837245818668, 11.01686873649058, 6.986458667785116, 11.457180729202626, 8.476337426132986, 11.093877810905791, 10.923057127479762, 9.106727329932932, 8.73165014615633, 11.048190430112957, 10.30724200625974, 9.368003870795011, 8.01824422686616]}]}