{"tests_qot": [{"osnr_load_qot_54": [10.010632380333462, 10.011766935382429, 10.014035156512387, 10.017435268107404, 10.019700530905705, 10.020832719287885, 10.021964612530713, 10.023096210787996, 10.02422751421345, 10.026489237183023, 10.027619657033949, 10.028749782666619, 10.029879614234154, 10.031009151889528, 10.033267346075071, 10.035524366444745, 10.037780214218056, 10.041161789923, 10.042288396844391, 10.043414711528547, 10.045666464791235, 10.04679190367253, 10.047917050922104, 10.04904190669103, 10.050166471130302, 10.05129074439074, 10.05241472662309, 10.054661818605886, 10.056907748282216, 10.058030277631037, 10.059152516853715, 10.060274466100186, 10.06139612552021, 10.064759366318041, 10.065879867928064, 10.067000080458929, 10.06812000405973, 10.069239638879475, 10.073715293323609, 10.075951391724589, 10.078186339160052, 10.079303381635832, 10.080420136814132, 10.081536604842691, 10.082652785869122, 10.083768680040926, 10.087114642901886, 10.088229391127935, 10.089343853235155, 10.090458029370382, 10.0937988434106, 10.09491187712378, 10.0960246255974, 10.097137088977568]}, {"gosnr_load_qot_54": [9.646271535728285, 9.616235829915652, 9.746966540360319, 9.74366460908625, 9.671943320418725, 9.601973456029926, 9.639003525516749, 9.734756116875902, 9.731820144171735, 9.73469959755614, 9.751329157554997, 9.650961596870074, 9.59329728165621, 9.73012966745622, 9.691860062813186, 9.693634604331466, 9.61431810498196, 9.663797391533848, 9.664469786868574, 9.62607137956621, 9.616074385068782, 9.63602016021734, 9.7552517011413, 9.792956291021428, 9.641080160147894, 9.631987364203974, 9.651934627149728, 9.702098881403257, 9.610014969403553, 9.6047856068188, 9.69183471246518, 9.644189682944637, 9.615904766284418, 9.696823500835645, 9.70416283211217, 9.638582176298646, 9.594546479853989, 9.63148577479719, 9.637413038778497, 9.60655281197392, 9.663679904152424, 9.677636211707538, 9.591441720237462, 9.663164089687989, 9.688867822938374, 9.656837841618644, 9.646307017933314, 9.618998568695512, 9.746093156026147, 9.709697126272044, 9.724431264342062, 9.649538036957804, 9.719536012484472, 9.627348646626757]}]}