{"tests_qot": [{"osnr_load_qot_81": [10.007226935391438, 10.008362380493061, 10.009497528755348, 10.010632380333462, 10.011766935382429, 10.012901194057138, 10.014035156512387, 10.01516882290284, 10.016302193383043, 10.017435268107404, 10.018568047230234, 10.019700530905705, 10.020832719287885, 10.021964612530713, 10.023096210787996, 10.02422751421345, 10.02535852296064, 10.026489237183023, 10.027619657033949, 10.028749782666619, 10.029879614234154, 10.031009151889528, 10.032138395785582, 10.033267346075071, 10.034396002910634, 10.035524366444745, 10.03665243682979, 10.037780214218056, 10.03890769876169, 10.040034890612691, 10.041161789923, 10.042288396844391, 10.043414711528547, 10.044540734127015, 10.045666464791235, 10.04679190367253, 10.047917050922104, 10.04904190669103, 10.050166471130302, 10.05129074439074, 10.05241472662309, 10.053538417977983, 10.054661818605886, 10.055784928657213, 10.056907748282216, 10.058030277631037, 10.059152516853715, 10.060274466100186, 10.06139612552021, 10.062517495263512, 10.06363857547963, 10.064759366318041, 10.065879867928064, 10.067000080458929, 10.06812000405973, 10.069239638879475, 10.070358985067035, 10.07147804277116, 10.072596812140509, 10.073715293323609, 10.074833486468865, 10.075951391724589, 10.077069009238954, 10.078186339160052, 10.079303381635832, 10.080420136814132, 10.081536604842691, 10.082652785869122, 10.083768680040926, 10.084884287505497, 10.085999608410084, 10.087114642901886, 10.088229391127935, 10.089343853235155, 10.090458029370382, 10.09157191968032, 10.092685524311566, 10.0937988434106, 10.09491187712378, 10.0960246255974, 10.097137088977568]}, {"gosnr_load_qot_81": [9.509169631618587, 9.552755782696664, 9.491489920582438, 9.490530792195477, 9.49386975895003, 9.48731517791875, 9.493244088020488, 9.488430916377212, 9.555976855208971, 9.48848744649316, 9.59707003356869, 9.498859043199431, 9.533329892148911, 9.487220767961096, 9.487432804667993, 9.618390888085306, 9.530219607073162, 9.637075441598487, 9.544370804330335, 9.50264474183674, 9.492598009048445, 9.53665586208547, 9.487131608188925, 9.572027899377373, 9.496251386411515, 9.491564270924375, 9.512985867994843, 9.499869499875034, 9.487034077162804, 9.511027257633028, 9.723553394140305, 9.487959239601745, 9.563189652927305, 9.503433282508688, 9.496977314124214, 9.513057042548073, 9.506211159341735, 9.495322589534597, 9.650183814990076, 9.604441538034465, 9.548228737250543, 9.487081858514044, 9.584080073492105, 9.490820384485376, 9.521976520219873, 9.489524579567076, 9.535417714362302, 9.487018637543652, 9.489011231931263, 9.494180767932312, 9.522297392619086, 9.487589320055179, 9.4951828686355, 9.504148934561169, 9.498593006493934, 9.517233184065818, 9.50939270799213, 9.50099841194078, 9.490140412706939, 9.487715778765356, 9.593320107710873, 9.488973351988536, 9.501219236060825, 9.51505200804763, 9.488067839103518, 9.524560221784128, 9.492372087400815, 9.527302633955644, 9.544068580356868, 9.665335656986752, 9.528228411280185, 9.57618311691768, 9.49738758409505, 9.505735165108751, 9.51953803088729, 9.507407269581872, 9.489708126179039, 9.517309966347657, 9.557714581095281, 9.540224474551852, 9.569293945977]}]}