{"tests": [{"osnr_load_27": [8.577494532349622, 8.7844779966769, 8.852894023670332, 9.257309353038938, 9.58635527100304, 9.715946501328302, 9.844380472601337, 9.908163826801248, 9.971658310491078, 10.160410476450238, 10.346570525955027, 10.469240743534026, 10.711145182822055, 10.770907586294102, 10.88957876727768, 11.123519216276378, 11.522085222954285, 11.633451751611197, 11.743712157828321, 12.014559986378814, 12.278619911784194, 12.433838726735068, 12.535991437300002, 12.586672460906014, 12.63709112148497, 13.127052944452839, 13.174647916940712]}, {"gosnr_load_27": [8.777109381092131, 11.85814234820141, 11.435918725652792, 9.739220094591337, 10.686954209523652, 10.18767628373232, 9.590704891967372, 12.363987080460552, 9.690397961362864, 9.179056205330765, 10.924094500879901, 10.546828594348586, 11.326236732452081, 8.522506234172795, 11.686828093416338, 11.86157817372209, 8.710109068461163, 12.408112100289994, 9.81304493855082, 11.979173954513218, 11.842916228168502, 10.303148452730749, 10.016560466001206, 11.908425270158556, 11.250767769358912, 10.49724190858983, 9.479520378292225]}]}