{"tests": [{"osnr_load_54": [11.037676293153911, 11.0388108178545, 11.041078978287704, 11.044478998837606, 11.046744200939171, 11.047876358972983, 11.049008221867451, 11.050139789776372, 11.051271062853464, 11.053532725126324, 11.054663114628895, 11.055793209913215, 11.056923011132401, 11.058052518439421, 11.060310651928278, 11.062567611601262, 11.064823398677902, 11.068204883337842, 11.0693314599109, 11.070457744246724, 11.072709436812762, 11.073834845345731, 11.074959962246982, 11.076084787667593, 11.077209321758543, 11.078333564670668, 11.079457516554703, 11.081704547840875, 11.083950416820587, 11.0850729158211, 11.086195124695477, 11.087317043593643, 11.088438672665376, 11.091801822418311, 11.092922293680045, 11.094042475862615, 11.09516236911513, 11.096281973586585, 11.100757506637585, 11.102993544342004, 11.10522843108093, 11.106345443208435, 11.107462168038467, 11.108578605718758, 11.109694756396921, 11.110810620220459, 11.114156492036642, 11.115271209914432, 11.1163856416734, 11.11749978746037, 11.120840510455839, 11.121953513820777, 11.123066231946153, 11.124178664978077]}, {"gosnr_load_54": [10.67396049219538, 10.643981772397847, 10.774398543507166, 10.771247444704155, 10.69960018596599, 10.629723354005822, 10.666648851922263, 10.762345245274679, 10.759422326001589, 10.7622634297393, 10.778858993844624, 10.678661570215018, 10.621064368509568, 10.757588464503677, 10.719522092443173, 10.721260503641169, 10.64201712917042, 10.691427835402367, 10.692170857105303, 10.653801896252244, 10.643758586318153, 10.663674733916942, 10.782809750788482, 10.82045187934786, 10.66879377848672, 10.659682274741602, 10.679655966561711, 10.729650612637682, 10.637717725978932, 10.632538255124363, 10.719401010812671, 10.671859021182433, 10.643587313956944, 10.724478614795263, 10.731795163152004, 10.666302139718011, 10.62231521454561, 10.659175747187483, 10.665109962946023, 10.634263647176445, 10.691273141553307, 10.705265379273705, 10.619213988133536, 10.690830771034268, 10.716517782583985, 10.684546664894569, 10.673951078051854, 10.646737716997672, 10.773520689918604, 10.737239085644264, 10.75191053043212, 10.677261694300952, 10.747146637158952, 10.65500887308944]}]}