{"tests": [{"osnr_load_81": [11.034270939256983, 11.035406354010222, 11.036541471924128, 11.037676293153861, 11.038810817854447, 11.039945046180781, 11.041078978287652, 11.042212614329735, 11.04334595446156, 11.044478998837553, 11.045611747612016, 11.04674420093912, 11.047876358972932, 11.0490082218674, 11.05013978977632, 11.051271062853413, 11.052402041252245, 11.053532725126274, 11.054663114628841, 11.055793209913162, 11.05692301113235, 11.058052518439364, 11.05918173198708, 11.060310651928225, 11.061439278415442, 11.062567611601214, 11.063695651637918, 11.064823398677852, 11.065950852873144, 11.06707801437581, 11.068204883337788, 11.069331459910849, 11.070457744246674, 11.071583736496809, 11.072709436812708, 11.07383484534568, 11.074959962246929, 11.07608478766754, 11.077209321758488, 11.078333564670615, 11.079457516554651, 11.080581177561228, 11.081704547840825, 11.08282762754384, 11.083950416820532, 11.085072915821051, 11.086195124695426, 11.08731704359359, 11.088438672665319, 11.089560012060325, 11.090681061928144, 11.091801822418264, 11.092922293679992, 11.094042475862562, 11.095162369115075, 11.09628197358653, 11.097401289425806, 11.098520316781652, 11.099639055802712, 11.100757506637535, 11.101875669434513, 11.102993544341954, 11.10411113150805, 11.105228431080874, 11.106345443208383, 11.107462168038413, 11.108578605718707, 11.109694756396873, 11.110810620220409, 11.111926197336718, 11.113041487893048, 11.114156492036589, 11.115271209914381, 11.116385641673347, 11.117499787460318, 11.11861364742201, 11.119727221705, 11.120840510455785, 11.121953513820728, 11.123066231946101, 11.124178664978025]}, {"gosnr_load_81": [10.537116919744026, 10.580656095473431, 10.519401780400655, 10.518446198880005, 10.521773721878628, 10.515247455492847, 10.52119625122711, 10.516355612492154, 10.583745815516348, 10.516434644117432, 10.624762537718484, 10.526748687157326, 10.561254342212278, 10.515162623711518, 10.515376176636607, 10.646192181280947, 10.558147540800649, 10.664845876470146, 10.572162061533524, 10.530595749763282, 10.520506062870007, 10.56457645495247, 10.51506608647015, 10.599766660645333, 10.524204008319565, 10.519515568382099, 10.540930341981419, 10.52782152860024, 10.51497060715235, 10.538973225726437, 10.751174277314842, 10.515886635874342, 10.591075679025293, 10.531311201600634, 10.524872112423274, 10.540912539353826, 10.534082357738141, 10.523222146128466, 10.677779507156746, 10.632265309185392, 10.576134992231532, 10.515022071637128, 10.611935518892379, 10.51877108359234, 10.549913023249122, 10.517473751016755, 10.563226567577447, 10.51495707714664, 10.516933039358099, 10.522133197291197, 10.550132983995976, 10.51551923999423, 10.523135451461897, 10.532099231345203, 10.526545354265192, 10.545174100571359, 10.537256478793008, 10.528882451687236, 10.518090403283173, 10.515660544379049, 10.621161370078608, 10.516921592878033, 10.529170819623117, 10.542994802510254, 10.51601387903495, 10.552494151877047, 10.520323873029707, 10.555233716808326, 10.571980139802825, 10.69305820061153, 10.5560517431831, 10.604050389303694, 10.525340128535507, 10.533684609456795, 10.547476856019786, 10.535355713570802, 10.517626842493076, 10.545156155983516, 10.58560820031776, 10.568140789665497, 10.597171281042767]}]}