{"tests_qot": [{"osnr_load_qot_27": [14.841270451137946, 14.908610841660586, 14.930975922176197, 15.06431165644499, 15.174310668139785, 15.21802813939685, 15.261584974945741, 15.283303276893026, 15.304981567313007, 15.369776864893751, 15.4342138491233, 15.476973445198961, 15.562018317613905, 15.583181016943634, 15.625388552828955, 15.709333623810885, 15.854738303763177, 15.895934097076587, 15.936975827732343, 16.038908957969014, 16.13988866706784, 16.20002169864677, 16.239921809356147, 16.259815458253293, 16.279671577177265, 16.476180967978763, 16.495627969912817]}, {"gosnr_load_qot_27": [14.786032098033479, 15.888530031834565, 15.709882603149836, 15.037453070858495, 15.416253256580095, 15.237598774805278, 15.029305582384126, 16.18073710966046, 15.034852351925721, 14.934504695272246, 15.522110042867771, 15.340434983642233, 15.659579732451602, 14.73321315187031, 15.824399098011428, 15.897922973240812, 14.764002052348417, 16.20214699877255, 15.07972117134443, 15.94929153308784, 15.880800775771009, 15.279487454123998, 15.180734867256824, 15.915524019796889, 15.637793817484514, 15.326639438161818, 15.00939074849759]}]}