{"tests_qot": [{"osnr_load_qot_54": [15.652185941265111, 15.653320193081264, 15.655587807745732, 15.658987009642775, 15.661251665975954, 15.662383551125622, 15.663515141135978, 15.66464643616083, 15.665777436353885, 15.668038552858775, 15.669168669477411, 15.670298491877839, 15.67142802021316, 15.672557254636349, 15.674814842357668, 15.677071256263241, 15.679326497572628, 15.682707163581926, 15.68383346727151, 15.684959478723899, 15.687210625523164, 15.688335761172805, 15.68946060519076, 15.69058515772811, 15.691709418935831, 15.692833388964766, 15.693957067965648, 15.696203553485617, 15.698448876699258, 15.699571102816797, 15.70069303880823, 15.701814684823479, 15.702936041012343, 15.706298372116867, 15.707418570495864, 15.708538479795738, 15.709658100165594, 15.710777431754426, 15.715251873275262, 15.717487365214819, 15.719721706189018, 15.720838445434213, 15.721954897381975, 15.723071062180027, 15.724186939975986, 15.725302530917356, 15.728647584087241, 15.729762029083004, 15.730876187959977, 15.73199006086499, 15.735329965214795, 15.736442695697928, 15.737555140941513, 15.738667301091699]}, {"gosnr_load_qot_54": [15.286851412322376, 15.256830413645336, 15.38749636277565, 15.384196091309983, 15.312510545860361, 15.242574987883915, 15.279586970258318, 15.37529207091626, 15.372357569981611, 15.375235579938373, 15.391856785043323, 15.291539167761236, 15.233903029092206, 15.370667940231682, 15.332417421589827, 15.33419108181193, 15.254913624287092, 15.304368639418815, 15.30504070301155, 15.266661158459495, 15.256669047576372, 15.276605067881484, 15.395777353230773, 15.433462863790846, 15.28166258599812, 15.272574247793468, 15.29251171937311, 15.342651150286633, 15.250612586521115, 15.245385770496856, 15.332392083829042, 15.284770582210845, 15.256499511555283, 15.33737839369949, 15.344714073516721, 15.279165827713872, 15.235151620847834, 15.272072904019288, 15.277997263555923, 15.247152115412907, 15.304251209997279, 15.318200621530888, 15.232048368162037, 15.303735649980332, 15.329426666945718, 15.297412520146846, 15.286886877093167, 15.259591803877722, 15.386623417595317, 15.350245610176414, 15.364972389715135, 15.290116307955007, 15.360079585415363, 15.267937800754666]}]}