{"tests_qot": [{"osnr_load_qot_81": [15.64878140602171, 15.649916547890419, 15.651051392919834, 15.652185941265111, 15.653320193081264, 15.654454148523211, 15.655587807745732, 15.656721170903491, 15.657854238151032, 15.658987009642775, 15.660119485533023, 15.661251665975954, 15.662383551125622, 15.663515141135978, 15.66464643616083, 15.665777436353885, 15.66690814186871, 15.668038552858775, 15.669168669477411, 15.670298491877839, 15.67142802021316, 15.672557254636349, 15.673686195300274, 15.674814842357668, 15.675943195961157, 15.677071256263241, 15.678199023416312, 15.679326497572628, 15.680453678884337, 15.681580567503467, 15.682707163581926, 15.68383346727151, 15.684959478723899, 15.686085198090638, 15.687210625523164, 15.688335761172805, 15.68946060519076, 15.69058515772811, 15.691709418935831, 15.692833388964766, 15.693957067965648, 15.695080456089102, 15.696203553485617, 15.69732636030558, 15.698448876699258, 15.699571102816797, 15.70069303880823, 15.701814684823479, 15.702936041012343, 15.7040571075245, 15.705177884509522, 15.706298372116867, 15.707418570495864, 15.708538479795738, 15.709658100165594, 15.710777431754426, 15.711896474711104, 15.713015229184395, 15.714133695322934, 15.715251873275262, 15.71636976318979, 15.717487365214819, 15.718604679498538, 15.719721706189018, 15.720838445434213, 15.721954897381975, 15.723071062180027, 15.724186939975986, 15.725302530917356, 15.726417835151523, 15.727532852825766, 15.728647584087241, 15.729762029083004, 15.730876187959977, 15.73199006086499, 15.733103647944752, 15.734216949345862, 15.735329965214795, 15.736442695697928, 15.737555140941513, 15.738667301091699]}, {"gosnr_load_qot_81": [15.14981582144227, 15.193381117266178, 15.132144510396264, 15.131185836734014, 15.134523220044034, 15.127971746254369, 15.133897845920254, 15.12908695612076, 15.196600640230981, 15.129143459451395, 15.23767394893323, 15.139510135946965, 15.17396454753326, 15.12787738101812, 15.128089317283171, 15.258984419962005, 15.170855750949556, 15.27765983190982, 15.185000167242233, 15.143294035748326, 15.133252073390286, 15.177288924577931, 15.127788263479502, 15.212643945644984, 15.136903717318074, 15.13221882548436, 15.153630240157554, 15.140520112641063, 15.127690778651255, 15.151672562874904, 15.364094958639203, 15.128615502823358, 15.203809963950782, 15.144082201535145, 15.137629300422795, 15.153701380795411, 15.146858757178006, 15.135975361269985, 15.290761768422385, 15.245041869157427, 15.188856247685534, 15.127738537369854, 15.224690290175964, 15.131475291738198, 15.162616603848008, 15.130180101045195, 15.17605136997778, 15.127675346345356, 15.129666996690949, 15.134834081473977, 15.162937323027261, 15.128245758525829, 15.135835706677563, 15.144797513296044, 15.139244225594176, 15.157875531367678, 15.150038791609186, 15.141648488325233, 15.130795642296441, 15.128372157327991, 15.23392584406718, 15.129629134698838, 15.141869207508512, 15.155695395448216, 15.128724050873387, 15.16519907134612, 15.133026258888924, 15.167940172842709, 15.184698088319236, 15.305906145856781, 15.168865507525759, 15.216797155150953, 15.13803937560731, 15.146382989393327, 15.160179278550203, 15.148054298274143, 15.130363560665236, 15.157952277026194, 15.198337529679824, 15.180855826588203, 15.209911312397331]}]}