{"tests": [{"osnr_load_27": [5.401203723154358, 5.742677666893029, 5.8551526169285095, 6.515714099602557, 7.047328364196636, 7.255146327448184, 7.4601989660925, 7.561687581694675, 7.662484235037375, 7.960723136174677, 8.252741557313781, 8.443971852700496, 8.81818683299964, 8.910029367914161, 9.091670615539517, 9.446824381479118, 10.04259981735663, 10.20689595860966, 10.368598386127006, 10.761666963225018, 11.139084485525467, 11.358207898942307, 11.501300419788315, 11.571961569910343, 11.642038009722953, 12.311559203735962, 12.37548098501659]}, {"gosnr_load_27": [5.803024375637296, 10.305084513162084, 9.9501995444582, 7.425146058356845, 8.878129650220353, 8.106044033870953, 7.154953098967296, 10.59901568256165, 7.336313708421972, 6.455838095240111, 9.219239210327144, 8.684646536174693, 9.803994729639228, 5.363608817094501, 10.269378257989741, 10.453021001528812, 5.692216472628444, 10.643455011694074, 7.5311737568868065, 10.449414026881193, 10.247693717256084, 8.286012393507773, 7.8332707169292695, 10.452402253599027, 9.695798251224527, 8.605331267952003, 6.96267182909375]}]}