{"tests": [{"osnr_load_54": [9.338440850766178, 9.33957542212686, 9.34184367588025, 9.3452438364104, 9.34750913183212, 9.348641336526017, 9.349773246080545, 9.350904860649546, 9.352036180386694, 9.354297935979684, 9.35542837214231, 9.356558514086691, 9.357688361965923, 9.358817915933, 9.36107614274195, 9.363333195735018, 9.36558907613173, 9.368970700771763, 9.370097324004842, 9.37122365500069, 9.373475440886763, 9.374600896079745, 9.375726059641009, 9.376850931721629, 9.37797551247259, 9.379099802044715, 9.380223800588753, 9.382470925194925, 9.384716887494623, 9.385839433155125, 9.386961688689489, 9.38808365424763, 9.38920532997934, 9.392568619712211, 9.393689137633913, 9.394809366476446, 9.39592930638893, 9.397048957520344, 9.401524677211171, 9.403760808235491, 9.405995788294293, 9.407112847081741, 9.408229618571717, 9.409346102911936, 9.410462300250037, 9.4115782107335, 9.414924222529459, 9.416038987067163, 9.417153465486049, 9.418267657932933, 9.421608520908123, 9.422721570932966, 9.423834335718237, 9.42494681541006]}, {"gosnr_load_54": [8.9743834247685, 8.944365695205189, 9.074995945874907, 9.071744863168083, 9.000045469269258, 8.930104049509382, 8.967100351530265, 9.062838106435791, 9.0599064178185, 9.062773032474334, 9.079391831433515, 8.979077412541873, 8.921433316667622, 9.058167390923519, 9.019964822396226, 9.02172722633998, 8.942432026473737, 8.991890255234079, 8.992586556704548, 8.95419645100507, 8.944183370411425, 8.964119984288411, 9.083324086612109, 9.121009231802459, 8.969200163260746, 8.960100651953226, 8.980057708076965, 9.030166797598598, 8.938129968830669, 8.932917250034668, 9.019907106264474, 8.972294849909874, 8.944013185340014, 9.0249261385498, 9.032258087522324, 8.96670421708264, 8.922683125108987, 8.959597371555047, 8.965527240345828, 8.934670394753022, 8.99176018406752, 9.005729243318683, 8.919579427870639, 8.991269177045085, 9.016968371755683, 8.984956902753966, 8.974403730143308, 8.947126255275183, 9.074121012044564, 9.037762070554377, 9.05247565805926, 8.977661798186688, 9.047624601641736, 8.955450009532424]}]}