{"tests": [{"osnr_load_81": [9.33503535688894, 9.33617081830228, 9.337305982876291, 9.338440850766121, 9.3395754221268, 9.340709697113228, 9.341843675880193, 9.34297735858236, 9.34411074537427, 9.345243836410344, 9.346376631844882, 9.347509131832064, 9.348641336525958, 9.34977324608049, 9.35090486064949, 9.352036180386637, 9.353167205445537, 9.354297935979627, 9.355428372142248, 9.35655851408663, 9.357688361965867, 9.358817915932942, 9.359947176140698, 9.36107614274189, 9.362204815889154, 9.363333195734961, 9.364461282431702, 9.365589076131672, 9.366716576986995, 9.3678437851497, 9.368970700771705, 9.370097324004785, 9.37122365500063, 9.37234969391079, 9.373475440886704, 9.374600896079686, 9.37572605964095, 9.376850931721572, 9.377975512472531, 9.379099802044657, 9.380223800588697, 9.381347508255276, 9.382470925194864, 9.383594051557875, 9.38471688749456, 9.385839433155068, 9.38696168868943, 9.388083654247572, 9.389205329979278, 9.390326716034266, 9.39144781256206, 9.392568619712154, 9.393689137633853, 9.39480936647639, 9.395929306388872, 9.39704895752029, 9.398168320019522, 9.399287394035326, 9.400406179716349, 9.401524677211116, 9.402642886668046, 9.403760808235432, 9.404878442061474, 9.405995788294236, 9.407112847081684, 9.408229618571658, 9.40934610291188, 9.41046230024998, 9.411578210733442, 9.412693834509678, 9.413809171725934, 9.414924222529397, 9.416038987067104, 9.41715346548599, 9.418267657932876, 9.419381564554472, 9.42049518549737, 9.421608520908066, 9.422721570932909, 9.423834335718178, 9.424946815410003]}, {"gosnr_load_81": [8.837363041403353, 8.880935140012397, 8.819670617104363, 8.818712647919696, 8.82204788476831, 8.815502603475341, 8.8214384824842, 8.81661582526855, 8.88411194247032, 8.816679964618814, 8.92518101483889, 8.827032535901303, 8.861516592342811, 8.815411427606398, 8.815623985691644, 8.94653955798984, 8.858407354484147, 8.965214480571857, 8.872512940553282, 8.830839137044888, 8.820777464966573, 8.864841397935923, 8.815319770097238, 8.900153455574845, 8.824446061029596, 8.819758302880071, 8.841178485760285, 8.828064124568197, 8.815222928624506, 8.839220298706548, 9.051645627528087, 8.816145041723587, 8.89136462078615, 8.831603001997218, 8.825152470994963, 8.84121958338525, 8.834378722613184, 8.823499286161082, 8.978264342109485, 8.93259721101291, 8.876409912676088, 8.815271957083581, 8.912245587933322, 8.819014183246477, 8.85016681923505, 8.817717808046716, 8.863565422957612, 8.815208133930287, 8.81719518837157, 8.822375291322537, 8.850453590483973, 8.815775959969855, 8.823377485587757, 8.832343152050292, 8.826787685894598, 8.84542477667906, 8.837557892986212, 8.829170099152714, 8.818333943686874, 8.81590744267629, 8.921481220083201, 8.817166242983777, 8.829413766477971, 8.843244144352983, 8.81625994843166, 8.852749759163528, 8.820566317966664, 8.85549132368262, 8.872251373927137, 8.99345972385516, 8.856380713056355, 8.904352294666744, 8.825582279805978, 8.833929160555673, 8.847729012879709, 8.83560099658596, 8.817891066582265, 8.845469538479678, 8.8858918847137, 8.868408714188906, 8.897466233824039]}]}