{"tests_qot": [{"osnr_load_qot_27": [6.613349365725554, 6.897163055130916, 6.990779069404248, 7.542042482414324, 7.987705116335157, 8.162465570331403, 8.335221374161893, 8.420847458586309, 8.505972404099833, 8.758341936734793, 9.00620909087279, 9.168957768305413, 9.488484671424722, 9.567126631411636, 9.722928591651861, 10.028631871344507, 10.544874065494525, 10.688043854376122, 10.829312497475525, 11.174256391599274, 11.50763230826438, 11.70220959931635, 11.829693413470494, 11.89277171323573, 11.955410661411527, 12.558160969018957, 12.616126371356494]}, {"gosnr_load_qot_27": [6.93130237065983, 10.888484128125475, 10.464340935152164, 8.274071543278742, 9.516734905550393, 8.85695645048416, 8.05456521940769, 11.335363388153965, 8.201891327296204, 7.476620696309727, 9.815986407620239, 9.345073854856931, 10.33131109878841, 6.570418962053829, 10.762106980828325, 10.953666723144316, 6.8392614080484275, 11.382414995537234, 8.36629085538918, 11.027349334137797, 10.85390099436606, 9.010135157488895, 8.626588758282669, 10.983809844564052, 10.234796329195861, 9.277908073059777, 7.896292091022984]}]}