{"tests_qot": [{"osnr_load_qot_54": [9.929346627862275, 9.930481185020547, 9.932749410369112, 9.936149528292042, 9.938414795308951, 9.939546985800433, 9.940678881152564, 9.941810481519152, 9.942941787053908, 9.945203514242086, 9.946333936202315, 9.94746406394429, 9.948593897621127, 9.949723437385801, 9.95198163578995, 9.954238660378227, 9.956494512370146, 9.959876094402995, 9.961002703433687, 9.962129020227142, 9.964380777708433, 9.965506218699026, 9.966631368057902, 9.967756225936128, 9.9688807924847, 9.970005067854443, 9.971129052196089, 9.973376148397488, 9.975622082292416, 9.976744613750537, 9.977866855082517, 9.978988806438284, 9.98011046796761, 9.98347371509334, 9.984594218812662, 9.985714433452824, 9.986834359162927, 9.987953996091967, 9.992429658973295, 9.994665761592874, 9.99690071324693, 9.998017757832008, 9.999134515119607, 10.000250985257464, 10.001367168393191, 10.002483064674292, 10.005829033863145, 10.006943784198493, 10.008058248415008, 10.009172426659532, 10.01251324702764, 10.013626282850117, 10.014739033433033, 10.015851498922494]}, {"gosnr_load_qot_54": [9.566430859324944, 9.536502595698813, 9.666638149072357, 9.663628074683622, 9.592043017713697, 9.522246488674496, 9.559077610015422, 9.654730874517366, 9.651819893497555, 9.654625345344426, 9.671190727029208, 9.57114272626636, 9.513602767014536, 9.649851482530632, 9.61197174657933, 9.613676472084151, 9.534493789442656, 9.583845095576747, 9.58465437829985, 9.546309226727173, 9.536221525849179, 9.556111865016614, 9.675168322413453, 9.712755745765891, 9.561286748036734, 9.552156814532674, 9.572157244463284, 9.621997915084329, 9.530197462977828, 9.525064242520333, 9.611760940488088, 9.564310795615063, 9.536048687040445, 9.616922282693269, 9.624218211629888, 9.558800810064628, 9.514855279396397, 9.55164560931359, 9.557586924233375, 9.526750617151444, 9.58365551926359, 9.597682817115189, 9.511757061835493, 9.583281931655284, 9.60895582578874, 9.577036696791021, 9.566379369727345, 9.539252443221134, 9.665756018886986, 9.629577990336848, 9.644192158297827, 9.56976490788993, 9.639550882465013, 9.547450449019781]}]}