{"tests_qot": [{"osnr_load_qot_81": [9.925941176592337, 9.927076623803265, 9.928211774174859, 9.929346627862275, 9.930481185020547, 9.93161544580456, 9.932749410369112, 9.93388307886887, 9.935016451458376, 9.936149528292042, 9.937282309524175, 9.938414795308951, 9.939546985800433, 9.940678881152564, 9.941810481519152, 9.942941787053908, 9.944072797910403, 9.945203514242086, 9.946333936202315, 9.94746406394429, 9.948593897621127, 9.949723437385801, 9.950852683391158, 9.95198163578995, 9.953110294734817, 9.954238660378227, 9.955366732872573, 9.956494512370146, 9.957621999023077, 9.958749192983383, 9.959876094402995, 9.961002703433687, 9.962129020227142, 9.963255044934911, 9.964380777708433, 9.965506218699026, 9.966631368057902, 9.967756225936128, 9.9688807924847, 9.970005067854443, 9.971129052196089, 9.972252745660285, 9.973376148397488, 9.974499260558114, 9.975622082292416, 9.976744613750537, 9.977866855082517, 9.978988806438284, 9.98011046796761, 9.981231839820211, 9.982352922145628, 9.98347371509334, 9.984594218812662, 9.985714433452824, 9.986834359162927, 9.987953996091967, 9.989073344388824, 9.99019240420225, 9.991311175680897, 9.992429658973295, 9.99354785422785, 9.994665761592874, 9.995783381216535, 9.99690071324693, 9.998017757832008, 9.999134515119607, 10.000250985257464, 10.001367168393191, 10.002483064674292, 10.003598674248162, 10.004713997262048, 10.005829033863145, 10.006943784198493, 10.008058248415008, 10.009172426659532, 10.010286319078766, 10.011399925819308, 10.01251324702764, 10.013626282850117, 10.014739033433033, 10.015851498922494]}, {"gosnr_load_qot_81": [9.429816098811209, 9.47331543280318, 9.41206606287022, 9.411113714611439, 9.414430829067292, 9.407930478926946, 9.413898479283564, 9.409031635662634, 9.476282345812146, 9.409131764517916, 9.517231400120842, 9.419392848529816, 9.453934431626683, 9.407854616291779, 9.408069610634506, 9.538765095610247, 9.450830596536688, 9.557391704202097, 9.464718369757671, 9.42329779189058, 9.413166883404667, 9.457253248897379, 9.407751155267903, 9.492276440879149, 9.416906953081016, 9.412216824841739, 9.433627248430229, 9.42052426257529, 9.40765758984089, 9.431671345196825, 9.643588540704918, 9.408565145128758, 9.483722634314445, 9.423944809658714, 9.41752092559524, 9.433526050872054, 9.426709931770812, 9.415875261604757, 9.570162849948856, 9.524857926082271, 9.468799462229287, 9.407712511271631, 9.504555838288532, 9.411471708313304, 9.442603319801837, 9.410172820354347, 9.45579850599512, 9.407645848347894, 9.409606410078489, 9.414835764116324, 9.442728723498297, 9.40820007959241, 9.415838257687113, 9.424800750582431, 9.41924826546572, 9.437868079262303, 9.429877395009086, 9.421521564269842, 9.410790299087209, 9.40835531165454, 9.51376929566718, 9.409619737456378, 9.421873265185479, 9.435690332521299, 9.408709874315289, 9.445182284647691, 9.413025664054647, 9.447919444073285, 9.46464918053409, 9.585561933941674, 9.448636561223653, 9.496681026562232, 9.418043109066645, 9.426385481252941, 9.44016909530909, 9.428055807536047, 9.410297382134466, 9.437761351120296, 9.478261742943424, 9.460813917561328, 9.489810681607429]}]}