{"tests": [{"osnr_load_27": [11.15954756392713, 11.29222249802595, 11.336179094362251, 11.597106450449475, 11.810873693626359, 11.895449074500101, 11.979493585306075, 12.021317081596703, 12.063008247422442, 12.187289135397176, 12.310384127093934, 12.39179063491849, 12.55303305220371, 12.5930174287133, 12.672595932965374, 12.830197078368338, 13.101039669614487, 13.177271904266627, 13.252995580164733, 13.44009171164522, 13.624049909686635, 13.732931388493599, 13.804901024192628, 13.84070122210132, 13.876378694541705, 14.22646377359176, 14.260809500562509]}, {"gosnr_load_27": [11.233150883071827, 13.323383927780405, 12.991899950736025, 11.81935563462676, 12.468949623096524, 12.13555665870717, 11.743476603677506, 13.761105691087035, 11.79445127672891, 11.497966053831137, 12.639367698051348, 12.361898431004782, 12.910929148301207, 11.083994525961078, 13.178813325254897, 13.31121071459037, 11.190263933916476, 13.795879641229567, 11.875854850059737, 13.416701200687005, 13.316585775150049, 12.212656528078288, 12.024266679036499, 13.35197861778038, 12.861340582701636, 12.330706492225655, 11.679849185565647]}]}