{"tests": [{"osnr_load_54": [12.758879899128683, 12.760014353745387, 12.762282374010843, 12.765682184309155, 12.767947246243034, 12.769079334193009, 12.770211127003641, 12.771342624828744, 12.772473827822013, 12.774735349927248, 12.77586566934602, 12.776995694546542, 12.778125425681937, 12.779254862905168, 12.781512856226476, 12.783769675731925, 12.786025322641066, 12.789406597049782, 12.790533103539115, 12.791659317791213, 12.793910870189826, 12.795036208639095, 12.796161255456644, 12.79728601079357, 12.798410474800825, 12.799534647629272, 12.800658529429631, 12.802905420548477, 12.805151149360865, 12.806273578277738, 12.80739571706848, 12.808517565883005, 12.809639124871113, 12.81300206437319, 12.814122465551318, 12.81524257765029, 12.816362400819214, 12.817481935207077, 12.821957187923775, 12.824193085461086, 12.826427832032923, 12.827544774076893, 12.828661428823393, 12.829777796420158, 12.830893877014804, 12.832009670754825, 12.835355332320503, 12.836469980114805, 12.83758434179029, 12.838698417493774, 12.84203893023884, 12.84315186352033, 12.84426451156225, 12.845376874510734]}, {"gosnr_load_54": [12.39474830875981, 12.364758727589154, 12.495239510980467, 12.492050090977164, 12.420392996547642, 12.350501078001486, 12.387448793534514, 12.483147423751273, 12.480221529205057, 12.483072113952318, 12.499674265057548, 12.39944596423931, 12.341838759673367, 12.478424719728709, 12.440311041672832, 12.44205850821902, 12.36280637793448, 12.412228466953174, 12.412953259747647, 12.374581579957658, 12.364551422939831, 12.384472675759277, 12.50361726671043, 12.541270539805025, 12.38957591436715, 12.380470361799663, 12.400434748707337, 12.450466589393445, 12.35850655482541, 12.353314921079194, 12.440214556172652, 12.39265214033123, 12.364380596638307, 12.445268707154737, 12.452590170318272, 12.387082960402704, 12.343089026585364, 12.37996516594426, 12.38589684966567, 12.355050833856467, 12.4120833461261, 12.426064582034586, 12.339987279623916, 12.411622173578627, 12.43731021410637, 12.405328042344275, 12.394750423848029, 12.36751607116724, 12.494362918304002, 12.458056600385072, 12.47274226017758, 12.398040183798237, 12.467945250601371, 12.375806453659546]}]}