{"tests": [{"osnr_load_81": [12.75547475548344, 12.756610100152784, 12.757745147982797, 12.758879899128639, 12.760014353745339, 12.761148511987797, 12.7622823740108, 12.763415939969015, 12.764549210016977, 12.76568218430911, 12.766814862999727, 12.76794724624299, 12.769079334192968, 12.770211127003595, 12.771342624828698, 12.772473827821969, 12.773604736136983, 12.774735349927207, 12.775865669345976, 12.776995694546498, 12.778125425681893, 12.779254862905118, 12.780384006369054, 12.78151285622643, 12.782641412629873, 12.783769675731882, 12.78489764568484, 12.786025322641022, 12.787152706752565, 12.788279798171496, 12.789406597049737, 12.79053310353907, 12.79165931779117, 12.792785239957594, 12.793910870189782, 12.79503620863905, 12.796161255456601, 12.797286010793522, 12.798410474800779, 12.799534647629226, 12.800658529429587, 12.80178212035249, 12.80290542054843, 12.804028430167786, 12.805151149360821, 12.806273578277693, 12.807395717068438, 12.808517565882958, 12.809639124871065, 12.810760394182443, 12.811881373966651, 12.813002064373148, 12.814122465551275, 12.815242577650245, 12.816362400819168, 12.817481935207036, 12.818601180962727, 12.819720138234993, 12.820838807172482, 12.821957187923733, 12.823075280637152, 12.824193085461042, 12.825310602543594, 12.826427832032877, 12.827544774076848, 12.828661428823349, 12.829777796420114, 12.83089387701476, 12.83200967075478, 12.83312517778758, 12.834240398260416, 12.835355332320457, 12.83646998011476, 12.837584341790242, 12.838698417493733, 12.839812207371947, 12.840925711571469, 12.842038930238793, 12.843151863520285, 12.844264511562205, 12.84537687451069]}, {"gosnr_load_81": [12.257855406464689, 12.301401292583696, 12.240151526824283, 12.239195150920171, 12.242525207070498, 12.235992464797757, 12.241935429793706, 12.237102433710785, 12.304524359234875, 12.237175677706759, 12.345555618380672, 12.24750324250454, 12.281995732896732, 12.235905183824903, 12.236118321421667, 12.366954646625333, 12.278888418914667, 12.385613920877002, 12.292936310150376, 12.251334078303625, 12.241256652072998, 12.285318427348713, 12.23581055274206, 12.320550974377039, 12.244942702440353, 12.24025517403103, 12.26166908470304, 12.248559933712855, 12.235714558198893, 12.259711824316797, 12.471969739433767, 12.236632820822935, 12.31182325587586, 12.2520682106644, 12.245625573159973, 12.26167413194126, 12.254840753948567, 12.243974586224606, 12.398590788838034, 12.353023746636914, 12.296879221751421, 12.23576507065389, 12.332688358766726, 12.239510933569717, 12.270652712006157, 12.23821415125566, 12.283997398574307, 12.235700539482872, 12.23768053204871, 12.242872193323608, 12.270898557938041, 12.236264821623667, 12.243874285909031, 12.252837558849127, 12.247283833183808, 12.265913237031922, 12.258016394163382, 12.249638185666367, 12.238830518096133, 12.236402296690592, 12.34191670260855, 12.237662299294925, 12.24990917434225, 12.263733723720199, 12.236755261117558, 12.273234184597328, 12.241063254851367, 12.275974144280742, 12.292723519754174, 12.413834977000363, 12.276819738496986, 12.324801172553016, 12.246078703984649, 12.254422962133821, 12.268216247262487, 12.25609411885362, 12.238375044454983, 12.265919618712985, 12.306354504062355, 12.288883421613697, 12.317920334174811]}]}