{"tests": [{"osnr_load_27": [8.97236601281962, 9.166147107633103, 9.23022414657606, 9.609258556816338, 9.918013768393685, 10.039708604825437, 10.160372044390689, 10.220317351233447, 10.280005269641347, 10.457526587908731, 10.632738807142058, 10.748267425922588, 10.976264197043646, 11.03262767509145, 11.144594243495549, 11.36549672807507, 11.742425229722667, 11.847881843408745, 11.952351873059193, 12.209240862663012, 12.460068406342263, 12.607689556603994, 12.704917168358627, 12.753177194796947, 12.801202353696542, 13.268705751438027, 13.314198832534874]}, {"gosnr_load_27": [9.150803527497906, 12.069456419741307, 11.654756173916155, 10.046901881563423, 10.942799523151939, 10.47201245641319, 9.910883582211081, 12.572716180214915, 10.002192400052811, 9.528238431730548, 11.168622939003258, 10.808397804792326, 11.549682398520243, 8.914666946948183, 11.895867132240136, 12.065523023029886, 9.08809584220027, 12.61567713016218, 10.11758559156732, 12.186254469738259, 12.056826231282043, 10.58083756888678, 10.311289016639208, 12.113495975452102, 11.478229669644211, 10.761939824277349, 9.80795060475324]}]}