{"tests": [{"osnr_load_54": [11.282120338268149, 11.283254854625277, 11.285522998371567, 11.288922993891095, 11.29118817930575, 11.292320328996109, 11.293452183547119, 11.294583743112591, 11.29571500784623, 11.297976653432185, 11.299107034591307, 11.300237121532176, 11.30136691440791, 11.302496413371479, 11.304754530173442, 11.30701147315953, 11.309267243549277, 11.312648703178883, 11.313775271408495, 11.314901547400876, 11.31715322328003, 11.31827862346956, 11.319403732027366, 11.320528549104537, 11.32165307485205, 11.322777309420735, 11.323901252961331, 11.326148267560631, 11.328394119853467, 11.329516610510543, 11.330638811041487, 11.331760721596218, 11.332882342324515, 11.336245467047155, 11.337365929965452, 11.338486103804593, 11.339605988713677, 11.340725584841705, 11.345201084518987, 11.347437105536553, 11.349671975588628, 11.350788979372709, 11.351905695859317, 11.353022125196182, 11.354138267530924, 11.355254123011038, 11.358599969796956, 11.359714679331328, 11.360829102746875, 11.361943240190424, 11.365283938155637, 11.36639693317716, 11.367509642959119, 11.368622067647628]}, {"gosnr_load_54": [10.919599238114689, 10.8897122714229, 11.019621377545526, 11.016718215505495, 10.94518786306679, 10.875459408723112, 10.912215317078688, 11.00782575663863, 11.004924113408832, 11.00770231564976, 11.024243091102054, 10.92431876051675, 10.86682812994739, 11.00285422173107, 10.96511962031335, 10.966798702381698, 10.887670295386695, 10.936971485627435, 10.937830765267954, 10.8995076709168, 10.889387479257447, 10.90925621422646, 11.028240539458016, 11.065782516386939, 10.91447275551313, 10.905329856704927, 10.925348380357573, 10.975067354174898, 10.883376746000202, 10.878279023310109, 10.964841020391194, 10.917465345668909, 10.889213474632166, 10.970065101571937, 10.977344663069406, 10.911991389468117, 10.868081770787313, 10.904815169834784, 10.910761223052468, 10.879935729180442, 10.93675556431403, 10.950807867495218, 10.86498615172383, 10.93643400487386, 10.962095246208962, 10.930218814480586, 10.91951595149327, 10.892457221008772, 11.018736110810373, 10.982640268381786, 10.99720957325729, 10.922957760562813, 10.992661473138586, 10.900599072166672]}]}