{"tests": [{"osnr_load_81": [11.278715009401598, 11.279850415811378, 11.280985525381826, 11.282120338268097, 11.283254854625223, 11.2843890746081, 11.285522998371516, 11.286656626070137, 11.287789957858509, 11.288922993891044, 11.290055734322051, 11.2911881793057, 11.292320328996059, 11.293452183547071, 11.294583743112538, 11.295715007846178, 11.29684597790156, 11.297976653432134, 11.299107034591254, 11.300237121532124, 11.301366914407858, 11.302496413371426, 11.30362561857569, 11.304754530173389, 11.305883148317157, 11.30701147315948, 11.30813950485274, 11.309267243549225, 11.310394689401074, 11.311521842560294, 11.31264870317883, 11.313775271408446, 11.314901547400826, 11.316027531307519, 11.317153223279979, 11.318278623469508, 11.319403732027318, 11.320528549104488, 11.321653074851994, 11.322777309420681, 11.32390125296128, 11.325024905624419, 11.326148267560578, 11.327271338920157, 11.32839411985341, 11.329516610510492, 11.330638811041439, 11.331760721596165, 11.332882342324464, 11.334003673376031, 11.33512471490042, 11.336245467047103, 11.3373659299654, 11.338486103804541, 11.339605988713624, 11.340725584841651, 11.341844892337495, 11.342963911349912, 11.344082642027544, 11.345201084518939, 11.34631923897249, 11.347437105536503, 11.348554684359176, 11.349671975588574, 11.350788979372657, 11.351905695859264, 11.35302212519613, 11.354138267530873, 11.355254123010987, 11.356369691783875, 11.357484973996785, 11.358599969796902, 11.359714679331276, 11.360829102746822, 11.361943240190374, 11.363057091808644, 11.364170657748218, 11.365283938155585, 11.366396933177112, 11.367509642959071, 11.368622067647578]}, {"gosnr_load_81": [10.783171679224692, 10.826636408681097, 10.765397082604178, 10.764447275756146, 10.767756183113573, 10.76127608781654, 10.767257995413376, 10.762371840456048, 10.829510185241995, 10.762487906885841, 10.870403823521052, 10.772707908904046, 10.807273099227562, 10.761207012882778, 10.761423074865817, 10.892013907532714, 10.804171826690103, 10.910618077260548, 10.817962356989181, 10.77665620514416, 10.766495173671633, 10.81058908270524, 10.76109832860003, 10.84548239837267, 10.770266703195981, 10.765575778471288, 10.78698071954397, 10.773883482991458, 10.761006219475203, 10.785025934160068, 10.996706268209843, 10.761907276846713, 10.837033170199806, 10.777251426368064, 10.770839693941337, 10.786816493379899, 10.78001170381251, 10.769197450510827, 10.923265057048337, 10.878123092313883, 10.822124785918225, 10.761063748471605, 10.857844069700775, 10.764830260565194, 10.795950871223956, 10.763530329601508, 10.809055229812593, 10.76099583115335, 10.762944551122164, 10.768195440461131, 10.796004785825193, 10.761544010145807, 10.769198012439157, 10.778158614500693, 10.77260775052979, 10.791218901315487, 10.783173809393766, 10.774832590201825, 10.764148369978404, 10.761709754558241, 10.867047195497598, 10.76297660416956, 10.775232129386206, 10.789042551149166, 10.762065209277852, 10.798527934841557, 10.766384939077508, 10.801262993853724, 10.81797838894551, 10.938753501851021, 10.801903759502647, 10.84997787884026, 10.771402769928029, 10.779742693244662, 10.793518365818187, 10.78141226019488, 10.763633312520962, 10.791045071995136, 10.831577825427798, 10.81414661218907, 10.843114873676733]}]}