{"tests_qot": [{"osnr_load_qot_27": [6.140862346494305, 6.446177426908198, 6.546830767430655, 7.13893496856307, 7.616794543039927, 7.803960694703783, 7.9888504248359515, 8.080441361280158, 8.171463013270452, 8.441113551988487, 8.705648251549555, 8.879168457660896, 9.219425580178466, 9.303081576109957, 9.468710632493877, 9.793270431931091, 10.339998476791322, 10.491303974060575, 10.640458597299311, 11.004047627073238, 11.354587570485585, 11.55877879978398, 11.692395717390697, 11.758459393982362, 11.824030364540434, 12.45329599909175, 12.513645679148413]}, {"gosnr_load_qot_27": [6.490373411294548, 10.657631000777329, 10.25535232816603, 7.937773841597034, 9.259704569570694, 8.557448949644305, 7.6991831926348455, 11.05610759694846, 7.859322170361459, 7.075783831767787, 9.574945618103122, 9.07972594876227, 10.117066267296085, 6.100124928789075, 10.562112045494466, 10.751987753159188, 6.391333777772043, 11.102566566869857, 8.03515050379752, 10.799298945093085, 10.614877415146523, 8.720733297981747, 8.311114030562301, 10.771631245852017, 10.015981635903895, 9.007959359073991, 7.528130167849854]}]}