{"tests_qot": [{"osnr_load_qot_54": [9.69049776349068, 9.691632326623285, 9.693900563920526, 9.697300699766457, 9.699565978732034, 9.700698175197854, 9.701830076524317, 9.70296168286524, 9.704092994374324, 9.70635473351117, 9.707485161445728, 9.708615295162037, 9.709745134813204, 9.71087468055221, 9.713132890905023, 9.715389927441958, 9.717645791382536, 9.721027391338371, 9.722154006343391, 9.723280329111173, 9.72553209854112, 9.72665754550604, 9.727782700839242, 9.728907564691795, 9.730032137214694, 9.73115641855876, 9.732280408874734, 9.734527517024784, 9.736773462868358, 9.737896000300806, 9.73901824760711, 9.740140204937198, 9.741261872440848, 9.744625137489544, 9.745745647183188, 9.74686586779767, 9.747985799482098, 9.749105442385458, 9.753581129164067, 9.755817243732283, 9.758052207334977, 9.759169257894374, 9.760286021156292, 9.761402497268465, 9.762518686378511, 9.763634588633929, 9.766980575745732, 9.768095332055392, 9.769209802246227, 9.770323986465064, 9.773664824756112, 9.774777866552908, 9.775890623110135, 9.777003094573914]}, {"gosnr_load_qot_54": [9.326435110372515, 9.296419364723617, 9.427039080719418, 9.423792344131593, 9.352095931556507, 9.282158000674775, 9.319150878288335, 9.414885875634415, 9.411954595392318, 9.414820080233886, 9.431437705820882, 9.331129356648537, 9.273487860889805, 9.41021149586794, 9.372015192494151, 9.373776543632731, 9.294484379351614, 9.343940060950445, 9.344638370516709, 9.306249563486457, 9.296235279336296, 9.316170810553077, 9.435370718431752, 9.473053617210113, 9.32125261478651, 9.312152677687052, 9.332110250489148, 9.382213895422526, 9.290182479199865, 9.284971246487338, 9.3719547438452, 9.324346000312797, 9.296065049070526, 9.376976251344441, 9.384307461264719, 9.318756879501372, 9.274737701644247, 9.311649262286085, 9.317579258994467, 9.286723176691492, 9.34380892906446, 9.35777884654235, 9.27163414186168, 9.343320024810858, 9.36901843336312, 9.337009029257125, 9.326454133679423, 9.299179698094072, 9.426164029969268, 9.38980879750564, 9.404520416608332, 9.329714435393917, 9.399673169511896, 9.307501100287773]}]}