{"tests_qot": [{"osnr_load_qot_81": [9.687092294297727, 9.688227747482994, 9.689362903828926, 9.69049776349068, 9.691632326623285, 9.692766593381636, 9.693900563920526, 9.69503423839462, 9.696167616958459, 9.697300699766457, 9.698433486972924, 9.699565978732034, 9.700698175197854, 9.701830076524317, 9.70296168286524, 9.704092994374324, 9.705224011205152, 9.70635473351117, 9.707485161445728, 9.708615295162037, 9.709745134813204, 9.71087468055221, 9.712003932531898, 9.713132890905023, 9.71426155582422, 9.715389927441958, 9.716518005910634, 9.717645791382536, 9.718773284009796, 9.719900483944434, 9.721027391338371, 9.722154006343391, 9.723280329111173, 9.72440635979327, 9.72553209854112, 9.72665754550604, 9.727782700839242, 9.728907564691795, 9.730032137214694, 9.73115641855876, 9.732280408874734, 9.733404108313254, 9.734527517024784, 9.735650635159733, 9.736773462868358, 9.737896000300806, 9.73901824760711, 9.740140204937198, 9.741261872440848, 9.742383250267771, 9.74350433856751, 9.744625137489544, 9.745745647183188, 9.74686586779767, 9.747985799482098, 9.749105442385458, 9.750224796656635, 9.751343862444385, 9.75246263989735, 9.753581129164067, 9.754699330392942, 9.755817243732283, 9.756934869330264, 9.758052207334977, 9.759169257894374, 9.760286021156292, 9.761402497268465, 9.762518686378511, 9.763634588633929, 9.764750204182112, 9.765865533170317, 9.766980575745732, 9.768095332055392, 9.769209802246227, 9.770323986465064, 9.771437884858612, 9.772551497573469, 9.773664824756112, 9.774777866552908, 9.775890623110135, 9.777003094573914]}, {"gosnr_load_qot_81": [9.189423711848816, 9.232993963026605, 9.17173048018958, 9.170772623297749, 9.174107495015743, 9.167563097460125, 9.173499475881073, 9.168676089993884, 9.236166978203794, 9.168740871029248, 9.27723338548364, 9.17909167988007, 9.21357633073892, 9.167472196098998, 9.167684795027535, 9.29859478203687, 9.210467228473217, 9.317268601722514, 9.224568748242074, 9.18289998905772, 9.172837206643662, 9.216900987540782, 9.167380329015788, 9.252207441297472, 9.176507032867093, 9.17181929090938, 9.193239031731721, 9.180125037748592, 9.167283547233692, 9.19128090998846, 9.403694439471614, 9.16820538895558, 9.243422913973522, 9.18366175848577, 9.177211783810904, 9.193277588556233, 9.186437255165677, 9.175558753882981, 9.330313318614525, 9.28465324184285, 9.228468958158233, 9.167332680283087, 9.264302763016229, 9.17107516276, 9.202227033520641, 9.169778758867315, 9.215621837197135, 9.167268807229526, 9.169255363957598, 9.174436281526123, 9.20251092038378, 9.167836383499102, 9.175438468625078, 9.184403966395022, 9.178848622907015, 9.197485171925056, 9.189616176735514, 9.181229058469684, 9.170394910802191, 9.167968288540244, 9.273537881488707, 9.169227173584172, 9.181474651376604, 9.195304618465872, 9.168320826622239, 9.204809870032724, 9.172627310628808, 9.20755132144463, 9.224310619341193, 9.345512140284358, 9.208437624165388, 9.256409900171983, 9.177643236333223, 9.185989932245166, 9.199789321720663, 9.187661720398445, 9.169951145907815, 9.19752722872573, 9.237950458708951, 9.220468140142152, 9.249524207405779]}]}