{"tests": [{"osnr_load_27": [17.70006896994664, 17.73929576002249, 17.75233968798894, 17.830272007804233, 17.894783831350296, 17.92047920563645, 17.946112309390603, 17.958905555245618, 17.97168328797603, 18.009923589054207, 18.048024925789907, 18.07334885656803, 18.123812666402273, 18.136390380549326, 18.16150004977701, 18.2115368593425, 18.298518683613164, 18.323235148631266, 18.3478916633586, 18.409271615937794, 18.470280038576302, 18.50670769531011, 18.530919184626754, 18.54300289872381, 18.55507194976356, 18.67495994508055, 18.68686888800732]}, {"gosnr_load_27": [17.581552361523187, 18.227820689277785, 18.13518471650572, 17.69003295565689, 17.950005409057972, 17.84050357249913, 17.711706987105046, 18.434845514734302, 17.697247489680485, 17.682427212758746, 18.02593184316207, 17.888659138231894, 18.099916053256287, 17.571360417942003, 18.213365136219867, 18.25535677023725, 17.568265241385973, 18.448992714322355, 17.726467409988075, 18.271945446796146, 18.21762422800824, 17.866842028000697, 17.807425403044657, 18.258310593200704, 18.091530243106156, 17.882661861741948, 17.71095283294304]}]}