{"tests": [{"osnr_load_54": [18.160954170228905, 18.16208809601416, 18.16435505861707, 18.16775328242243, 18.17001728669492, 18.171148845814383, 18.172280109794613, 18.173411078789428, 18.174541752952532, 18.176802217397782, 18.177932007986733, 18.179061504357556, 18.180190706663364, 18.181319615057127, 18.183576550719852, 18.18583231256718, 18.188086901818664, 18.191466589741772, 18.1925925674028, 18.193718252826717, 18.195968747569303, 18.197093557190737, 18.198218075180566, 18.199342301689885, 18.200466236869655, 18.20158988087073, 18.20271323384384, 18.204959067308522, 18.207203738467225, 18.208325638557426, 18.209447248521613, 18.2105685685097, 18.211689598671484, 18.2150509516953, 18.21617082404757, 18.217290407320803, 18.2184097016641, 18.219528707226466, 18.224001844642306, 18.22623668452989, 18.22847037345246, 18.229586786671973, 18.230702912594133, 18.231818751366678, 18.232934303137213, 18.23404956805325, 18.23739364314765, 18.238507762118424, 18.239621594970505, 18.240735141850703, 18.244074068126594, 18.24518647258526, 18.24629859180447, 18.247410425930365]}, {"gosnr_load_54": [17.798401134277924, 17.768682291858735, 17.897692983042052, 17.895171418923386, 17.82388767397595, 17.754451160760972, 17.790913670737126, 17.886302354110683, 17.88343599406515, 17.8861154284234, 17.90255664702367, 17.803144418637082, 17.745870223120136, 17.88100744656856, 17.843815656717503, 17.845402488733775, 17.766524033736857, 17.815611755419127, 17.816647883508207, 17.778430781317915, 17.768202526323993, 17.78798027943664, 17.90662159829672, 17.943974337306624, 17.793340932524973, 17.784158603263553, 17.8042269010141, 17.853477714686345, 17.762243421423726, 17.757275362778874, 17.843296625768282, 17.796219695774692, 17.768024508243926, 17.84873958110155, 17.85595571792792, 17.79087758681615, 17.74712697463341, 17.783631928151294, 17.789590515188916, 17.75882556192273, 17.815302478722796, 17.829433325837368, 17.744042790569917, 17.81516583002135, 17.840763484725162, 17.80906179545925, 17.798205038768955, 17.77140788323318, 17.89679723932772, 17.861019663934123, 17.875419039231883, 17.801844105182113, 17.871204992144754, 17.77934454431741]}]}