{"tests": [{"osnr_load_81": [18.15755061307874, 18.15868542891628, 18.159819947914613, 18.16095417022889, 18.162088096014138, 18.163221725425267, 18.164355058617048, 18.16548809574416, 18.16662083696114, 18.16775328242241, 18.168885432282273, 18.170017286694904, 18.17114884581436, 18.172280109794592, 18.173411078789407, 18.17454175295251, 18.175672132437477, 18.176802217397764, 18.177932007986712, 18.179061504357538, 18.180190706663343, 18.181319615057106, 18.18244822969169, 18.18357655071983, 18.184704578294152, 18.185832312567157, 18.186959753691234, 18.18808690181864, 18.189213757101534, 18.190340319691934, 18.19146658974175, 18.19259256740278, 18.193718252826695, 18.194843646165047, 18.195968747569285, 18.197093557190716, 18.19821807518055, 18.199342301689864, 18.200466236869634, 18.20158988087071, 18.20271323384382, 18.203836295939585, 18.204959067308504, 18.206081548100958, 18.207203738467207, 18.20832563855741, 18.20944724852159, 18.210568568509675, 18.211689598671462, 18.212810339156633, 18.213930790114752, 18.21505095169528, 18.216170824047545, 18.21729040732078, 18.218409701664086, 18.219528707226445, 18.220647424156745, 18.22176585260374, 18.222883992716078, 18.224001844642288, 18.225119408530784, 18.22623668452987, 18.22735367278773, 18.22847037345244, 18.229586786671952, 18.23070291259412, 18.231818751366657, 18.232934303137196, 18.23404956805323, 18.23516454626215, 18.23627923791123, 18.237393643147634, 18.238507762118406, 18.23962159497048, 18.24073514185068, 18.24184840290572, 18.24296137828219, 18.244074068126572, 18.24518647258524, 18.246298591804447, 18.247410425930347]}, {"gosnr_load_81": [17.662735245269324, 17.7060465125577, 17.644885872985192, 17.64394575182238, 17.64722321163375, 17.640819550091358, 17.646846663101698, 17.64189535177753, 17.708587603865425, 17.642067923540484, 17.749255433542785, 17.652134932457276, 17.686759686036147, 17.640774623018757, 17.64099432507098, 17.77112120789633, 17.683669695522045, 17.78963232878646, 17.69710526574331, 17.65623439016782, 17.645973507094123, 17.690063271588055, 17.640647469306735, 17.72447080831975, 17.649854100906534, 17.64516362291303, 17.666534126959558, 17.653466472745436, 17.64056059497115, 17.664584680797976, 17.875272145042793, 17.641437953521645, 17.71639884350819, 17.65664529517281, 17.650281187463285, 17.666146240311022, 17.659386440909785, 17.64865223528878, 17.801829418970275, 17.7572984129586, 17.701553516707936, 17.640627342035227, 17.737115760877963, 17.64441720001441, 17.67547696493301, 17.643114472516324, 17.688249637691147, 17.64055501832183, 17.642460335871046, 17.647784022608136, 17.6752770311306, 17.64108132676803, 17.648786172965146, 17.657733797992613, 17.652192571588984, 17.670759930200912, 17.662527310927715, 17.654243804891756, 17.64373407598545, 17.641284279720576, 17.746275642112373, 17.642558851883862, 17.654812911475315, 17.66859006561714, 17.64164265391843, 17.67804546712569, 17.64597336002361, 17.680771145319095, 17.69742384138877, 17.81762383929215, 17.68114038855723, 17.72928577682705, 17.65098905713436, 17.659314453424493, 17.673052271700694, 17.660980155450407, 17.64314076814355, 17.670347989391942, 17.71096705773418, 17.693607146739737, 17.722453708099458]}]}