{"tests": [{"osnr_load_27": [15.411881705610469, 15.472252698834076, 15.49230922282266, 15.611946080575168, 15.710728066253433, 15.750009036899794, 15.789158010414617, 15.80868309747396, 15.828175304504448, 15.886455045276602, 15.94444030900595, 15.982934091289856, 16.05953177373166, 16.07860020709505, 16.11664017627685, 16.19233367938487, 16.323564424797492, 16.360772347555695, 16.39785352076132, 16.490004150384003, 16.581370039787814, 16.635815129143783, 16.671956556165025, 16.6899808099068, 16.707974148392704, 16.88621679849456, 16.903872954685806]}, {"gosnr_load_27": [15.342090876335996, 16.33466761873379, 16.17541124681797, 15.558395920143798, 15.907848087709045, 15.746064763497497, 15.557378477305207, 16.606906998596365, 15.558141070595795, 15.478547347522248, 16.00636235476999, 15.835671464824282, 16.128745205353454, 15.299629583940932, 16.281228392709973, 16.34748257646656, 15.322242933485068, 16.626603970913955, 15.599127849898387, 16.391382000139465, 16.326583599756223, 15.78413885419023, 15.695028515473739, 16.361955405651397, 16.11009064191554, 15.823753983832177, 15.542098544728876]}]}