{"tests": [{"osnr_load_54": [16.136780746982858, 16.137914949575585, 16.140182465793224, 16.143581520020103, 16.14584607790655, 16.146977913832874, 16.148109454619892, 16.149240700421416, 16.150371651391147, 16.152632669449435, 16.153762736844783, 16.15489251002193, 16.156021989133983, 16.15715117433392, 16.15940866360875, 16.161664979067876, 16.163920121930854, 16.167300640270618, 16.16842689473705, 16.169552856966284, 16.171803905319283, 16.172928991745806, 16.174053786540654, 16.17517828985491, 16.17630250183954, 16.177426422645397, 16.178550052423212, 16.180796439497072, 16.183041664264646, 16.18416384115917, 16.185285727927596, 16.186407324719845, 16.18752863168572, 16.19089081512134, 16.192010964277387, 16.193130824354323, 16.19425039550125, 16.195369677867163, 16.19984392249643, 16.202079315990265, 16.204313558518773, 16.20543024854114, 16.206546651266088, 16.207662766841327, 16.20877859541449, 16.209894137133073, 16.213239042634655, 16.214353438407667, 16.215467548061902, 16.21658137174419, 16.21992112842587, 16.221033809686315, 16.222146205707226, 16.223258316634745]}, {"gosnr_load_54": [15.77369026405312, 15.743851291931437, 15.873511904928282, 15.870699369688593, 15.799247598226724, 15.729607546912286, 15.76628407356207, 15.86181498941765, 15.858922486462301, 15.861676647451109, 15.878189206053467, 15.778414038569919, 15.720990530357842, 15.856768806659707, 15.819172772280103, 15.820829669519693, 15.74178253369305, 15.791019552541353, 15.79192019467021, 15.753632895157303, 15.743490131640792, 15.763331856790604, 15.882201375721845, 15.919687871628598, 15.768580827048744, 15.75943123702099, 15.779455802930464, 15.829050441274699, 15.737493235254679, 15.732427449453738, 15.818837684681595, 15.771545790170507, 15.743315231755004, 15.82411176470126, 15.831374315224478, 15.7661044027373, 15.722244551952283, 15.758913875104504, 15.764861196531129, 15.73405863324414, 15.790781728484697, 15.804848506412572, 15.719152489728804, 15.790503765040585, 15.816142723989339, 15.78431649293198, 15.77358046061403, 15.74659091444538, 15.872624429704011, 15.836613894336104, 15.851139020784524, 15.777067702054142, 15.84667082914133, 15.754682196333274]}]}