{"tests": [{"osnr_load_81": [16.133376359409777, 16.13451145205503, 16.135646247860997, 16.13678074698283, 16.137914949575556, 16.13904885579409, 16.1401824657932, 16.14131577972756, 16.142448797751708, 16.143581520020078, 16.144713946686956, 16.145846077906526, 16.14697791383285, 16.148109454619863, 16.149240700421387, 16.150371651391126, 16.15150230768264, 16.152632669449407, 16.153762736844758, 16.154892510021906, 16.156021989133958, 16.157151174333887, 16.15828006577457, 16.159408663608723, 16.160536967988982, 16.16166497906785, 16.16279269699771, 16.163920121930826, 16.165047254019346, 16.1661740934153, 16.167300640270593, 16.16842689473702, 16.16955285696626, 16.170678527109857, 16.17180390531926, 16.17292899174578, 16.17405378654063, 16.17517828985488, 16.176302501839512, 16.177426422645368, 16.178550052423184, 16.179673391323576, 16.180796439497044, 16.181919197093972, 16.18304166426462, 16.18416384115914, 16.185285727927567, 16.186407324719816, 16.187528631685694, 16.18864964897487, 16.189770376736927, 16.190890815121314, 16.19201096427736, 16.193130824354295, 16.194250395501225, 16.19536967786714, 16.196488671600907, 16.1976073768513, 16.198725793766954, 16.199843922496406, 16.200961763188065, 16.202079315990233, 16.203196581051106, 16.204313558518745, 16.205430248541116, 16.20654665126606, 16.207662766841302, 16.208778595414465, 16.209894137133045, 16.211009392144437, 16.21212436059591, 16.213239042634626, 16.21435343840764, 16.215467548061877, 16.216581371744162, 16.217694909601207, 16.21880816177961, 16.219921128425845, 16.22103380968629, 16.222146205707197, 16.223258316634716]}, {"gosnr_load_81": [15.637479953666364, 15.68089658502678, 15.619692638808418, 15.618745370197626, 15.622045974574203, 15.615585631691875, 15.621576537459177, 15.616676391618665, 15.683691300020246, 15.616805718515446, 15.724520409057988, 15.626986933551146, 15.661556627236706, 15.61552225612203, 15.615739115339862, 15.746184576125827, 15.65845886488815, 15.764761605088552, 15.67216208000765, 15.630969706673625, 15.620787969573195, 15.664868778061532, 15.615409256834813, 15.699638131204063, 15.624584122876149, 15.619894587110712, 15.641285557667924, 15.628198874927042, 15.615318404300398, 15.639332565509537, 15.850719718177587, 15.616213640557186, 15.691280006876895, 15.631521406037582, 15.625122634307452, 15.641068762295692, 15.634276425527784, 15.623483967222722, 15.777299158618636, 15.73231366852221, 15.67639059504373, 15.615378086012392, 15.712062996504276, 15.619149060232655, 15.650246815727193, 15.617848826897518, 15.663269531630055, 15.615309150703853, 15.617247128135809, 15.622513705824128, 15.650240999245113, 15.615852035109645, 15.62351590417599, 15.632470997862914, 15.626923922841735, 15.645519661917422, 15.637432667379015, 15.629107313633721, 15.618467065976455, 15.616026487075983, 15.721253374877815, 15.617294807032973, 15.62954663231971, 15.643345436107772, 15.616382531414214, 15.652821155270162, 15.620703661969253, 15.65555325345613, 15.672249280231478, 15.79285518920653, 15.65612996816129, 15.704207519123434, 15.625719617235564, 15.634053836665618, 15.647816817922486, 15.635722036162218, 15.617933741887782, 15.645289866412973, 15.685831720280278, 15.668422111815408, 15.69735370426773]}]}