{"tests": [{"osnr_load_27": [10.180107030191223, 10.337763403155648, 10.389953297135445, 10.699293371969087, 10.95211062636973, 11.051976611192337, 11.15112362152842, 11.200427873790675, 11.249552830131659, 11.395853579203532, 11.540546888892258, 11.63611863581939, 11.825132614023353, 11.871943778327509, 11.965036988849029, 12.149114111815784, 12.46452792152456, 12.553086609590203, 12.640956852196837, 12.857638422586287, 13.07007875300158, 13.195526840894056, 13.278325468203832, 13.31947598196938, 13.360461186250747, 13.76131649394181, 13.800512179057948]}, {"gosnr_load_27": [10.297814665500022, 12.736627638124444, 12.364979734941162, 11.01110809058849, 11.762192741584055, 11.371880920773878, 10.910347542701848, 13.209622156673467, 10.978009960635095, 10.60839315180106, 11.955795748705167, 11.643733105518471, 12.273659712479128, 10.112832039663402, 12.575499669165932, 12.724981600856085, 10.246847324737177, 13.248239260633643, 11.073343590711042, 12.840379089884436, 12.7281106376436, 11.462079152420959, 11.240225592642767, 12.770173358851062, 12.21474247667792, 11.606203892347636, 10.830500337628832]}]}