{"tests": [{"osnr_load_54": [12.072737679470226, 12.073872165388499, 12.076140248257088, 12.079540152460082, 12.081805276997063, 12.082937396248585, 12.084069220360762, 12.085200749487406, 12.086331983782214, 12.08859356849052, 12.089723919210822, 12.090853975712871, 12.091983738149793, 12.093113206674541, 12.095371262598887, 12.097628144707361, 12.099883854219511, 12.103265222532727, 12.104391760323551, 12.105518005877142, 12.107769620878727, 12.108894990629475, 12.110020068748504, 12.111144855386904, 12.112269350695634, 12.113393554825551, 12.114517467927378, 12.116764421649147, 12.119010213064456, 12.120132673282779, 12.12125484337497, 12.122376723490945, 12.123498313780495, 12.126861347186892, 12.127981779666452, 12.129101923066854, 12.130221777537205, 12.131341343226493, 12.135816721148862, 12.13805268128899, 12.140287490463631, 12.141404463808998, 12.142521149856895, 12.143637548755056, 12.14475366065109, 12.1458694856925, 12.14921524116232, 12.150329920257999, 12.151444313234855, 12.152558420239714, 12.155899026888871, 12.15701199147172, 12.158124670814995, 12.159237065064834]}, {"gosnr_load_54": [11.708625974039657, 11.67862884575612, 11.809149703723063, 11.805943751081854, 11.734275315470448, 11.664370124733885, 11.701330867203414, 11.797039987395712, 11.794112539367667, 11.79696742198251, 11.813574036623795, 11.713322646140266, 11.655705550308113, 11.792331222244787, 11.754193711293592, 11.755945182809551, 11.676681504811906, 11.726113283537243, 11.726830437306617, 11.68845381718667, 11.67842823867714, 11.698353610071795, 11.81751415698929, 11.855175975445043, 11.703450665973527, 11.694346733179632, 11.71430915456826, 11.764361706976896, 11.672381082582646, 11.667183795530685, 11.754107620498118, 11.7065318415837, 11.678257584301136, 11.759152355583453, 11.766476630169642, 11.700956909740617, 11.656955694294965, 11.69384205089341, 11.699773247998664, 11.66892432852295, 11.725972197774055, 11.739950168919307, 11.653853424425183, 11.725503026098473, 11.751194057256289, 11.719204030383603, 11.708632966266395, 11.681387051737921, 11.8082735558042, 11.771953128780517, 11.786646276393215, 11.711914229044515, 11.78183477605189, 11.689686381818555]}]}