{"tests": [{"osnr_load_81": [12.069332441920256, 12.070467817891174, 12.071602897022764, 12.07273767947018, 12.073872165388451, 12.075006354932476, 12.076140248257044, 12.077273845516821, 12.078407146866343, 12.079540152460035, 12.080672862452204, 12.081805276997015, 12.082937396248541, 12.084069220360716, 12.085200749487356, 12.086331983782168, 12.08746292339872, 12.088593568490476, 12.089723919210773, 12.090853975712825, 12.091983738149741, 12.093113206674495, 12.094242381439948, 12.095371262598837, 12.096499850303797, 12.097628144707315, 12.098756145961778, 12.099883854219463, 12.101011269632512, 12.10213839235294, 12.103265222532677, 12.104391760323503, 12.105518005877096, 12.106643959345007, 12.10776962087868, 12.108894990629429, 12.11002006874846, 12.111144855386854, 12.112269350695586, 12.113393554825505, 12.11451746792733, 12.115641090151701, 12.1167644216491, 12.117887462569916, 12.119010213064406, 12.120132673282733, 12.121254843374924, 12.122376723490898, 12.123498313780445, 12.124619614393264, 12.125740625478908, 12.126861347186846, 12.127981779666406, 12.129101923066806, 12.130221777537155, 12.131341343226447, 12.132460620283558, 12.133579608857247, 12.13469830909615, 12.135816721148817, 12.136934845163648, 12.138052681288942, 12.139170229672898, 12.140287490463582, 12.141404463808952, 12.142521149856849, 12.143637548755006, 12.144753660651045, 12.145869485692451, 12.146985024026637, 12.148100275800854, 12.149215241162274, 12.150329920257953, 12.151444313234805, 12.152558420239668, 12.15367224141925, 12.154785776920136, 12.155899026888823, 12.157011991471672, 12.158124670814948, 12.159237065064785]}, {"gosnr_load_81": [11.571698891388662, 11.615251805687485, 11.55399808319623, 11.553041280096274, 11.556372725312771, 11.549836621033862, 11.555777686106907, 11.550947462121236, 11.618389280064427, 11.551018264944496, 11.659430677670489, 11.5613525345684, 11.5958427636234, 11.549748295746333, 11.549961277962161, 11.68081885107189, 11.592734933805083, 11.699482320954917, 11.606798294300493, 11.565176872487328, 11.555103670317857, 11.599166024121432, 11.549654461949682, 11.634419889647686, 11.558785040772383, 11.554097450764175, 11.575513043165564, 11.562402495195474, 11.549558240324496, 11.573555534317666, 11.785858336412247, 11.550477535352497, 11.62567578458603, 11.56591897685031, 11.55947422291866, 11.575527756342224, 11.56869237204898, 11.557822646675952, 11.712478759812303, 11.666884881909159, 11.610728888524518, 11.5496083548847, 11.646545141033469, 11.55335324269969, 11.584497932304954, 11.552056569542783, 11.597857075269948, 11.549544013550175, 11.55152589957256, 11.556714461785093, 11.584754751243075, 11.55010924589469, 11.557716581633322, 11.566680496334365, 11.561126304001734, 11.579757768901258, 11.571868958778502, 11.563488180236174, 11.552672874392883, 11.550245114266623, 11.65577543902742, 11.551504794506258, 11.563751843417794, 11.5775779555552, 11.550597955712714, 11.587079798323863, 11.55490551395971, 11.589820188301461, 11.606572425929082, 11.727709862119415, 11.590677524984375, 11.638656317385704, 11.559921100561837, 11.568266061893244, 11.582061107843469, 11.569937400752462, 11.55222077818318, 11.579774441170017, 11.620205964503148, 11.602731640965192, 11.631774078749544]}]}