{"tests_qot": [{"osnr_load_qot_27": [10.633819866946686, 10.779409194903334, 10.827623793450911, 11.11360706332949, 11.347609237913673, 11.440114402456897, 11.53199493625225, 11.577701305585887, 11.623251933318276, 11.75897087398305, 11.893293759696068, 11.982069034412003, 12.157770247253294, 12.201311410570499, 12.287934205802138, 12.45934775538268, 12.753482443460971, 12.836165641991338, 12.918250360970063, 13.120858501505651, 13.319776471117288, 13.437371959185484, 13.515042930162915, 13.553661601502057, 13.59213617900309, 13.969033387302954, 14.005946136052625]}, {"gosnr_load_qot_27": [10.730747647243522, 13.005977299515415, 12.650820926258168, 11.383092259751567, 12.085545679613075, 11.722357334935605, 11.294134179001741, 13.463925851691199, 11.35387904644454, 11.019191623370649, 12.268071445578904, 11.972620250534334, 12.564389196632977, 10.562951673429337, 12.850341105626574, 12.992353809430846, 10.683682425950945, 13.500791022222566, 11.442515414220644, 13.104759987321623, 12.998708475678033, 11.806292084675796, 11.600436080158865, 13.036188424295919, 12.509737459978057, 11.938089695516325, 11.222024028593324]}]}