{"tests_qot": [{"osnr_load_qot_54": [12.385388435594074, 12.386522907860885, 12.388790963426562, 12.392190826675186, 12.394455923909264, 12.395588029509337, 12.396719839970062, 12.39785135544526, 12.398982576088624, 12.40124413349404, 12.402374470562895, 12.403504513413505, 12.404634262198982, 12.405763717072297, 12.408021745693764, 12.41027860049937, 12.412534282708656, 12.415915610067579, 12.417042134206977, 12.41816836610914, 12.420419953807878, 12.421545309907206, 12.422670374374814, 12.42379514736179, 12.424919629019103, 12.426043819497604, 12.427167718948011, 12.429414645366952, 12.431660409479433, 12.432782856046352, 12.433905012487132, 12.435026878951694, 12.436148455589839, 12.439511448042023, 12.440631866870177, 12.441751996619178, 12.442871837438132, 12.443991389476025, 12.44846671279281, 12.45070264563015, 12.452937427502011, 12.454054387195994, 12.455171059592505, 12.456287444839276, 12.457403543083927, 12.458519354473957, 12.461865068989635, 12.462979734433933, 12.46409411375941, 12.465208207112893, 12.468548772807928, 12.469661723739405, 12.470774389431313, 12.47188677002978]}, {"gosnr_load_qot_54": [12.022787321011954, 11.992907099266448, 12.122781282562782, 12.119890857267212, 12.04837154846086, 11.978655517918241, 12.015400270302717, 12.11099953375994, 12.10809917509502, 12.110873998597839, 12.127410808456382, 12.02750744099016, 11.970026243476548, 12.106017507832412, 12.06830238052362, 12.06997834478847, 11.990861359384972, 12.040153531197578, 12.041018623793939, 12.002700559899935, 11.992577196090146, 12.012442135198258, 12.13141032574713, 12.16894450533594, 12.017663233931163, 12.008519394766413, 12.02853876757311, 12.078240267587393, 11.986568407408152, 11.981475172972829, 12.068015841929732, 12.020651941488861, 11.992403065648563, 12.073246949857719, 12.08052412067115, 12.015182562376319, 11.971279937825534, 12.008004331955881, 12.013950563402638, 11.983128292096694, 12.039934531721297, 12.053988869152725, 11.96818481861984, 12.039619099152416, 12.065277208983767, 12.033407832296666, 12.022700307805874, 11.995651300212169, 12.1218957054424, 12.085811852130455, 12.1003749481628, 12.026148501776534, 12.095838078354227, 12.003786044577465]}]}