{"tests_qot": [{"osnr_load_qot_81": [12.381983238998533, 12.383118601317989, 12.384253666798116, 12.385388435594074, 12.386522907860885, 12.387657083753448, 12.388790963426562, 12.389924547034878, 12.391057834732951, 12.392190826675186, 12.393323523015901, 12.394455923909264, 12.395588029509337, 12.396719839970062, 12.39785135544526, 12.398982576088624, 12.40011350205373, 12.40124413349404, 12.402374470562895, 12.403504513413505, 12.404634262198982, 12.405763717072297, 12.406892878186309, 12.408021745693764, 12.409150319747287, 12.41027860049937, 12.411406588102402, 12.412534282708656, 12.41366168447027, 12.414788793539273, 12.415915610067579, 12.417042134206977, 12.41816836610914, 12.41929430592563, 12.420419953807878, 12.421545309907206, 12.422670374374814, 12.42379514736179, 12.424919629019103, 12.426043819497604, 12.427167718948011, 12.428291327520968, 12.429414645366952, 12.430537672636357, 12.431660409479433, 12.432782856046352, 12.433905012487132, 12.435026878951694, 12.436148455589839, 12.437269742551251, 12.438390739985493, 12.439511448042023, 12.440631866870177, 12.441751996619178, 12.442871837438132, 12.443991389476025, 12.44511065288174, 12.446229627804028, 12.44734831439154, 12.44846671279281, 12.449584823156245, 12.45070264563015, 12.451820180362718, 12.452937427502011, 12.454054387195994, 12.455171059592505, 12.456287444839276, 12.457403543083927, 12.458519354473957, 12.459634879156756, 12.460750117279591, 12.461865068989635, 12.462979734433933, 12.46409411375941, 12.465208207112893, 12.4663220146411, 12.467435536490616, 12.468548772807928, 12.469661723739405, 12.470774389431313, 12.47188677002978]}, {"gosnr_load_qot_81": [11.886390292761995, 11.929848262949388, 11.868613908842303, 11.867664458694161, 11.870972199228408, 11.864494879747632, 11.870478051858054, 11.865589930759864, 11.932710928776785, 11.865707860685156, 11.973595498460144, 11.875922411948878, 11.910488235134313, 11.864426605746175, 11.864642779764642, 11.995213183024166, 11.907387455886777, 12.013813538539733, 11.921165715605378, 11.879875553244968, 11.869711612002687, 11.913803680005536, 11.864317315075406, 11.94867957487773, 11.87348660191465, 11.868795872380351, 11.890198850174563, 11.877103096751158, 11.86422538253941, 11.888244316793195, 12.099883448785194, 11.86512562186845, 11.94024314982099, 11.880464658311556, 11.874054747266065, 11.890027236403743, 11.883224196848461, 11.872413006422617, 12.026445139961693, 11.9813251654979, 11.925337431769496, 11.864283214057147, 11.961050127082283, 11.868050353213428, 11.899167752029962, 11.866750379757496, 11.912260637231922, 11.864215153680636, 11.866162363998097, 11.871415458023582, 11.899213272537805, 11.86476258862392, 11.872417977495935, 11.88137780546533, 11.8758274739558, 11.894436458930322, 11.886385478390762, 11.878046488792107, 11.86736844805798, 11.864929556709981, 11.970251461446752, 11.866196612948947, 11.878451618214399, 11.892260407300725, 11.865285094288689, 11.901744432831675, 11.869605020936454, 11.904479075756878, 11.921191748999638, 12.041943083062632, 11.905110840222342, 11.953185441814636, 11.874622588211178, 11.882961709960183, 11.896735599018742, 11.884631084741903, 11.866850823587175, 11.894254764613592, 11.93478879694741, 11.917360619858862, 11.946323728186169]}]}