{"tests": [{"osnr_load_27": [4.54044060482812, 4.928157872292447, 5.055726265629742, 5.803405986318657, 6.403018907210551, 6.636845968980092, 6.867222418772313, 6.9811152798588525, 7.094144168383667, 7.428047035668143, 7.754181544671251, 7.96729864380738, 8.383243820140828, 8.485096360991744, 8.6862553179303, 9.078458758033603, 9.732871658414867, 9.912519545298688, 10.088971004530759, 10.5163561569011, 10.924603921509195, 11.16064288684544, 11.31438337109288, 11.390185359116208, 11.465283043202392, 12.178855440466908, 12.246607869412413]}, {"gosnr_load_27": [5.007613350505141, 9.88423940589735, 9.622868223717406, 6.850027501228071, 8.464693311774132, 7.607425332262259, 6.540582317352065, 9.988412189643451, 6.748317703748546, 5.746330814203761, 8.836535479326013, 8.254904849865925, 9.468626412711071, 4.505734763424209, 9.951311921985166, 10.117174330119711, 4.881785413623328, 10.028136531658998, 6.9670165442179774, 10.027854827831845, 9.804618936217565, 7.807945484877324, 7.301920321716139, 10.082112035743036, 9.353203696617241, 8.166448166752037, 6.321762236916087]}]}