{"tests": [{"osnr_load_54": [8.963372162628701, 8.964506742051626, 8.966775011929508, 8.970175196646382, 8.972440508192587, 8.973572720948729, 8.974704638565495, 8.97583626119674, 8.976967588996125, 8.979229360713596, 8.980359804938459, 8.98148995494508, 8.98261981088655, 8.983749372915868, 8.986007615849292, 8.988264684966833, 8.990520581488019, 8.99390223031476, 8.995028861610072, 8.996155200668152, 8.998407002678695, 8.999532465933909, 9.000657637557406, 9.001782517700258, 9.002907106513456, 9.004031404147808, 9.005155410754082, 9.007402551484716, 9.009648529908873, 9.010771083631608, 9.011893347228202, 9.013015320848568, 9.014137004642508, 9.017500318562066, 9.018620844545994, 9.019741081450753, 9.020861029425468, 9.021980688619106, 9.026456440558837, 9.028692587707605, 9.030927583890854, 9.032044650740525, 9.033161430292726, 9.034277922695166, 9.035394128095492, 9.036510046641174, 9.039856082623798, 9.040970855223721, 9.042085341704828, 9.043199542213934, 9.04654042937578, 9.047653487462842, 9.048766260310328, 9.049878748064371]}, {"gosnr_load_54": [8.599089592590323, 8.569052704328774, 8.699788621594472, 8.696486556870457, 8.624762394432766, 8.554789771817608, 8.591821295500486, 8.687577705122727, 8.684641614087283, 8.687521183524252, 8.704151415263125, 8.603779839110272, 8.54611325851385, 8.682951069275168, 8.644679930108799, 8.646454542483541, 8.567134904175258, 8.616616142143307, 8.617288564150092, 8.578888640286129, 8.568891253148202, 8.588837812582494, 8.708074117673247, 8.74578024155164, 8.593898012050257, 8.584804857705317, 8.604752907874747, 8.654919157927933, 8.562831599933805, 8.55760203260701, 8.644654578748783, 8.597007657584022, 8.568721627709698, 8.649643566391386, 8.656983191246537, 8.591399929665872, 8.54736250546917, 8.584303248549748, 8.590230746047558, 8.559369306924863, 8.6164986501019, 8.630455512097582, 8.544257624696465, 8.615982815179892, 8.641687570821059, 8.609656316404518, 8.599125076197058, 8.571815551531232, 8.698915201951966, 8.662517707110597, 8.677252436810377, 8.602356222909574, 8.672356988167744, 8.580165957577597]}]}