{"tests": [{"osnr_load_81": [8.959966644564728, 8.961102114040312, 8.962237286676569, 8.963372162628644, 8.964506742051565, 8.96564102510024, 8.96677501192945, 8.96790870269386, 8.96904209754801, 8.970175196646323, 8.971308000143104, 8.97244050819253, 8.973572720948669, 8.974704638565438, 8.975836261196681, 8.976967588996065, 8.978098622117205, 8.979229360713536, 8.980359804938397, 8.98148995494502, 8.98261981088649, 8.983749372915808, 8.9848786411858, 8.986007615849232, 8.987136297058735, 8.988264684966774, 8.989392779725753, 8.99052058148796, 8.991648090405516, 8.992775306630461, 8.993902230314703, 8.995028861610013, 8.996155200668092, 8.997281247640487, 8.998407002678636, 8.99953246593385, 9.000657637557346, 9.001782517700201, 9.002907106513396, 9.00403140414775, 9.005155410754021, 9.006279126482834, 9.007402551484654, 9.008525685909895, 9.00964852990881, 9.010771083631552, 9.011893347228142, 9.013015320848508, 9.014137004642448, 9.015258398759663, 9.016379503349686, 9.017500318562007, 9.018620844545934, 9.019741081450693, 9.020861029425408, 9.02198068861905, 9.023100059180507, 9.024219141258541, 9.02533793500179, 9.02645644055878, 9.027574658077933, 9.028692587707544, 9.029810229595807, 9.030927583890795, 9.032044650740467, 9.033161430292665, 9.034277922695107, 9.035394128095435, 9.036510046641116, 9.03762567847957, 9.038741023758053, 9.039856082623738, 9.040970855223662, 9.04208534170477, 9.043199542213877, 9.044313456897688, 9.045427085902803, 9.046540429375723, 9.047653487462785, 9.048766260310266, 9.049878748064312]}, {"gosnr_load_81": [8.461982356952717, 8.505570184766194, 8.444301970570704, 8.443342805624631, 8.446681899685496, 8.44012706883721, 8.446056204893262, 8.441242849793573, 8.508791381860467, 8.44129938206301, 8.549886157723591, 8.451671374346109, 8.486143544835937, 8.440032655284032, 8.44024470006628, 8.571207847066876, 8.483033140087343, 8.589893135558627, 8.497184882525682, 8.455457217606968, 8.445410101283775, 8.489469642839007, 8.439943492116361, 8.524843048217143, 8.449063618012206, 8.444376323746994, 8.465798739466209, 8.452681869611446, 8.439845957376, 8.463840054086212, 8.6763745313026, 8.440771155050852, 8.516004458884737, 8.4562457884191, 8.449789573430811, 8.465869916746188, 8.459023771473785, 8.448134785693354, 8.603002026473964, 8.557257950360157, 8.501042964382908, 8.439893740546877, 8.536895691025496, 8.443632408952071, 8.474789736483313, 8.442336554651101, 8.488231447429484, 8.439830517168886, 8.441823187455858, 8.446992920530743, 8.475110621201202, 8.440401221414557, 8.447995059463317, 8.456961467830494, 8.451405327482043, 8.470046218333074, 8.462205441865109, 8.453810824801415, 8.442952411258313, 8.440527684941236, 8.54613608545928, 8.441785306069928, 8.45403165735822, 8.467864958692447, 8.440879758689254, 8.477373537264786, 8.44518417102177, 8.48011605481281, 8.496882646890338, 8.618154468620961, 8.481041867725146, 8.528998427201644, 8.450199859062165, 8.458547759034712, 8.472351153563952, 8.460219927472231, 8.442520108257064, 8.47012300355937, 8.510529174995478, 8.49303839282396, 8.522108988677699]}]}