{"tests": [{"osnr_load_27": [4.7778557430285895, 5.152304459769224, 5.27554584454556, 5.998291711149487, 6.57850051981253, 6.804921464410171, 7.028096394442938, 7.138465397819792, 7.2480217520653625, 7.57181502121062, 7.88830122771897, 8.095241345160165, 8.49944008575315, 8.598481490962826, 8.79416713146905, 9.176011902006135, 9.814126846111357, 9.989530392005099, 10.161914128768432, 10.57987665862071, 10.979715715278829, 11.211167292717715, 11.362030715015369, 11.43644678084135, 11.510192832552688, 12.212005433766855, 12.27874466983944]}, {"gosnr_load_27": [5.2264944470352095, 10.005164360849623, 9.710918998341466, 7.006212395592223, 8.575482251217533, 7.741976567131904, 6.707852740480753, 10.17288790583033, 6.90813643349082, 5.940635495328631, 8.938876760373093, 8.370228976318742, 9.558657320616994, 4.742482771439567, 10.037784483961683, 10.210489385175938, 5.104968851403572, 10.214279452442218, 7.120080344645192, 10.149566881408166, 9.93262759611245, 7.9367284927463855, 7.445684418270067, 10.18691070152263, 9.444964813260693, 8.284309609360907, 6.496554174628272]}]}