{"tests": [{"osnr_load_54": [9.062787686999576, 9.063922264352875, 9.06619053009151, 9.069590708599518, 9.071856016006478, 9.072988226692997, 9.074120142240142, 9.075251762801763, 9.076383088531529, 9.078644856109754, 9.079775298264998, 9.080905446201996, 9.082035300073844, 9.083164860033541, 9.085423098827723, 9.087680163806022, 9.089936056187964, 9.093317698805842, 9.094444328031537, 9.095570665019997, 9.097822462891298, 9.098947924076894, 9.100073093630769, 9.101197971704003, 9.102322558447579, 9.103446854012313, 9.104570858548966, 9.106817995140359, 9.109063969425279, 9.110186521078393, 9.111308782605366, 9.112430754156117, 9.113552435880436, 9.116915743591136, 9.118036267505447, 9.119156502340589, 9.120276448245683, 9.121396105369705, 9.125871849030961, 9.128107992040492, 9.130342984084507, 9.131460048864561, 9.132576826347144, 9.133693316679967, 9.134809520010675, 9.135925436486739, 9.139271466260512, 9.140386236790818, 9.141500721202307, 9.142614919641797, 9.145955800594793, 9.147068856612238, 9.148181627390109, 9.149294113074534]}, {"gosnr_load_54": [8.698969678245302, 8.668968119128275, 8.799508481292888, 8.796302042518079, 8.724622832655598, 8.654707302679043, 8.691673491040675, 8.787396930593692, 8.784469039885035, 8.787324354203736, 8.803933485665622, 8.703667046860298, 8.646041458285378, 8.782687453542309, 8.744544205082912, 8.746295938992377, 8.667020491601713, 8.716459584927064, 8.71717684543027, 8.67879453842198, 8.668767482520824, 8.688695793513622, 8.807874204591387, 8.845541771903271, 8.693793603555202, 8.684688324401261, 8.704653701682814, 8.754713725543263, 8.662719436951708, 8.657521386421328, 8.744458101392635, 8.69687523547318, 8.668596803026315, 8.749503592517442, 8.756828966335453, 8.691299478245565, 8.64729178534962, 8.684183567561261, 8.690115641395463, 8.659262174995108, 8.716318478168184, 8.730298532763875, 8.644189061264669, 8.715849236677688, 8.741544101903688, 8.709549304373343, 8.698976671508422, 8.671726731244169, 8.798632200483972, 8.762306288075068, 8.77700164923321, 8.702258420817827, 8.772189423206978, 8.68002728492292]}]}