{"tests": [{"osnr_load_81": [9.059382175144467, 9.060517642550431, 9.061652813117064, 9.062787686999517, 9.063922264352815, 9.065056545331865, 9.066190530091452, 9.06732421878624, 9.06845761157077, 9.06959070859946, 9.070723510026617, 9.071856016006421, 9.072988226692937, 9.074120142240083, 9.075251762801706, 9.076383088531468, 9.077514119582986, 9.078644856109698, 9.079775298264936, 9.080905446201937, 9.082035300073786, 9.083164860033481, 9.084294126233853, 9.085423098827663, 9.086551777967543, 9.087680163805963, 9.088808256495321, 9.089936056187907, 9.091063563035842, 9.092190777191165, 9.093317698805786, 9.094444328031479, 9.095570665019938, 9.09669670992271, 9.097822462891237, 9.098947924076834, 9.10007309363071, 9.101197971703945, 9.102322558447518, 9.103446854012253, 9.104570858548906, 9.105694572208098, 9.1068179951403, 9.10794112749592, 9.109063969425218, 9.110186521078337, 9.111308782605308, 9.112430754156057, 9.113552435880376, 9.114673827927973, 9.115794930448375, 9.116915743591079, 9.118036267505387, 9.11915650234053, 9.120276448245622, 9.121396105369648, 9.122515473861487, 9.123634553869902, 9.124753345543532, 9.125871849030904, 9.12699006448044, 9.128107992040434, 9.129225631859079, 9.130342984084447, 9.131460048864502, 9.132576826347083, 9.133693316679906, 9.134809520010615, 9.135925436486682, 9.137041066255518, 9.138156409464383, 9.13927146626045, 9.140386236790759, 9.141500721202249, 9.142614919641739, 9.143728832255935, 9.144842459191434, 9.145955800594736, 9.147068856612181, 9.148181627390048, 9.149294113074477]}, {"gosnr_load_81": [8.562022616998812, 8.605581817773576, 8.544319271817947, 8.54336233187749, 8.546694253682437, 8.540157214709248, 8.546099129324888, 8.541268214553014, 8.608719747456412, 8.541339027496466, 8.64976713132966, 8.551674776019588, 8.586169966397016, 8.540068876800419, 8.540281889450936, 8.671158446891898, 8.583061687908918, 8.689824671319949, 8.59712708126088, 8.555499662118262, 8.545425017096482, 8.589493707021441, 8.539975029595597, 8.62475268852078, 8.549106914470348, 8.54441865359902, 8.565837316798952, 8.552724887099702, 8.539878794221336, 8.563879526633018, 8.776213590357695, 8.540798220619516, 8.616007310655409, 8.55624187291027, 8.549796195309797, 8.565852032090557, 8.559015666016904, 8.548144382582066, 8.702823035328828, 8.657222428917343, 8.60105824482988, 8.539928915942363, 8.636879709121143, 8.543674339094, 8.574823498805307, 8.5423774805237, 8.588184569016365, 8.53986456541419, 8.541846734688086, 8.547036039063432, 8.575080354737338, 8.540429878528638, 8.548038302355332, 8.557003501626676, 8.551448513040198, 8.570082652989642, 8.56219270881394, 8.553810727750811, 8.542993873493332, 8.540565766317302, 8.646111357238144, 8.541825626604759, 8.554074428728946, 8.56790252607931, 8.540918658190236, 8.577405736832976, 8.545226832388641, 8.58014652190234, 8.596901180188189, 8.718056401151713, 8.581003982241754, 8.628989733841241, 8.550243136955729, 8.558589294680544, 8.57238632343625, 8.560260873431346, 8.542541712641503, 8.570099327657294, 8.610536695680269, 8.59305983941468, 8.622106492224367]}]}