{"tests_qot": [{"osnr_load_qot_27": [9.701834588985353, 9.8730338891765, 9.929682970697638, 10.265197327605186, 10.539063556080798, 10.647154543684128, 10.754415316735084, 10.807734740148522, 10.860847068126287, 11.018943230980518, 11.175182203188882, 11.278312568951648, 11.482112367310659, 11.532551130228917, 11.632817173073256, 11.83091172675806, 12.169811554743948, 12.264838695487096, 12.359070898297222, 12.591195439126901, 12.818427088843569, 12.952441827318601, 13.040824764462943, 13.084729698156119, 13.128444303782443, 13.555241556263011, 13.596898726678601]}, {"gosnr_load_qot_27": [9.842830034711316, 12.46690143602299, 12.075826641086175, 10.625025553471477, 11.430863847600994, 11.009973226695264, 10.510857737380078, 12.954662651495859, 10.58751086963726, 10.178418007414283, 11.636750558109545, 11.306382166334839, 11.979164878010408, 9.638552501268634, 12.298408756739516, 12.45638370833605, 9.787463771291305, 12.995093030816635, 10.690397238173887, 12.575791389505993, 12.457263700952922, 11.107226007712272, 10.867317363309663, 12.50346186732144, 11.915310877056394, 11.265445350296053, 10.42226549371015]}]}