{"tests_qot": [{"osnr_load_qot_54": [11.751865209196259, 11.75299970813963, 11.755267817058403, 11.75866776033667, 11.760932910923827, 11.762065043200437, 11.763196880337699, 11.764328422489426, 11.765459669809319, 11.76772128056779, 11.768851644313168, 11.769981713840298, 11.771111489302292, 11.772240970852126, 11.774499052826616, 11.77675596098524, 11.77901169654753, 11.78239310393595, 11.783519654751842, 11.7846459133305, 11.786897554382211, 11.788022937158022, 11.789148028302115, 11.79027282796557, 11.791397336299363, 11.792521553454336, 11.793645479581219, 11.795892459353096, 11.798138276818513, 11.79926075006189, 11.800382933179133, 11.801504826320153, 11.802626429634751, 11.80598950211629, 11.80710994762089, 11.808230104046338, 11.809349971541732, 11.810469550256064, 11.814944980278588, 11.817180966468781, 11.819415801693488, 11.82053278806389, 11.821649487136817, 11.822765899060004, 11.823882023981067, 11.824997862047507, 11.828343656592404, 11.829458348713102, 11.830572754714979, 11.831686874744861, 11.835027520469074, 11.836140498076936, 11.837253190445232, 11.838365597720081]}, {"gosnr_load_qot_54": [11.38907480048559, 11.359172718829182, 11.48916648669028, 11.486220111899076, 11.414671560128813, 11.344919318109524, 11.381703730065267, 11.47732622969253, 11.474420960946626, 11.477210062845531, 11.493759890124998, 11.393790956801178, 11.336283460972364, 11.472392358199325, 11.434600981940893, 11.436290374705251, 11.35714431235658, 11.406463125207399, 11.407302072318661, 11.36897213890162, 11.358865683773862, 11.378742094966851, 11.497749058107065, 11.535307344348684, 11.383941447622288, 11.374804311598377, 11.394814392722601, 11.444579984247161, 11.352849870848642, 11.347738023973745, 11.434349903040896, 11.386946636208881, 11.358692161667452, 11.439548238685635, 11.446834034907369, 11.381458363079098, 11.337536575744807, 11.37429106557748, 11.380234869759365, 11.349406676903603, 11.40625790460865, 11.420299284311405, 11.334440070809775, 11.405915253879808, 11.431580205815088, 11.399688217037841, 11.389004419310806, 11.361919505462662, 11.488282542388305, 11.452155381032618, 11.46674207220774, 11.392423208181935, 11.46215642369725, 11.370083694038753]}]}