{"tests_qot": [{"osnr_load_qot_81": [11.748459932571047, 11.749595321567064, 11.75073041372375, 11.751865209196259, 11.75299970813963, 11.754133910708743, 11.755267817058403, 11.756401427343272, 11.75753474171789, 11.75866776033667, 11.759800483353926, 11.760932910923827, 11.762065043200437, 11.763196880337699, 11.764328422489426, 11.765459669809319, 11.766590622450954, 11.76772128056779, 11.768851644313168, 11.769981713840298, 11.771111489302292, 11.772240970852126, 11.773370158642651, 11.774499052826616, 11.77562765355665, 11.77675596098524, 11.777883975264775, 11.77901169654753, 11.780139124985647, 11.781266260731147, 11.78239310393595, 11.783519654751842, 11.7846459133305, 11.785771879823475, 11.786897554382211, 11.788022937158022, 11.789148028302115, 11.79027282796557, 11.791397336299363, 11.792521553454336, 11.793645479581219, 11.794769114830647, 11.795892459353096, 11.79701551329897, 11.798138276818513, 11.79926075006189, 11.800382933179133, 11.801504826320153, 11.802626429634751, 11.80374774327262, 11.80486876738331, 11.80598950211629, 11.80710994762089, 11.808230104046338, 11.809349971541732, 11.810469550256064, 11.811588840338212, 11.812707841936938, 11.813826555200883, 11.814944980278588, 11.816063117318452, 11.817180966468781, 11.81829852787777, 11.819415801693488, 11.82053278806389, 11.821649487136817, 11.822765899060004, 11.823882023981067, 11.824997862047507, 11.826113413406716, 11.827228678205955, 11.828343656592404, 11.829458348713102, 11.830572754714979, 11.831686874744861, 11.832800708949463, 11.833914257475373, 11.835027520469074, 11.836140498076936, 11.837253190445232, 11.838365597720081]}, {"gosnr_load_qot_81": [11.252578684686673, 11.29605512310335, 11.234814999925453, 11.233864212413803, 11.237176273782847, 11.230688304720005, 11.2366642517641, 11.23178619180649, 11.298966533191388, 11.231895785606966, 11.33988043898003, 11.242131912593516, 11.276685676974974, 11.230616479431932, 11.230832096760146, 11.361458350293947, 11.27358353109302, 11.380070603853303, 11.287412775378836, 11.246062408685866, 11.23591414006282, 11.280002632198531, 11.230509920190437, 11.314946761291242, 11.239672704567793, 11.234982352483474, 11.256388377450454, 11.243289506747672, 11.230417225080753, 11.254433242908, 11.466198096544653, 11.231320871047172, 11.306455559363666, 11.246678613916279, 11.240262292621235, 11.256249732999503, 11.249440709847294, 11.238618748729737, 11.392767264913413, 11.347561658575497, 11.29154197936067, 11.230473693036194, 11.32727438130736, 11.23423703705528, 11.265360451317596, 11.232937598352192, 11.278500959278714, 11.23040628827875, 11.232359709389794, 11.237601581952934, 11.265443368650823, 11.230956893784604, 11.23860406878914, 11.247564960851372, 11.242013734838572, 11.260627407544117, 11.252604820512754, 11.24425811765672, 11.233555378010792, 11.231118364144482, 11.336481198746942, 11.232384163037413, 11.24463822583801, 11.258450607073396, 11.23147343804461, 11.267938148349643, 11.235791339674176, 11.270673913043588, 11.287394229397982, 11.40821859854565, 11.27134562278571, 11.319405119386447, 11.240808747053691, 11.249149219646494, 11.262927378583402, 11.250819005635195, 11.233049331141476, 11.260480812827119, 11.300998258743817, 11.283561244215042, 11.312539507883436]}]}