{"tests_qot": [{"osnr_load_qot_27": [11.324901401361352, 11.453689124540583, 11.496363733847666, 11.749743545563419, 11.957410091825068, 12.039593205985948, 12.121272838702895, 12.16192415468772, 12.202449972255618, 12.3232757481886, 12.442976887013801, 12.522154759734113, 12.679021041132614, 12.717928232034337, 12.79537251218599, 12.948785488219592, 13.212554306778268, 13.286824672779463, 13.360612581029795, 13.54298265442737, 13.722375053509895, 13.82859304579674, 13.89881837190554, 13.93375576047516, 13.968576627078251, 14.310432231398494, 14.343988191804693]}, {"gosnr_load_qot_27": [11.391552024657392, 13.427042237235, 13.10217839925521, 11.95806774131408, 12.591839443118946, 12.267331935097607, 11.886043010879323, 13.858337020969234, 11.934432036381509, 11.6492995239301, 12.758583406742094, 12.486615224738582, 13.022878673689192, 11.247984011690033, 13.285261442184591, 13.414868090714567, 11.349916772118293, 13.892455103730882, 12.0136729348577, 13.518611741504658, 13.420495115334388, 12.342389377879986, 12.159206872652582, 13.454878905072398, 12.974748786113262, 12.456408374736556, 11.824934632764224]}]}