{"tests_qot": [{"osnr_load_qot_54": [12.878270335058513, 12.879404783705406, 12.881672792031257, 12.885072584420154, 12.887337634414429, 12.888469716394603, 12.889601503235431, 12.890732995090733, 12.891864192114205, 12.894125702279844, 12.895256015728815, 12.89638603495954, 12.897515760125135, 12.89864519137857, 12.90090317276029, 12.903159980326151, 12.905415615295707, 12.908796871795047, 12.909923372314589, 12.9110495805969, 12.913301121055934, 12.914426453535416, 12.915551494383177, 12.916676243750317, 12.917800701787785, 12.91892486864645, 12.920048744477022, 12.9222956236563, 12.924541340529121, 12.925663763476216, 12.926785896297178, 12.927907739141915, 12.929029292160246, 12.932392213752985, 12.933512608961337, 12.934632715090533, 12.935752532289682, 12.93687206070777, 12.941347289545371, 12.943583175143136, 12.945817909775425, 12.94693484584963, 12.94805149462636, 12.949167856253354, 12.95028393087823, 12.951399718648487, 12.954745362304863, 12.955860004129399, 12.956974359835115, 12.95808842956884, 12.96142892440461, 12.962541851716338, 12.963654493788496, 12.964766850767223]}, {"gosnr_load_qot_54": [12.51470217137804, 12.484756443717835, 12.614994688603907, 12.61192352638179, 12.540322421016965, 12.470501489421757, 12.507368208887161, 12.603025534014495, 12.600109795933328, 12.602930372673818, 12.619506339064364, 12.519408607724081, 12.46185241192132, 12.598200424470644, 12.560245098935809, 12.561964265381139, 12.482767220718664, 12.532136921330837, 12.53291715547979, 12.494567473563727, 12.484500684191918, 12.504399261544012, 12.623471595665489, 12.66107697876471, 12.509548979859202, 12.500428484516533, 12.520414186929207, 12.57031439441236, 12.478470203106129, 12.473317571276247, 12.560073491726678, 12.512590547928745, 12.484328555421033, 12.56519748264351, 12.57250128256231, 12.507060932977808, 12.463104007637796, 12.499919399121675, 12.505856708943705, 12.475020722466851, 12.531962600940076, 12.545972437168144, 12.460004944689453, 12.531559045664508, 12.557234712481527, 12.52529780076809, 12.514669056465582, 12.48750853498235, 12.614114563228608, 12.577896960191282, 12.592533858589789, 12.518021371630393, 12.587839780826226, 12.495737225448993]}]}