{"tests_qot": [{"osnr_load_qot_81": [12.874865209322737, 12.876000548022269, 12.877135589882476, 12.878270335058513, 12.879404783705406, 12.880538935978054, 12.881672792031257, 12.882806352019664, 12.883939616097827, 12.885072584420154, 12.886205257140968, 12.887337634414429, 12.888469716394603, 12.889601503235431, 12.890732995090733, 12.891864192114205, 12.89299509445942, 12.894125702279844, 12.895256015728815, 12.89638603495954, 12.897515760125135, 12.89864519137857, 12.899774328872706, 12.90090317276029, 12.90203172319394, 12.903159980326151, 12.90428794430932, 12.905415615295707, 12.906542993437458, 12.907670078886602, 12.908796871795047, 12.909923372314589, 12.9110495805969, 12.912175496793537, 12.913301121055934, 12.914426453535416, 12.915551494383177, 12.916676243750317, 12.917800701787785, 12.91892486864645, 12.920048744477022, 12.921172329430144, 12.9222956236563, 12.923418627305871, 12.924541340529121, 12.925663763476216, 12.926785896297178, 12.927907739141915, 12.929029292160246, 12.93015055550184, 12.931271529316273, 12.932392213752985, 12.933512608961337, 12.934632715090533, 12.935752532289682, 12.93687206070777, 12.937991300493687, 12.93911025179618, 12.940228914763894, 12.941347289545371, 12.942465376289018, 12.943583175143136, 12.944700686255917, 12.945817909775425, 12.94693484584963, 12.94805149462636, 12.949167856253354, 12.95028393087823, 12.951399718648487, 12.952515219711515, 12.953630434214586, 12.954745362304863, 12.955860004129399, 12.956974359835115, 12.95808842956884, 12.95920221347729, 12.960315711707048, 12.96142892440461, 12.962541851716338, 12.963654493788496, 12.964766850767223]}, {"gosnr_load_qot_81": [12.378008095238972, 12.42151834280515, 12.36027591801916, 12.359322298869369, 12.36264346736556, 12.35613276305518, 12.362091499300005, 12.357236813273376, 12.424538420581372, 12.357327717647536, 12.465510850793722, 12.367610404956784, 12.402131177232034, 12.356052996244566, 12.356267329654106, 12.486995860779334, 12.39902650960478, 12.505631456819803, 12.412967540783683, 12.371489503738768, 12.361378087318617, 12.405450938333045, 12.355952572960987, 12.440541792564693, 12.365099215866826, 12.360410517248715, 12.381819671900576, 12.368716082680365, 12.355858185846088, 12.379863529181756, 12.591872437728448, 12.35676930627191, 12.43192938980637, 12.372166299647782, 12.36573672803824, 12.38175489411397, 12.37493364645687, 12.364089429087652, 12.518471578829168, 12.473082200470692, 12.417000807274716, 12.355911590095175, 12.452771087759428, 12.359665786464024, 12.390797295984367, 12.358367769136114, 12.404042185179636, 12.355845665332822, 12.357812660801397, 12.363028497840322, 12.390963958375046, 12.356403277290585, 12.364030738834453, 12.372992468256989, 12.367440196869099, 12.386061151479659, 12.378103546810806, 12.369741009877952, 12.358984795985004, 12.356552406519803, 12.46198856485238, 12.357815171518826, 12.370065011675004, 12.383883050778525, 12.356906380823444, 12.393376821970165, 12.361219003711966, 12.396114624287534, 12.412849150595394, 12.533815748666168, 12.396875684930187, 12.444892958149413, 12.366235188343378, 12.374577246939545, 12.388362585117502, 12.376247665389483, 12.358504766793315, 12.385993196231047, 12.42646644171171, 12.409012676122353, 12.438019820858413]}]}