{"tests": [{"osnr_load_27": [20.134125667784044, 20.159548120884917, 20.168006774503766, 20.21859656654223, 20.260543342911923, 20.277268502083494, 20.2939631611539, 20.302299074079787, 20.31062738707954, 20.335566809989633, 20.36043813372908, 20.37698129420932, 20.40997738084083, 20.41820765193776, 20.43464575124804, 20.46743240890807, 20.524523151969486, 20.540768276255488, 20.55698395716606, 20.597394771027858, 20.637622982317133, 20.66167267929185, 20.67766959882013, 20.6856572190984, 20.693637623724253, 20.773046564072093, 20.780948122472466]}, {"gosnr_load_27": [19.978291385853414, 20.39058804806463, 20.34669459766286, 20.015600521689333, 20.217474284457836, 20.14272090080656, 20.053019887841597, 20.551680455586148, 20.027998534532156, 20.056997794593222, 20.27852112446542, 20.162946229341753, 20.319120990966173, 19.990026805936495, 20.40595956956764, 20.43059176272775, 19.96921146607168, 20.561928933156377, 20.049621835976268, 20.426217968842842, 20.378334303923452, 20.16132790985437, 20.12150134910258, 20.4246668208242, 20.317972043423325, 20.160970471701212, 20.062149333652872]}]}