{"tests": [{"osnr_load_54": [20.42020804267714, 20.421341461438246, 20.423607409993572, 20.427004112729307, 20.429267102956544, 20.430398155053723, 20.431528912011906, 20.43265937398491, 20.433789541126433, 20.43604899152922, 20.43717827509729, 20.438307264447463, 20.43943595973285, 20.440564361106425, 20.44282028272948, 20.44507503053807, 20.44732860575174, 20.45070677261988, 20.451832243263052, 20.45295742166934, 20.455206902377377, 20.456331204981883, 20.457455215955022, 20.458578935447875, 20.45970236361142, 20.460825500596496, 20.461948346553843, 20.464193165987695, 20.4664368231165, 20.467558216192103, 20.46867931914192, 20.469800132115864, 20.470920655263747, 20.474280487247256, 20.475399852586552, 20.476518928847046, 20.477637716177842, 20.47875621472793, 20.483227324097, 20.485461149962596, 20.48769382486411, 20.48880973107344, 20.48992534998566, 20.491040681748487, 20.492155726509544, 20.49327048441633, 20.49661303848438, 20.497726650446833, 20.498839976290824, 20.499953016163172, 20.5032904214169, 20.504402318868642, 20.50551393108117, 20.506625258200604]}, {"gosnr_load_54": [20.052199686284695, 20.022219058065403, 20.15270724399574, 20.149411528410845, 20.07782409336024, 20.007982704785935, 20.04494503858571, 20.140519782395984, 20.137589321229594, 20.1404633692119, 20.15706164158669, 20.056881112714102, 19.99932231775016, 20.135902016264986, 20.097703886098977, 20.099475127263993, 20.02030483683906, 20.06969322818218, 20.07036438117001, 20.032036613753004, 20.02205790823982, 20.041967151858163, 20.160976787672126, 20.198609929526732, 20.047017857522743, 20.03794175559444, 20.05785235041461, 20.10792364364715, 20.0160095575248, 20.010789731770387, 20.097678582888673, 20.0501216633478, 20.021888599401837, 20.10265808956508, 20.109983746578088, 20.04452446334981, 20.00056924482189, 20.037441086071112, 20.043357473042075, 20.01255371534154, 20.06957595785586, 20.083506440421772, 19.99747012866301, 20.069061096276847, 20.094717208247165, 20.06274652576321, 20.052235103199564, 20.024976746571372, 20.151835504214457, 20.115507714261682, 20.13021429568586, 20.055460174653557, 20.125328209567556, 20.033311541090626]}]}