{"tests": [{"osnr_load_81": [20.416806006600787, 20.417940315413485, 20.419074327387214, 20.420208042677114, 20.421341461438228, 20.422474583825444, 20.42360740999355, 20.424739940097222, 20.425872174290998, 20.42700411272929, 20.4281357555664, 20.429267102956526, 20.430398155053705, 20.43152891201189, 20.43265937398489, 20.433789541126416, 20.434919413590027, 20.436048991529205, 20.437178275097267, 20.43830726444744, 20.439435959732833, 20.440564361106407, 20.441692468721037, 20.44282028272946, 20.443947803284296, 20.445075030538046, 20.4462019646431, 20.44732860575172, 20.44845495401606, 20.449581009588137, 20.45070677261986, 20.45183224326303, 20.45295742166932, 20.454082307990284, 20.455206902377356, 20.45633120498186, 20.457455215954997, 20.458578935447854, 20.459702363611395, 20.460825500596474, 20.461948346553825, 20.463070901634058, 20.464193165987673, 20.46531513976506, 20.46643682311648, 20.467558216192078, 20.468679319141895, 20.469800132115846, 20.47092065526373, 20.472040888735226, 20.47316083267991, 20.474280487247235, 20.475399852586527, 20.476518928847028, 20.477637716177824, 20.478756214727913, 20.47987442464617, 20.480992346081358, 20.482109979182116, 20.483227324096983, 20.48434438097437, 20.48546114996258, 20.48657763120979, 20.48769382486409, 20.488809731073424, 20.48992534998564, 20.49104068174847, 20.492155726509523, 20.49327048441631, 20.494384955616212, 20.49549914025651, 20.496613038484362, 20.497726650446815, 20.498839976290807, 20.499953016163154, 20.501065770210573, 20.502178238579653, 20.503290421416878, 20.504402318868628, 20.505513931081147, 20.506625258200586]}, {"gosnr_load_81": [19.915346126431995, 19.958854173079942, 19.89769787425528, 19.896740448865668, 19.900073485436984, 19.893530541391126, 19.899448926078957, 19.8946443002085, 19.96206944246622, 19.894700730010243, 20.003088208557113, 19.905053899965555, 19.939463189528347, 19.893436298920594, 19.893647959460594, 20.024370177073653, 19.936358478961324, 20.0430204957783, 19.95048428106598, 19.908832861771117, 19.89880399476775, 19.94278319397714, 19.893347297318186, 19.97809150473187, 19.90245088021918, 19.897772092567475, 19.919155555495944, 19.90606255905866, 19.893249939308735, 19.91720043960289, 20.129338069943806, 19.894173460385296, 19.969269229922425, 19.909619998459405, 19.903175517336788, 19.91922660303296, 19.91239292730089, 19.90152373429555, 20.05610476342577, 20.010446290065218, 19.95433527635874, 19.89329763589799, 19.990121846947538, 19.89702952700442, 19.928130146784223, 19.895736022432395, 19.941547267539043, 19.893234527078583, 19.89522358591506, 19.900383941818973, 19.928450445362092, 19.893804197167547, 19.9013842617224, 19.910334376084922, 19.904788336464684, 19.923395288280652, 19.915568805051464, 19.907189462318257, 19.896350762414826, 19.89393043151496, 19.999345102311366, 19.895185773199536, 19.907409893438995, 19.921218007524647, 19.894281867194085, 19.93070922667101, 19.89857847439528, 19.93344673026288, 19.950182600314786, 20.071228651185997, 19.93437084986149, 19.98223920213733, 19.90358505781137, 19.91191778113954, 19.925696016859312, 19.91358690604017, 19.89591924324932, 19.92347193340495, 19.96380403585846, 19.946345400676478, 19.97536249533904]}]}