{"tests_qot": [{"osnr_load_qot_27": [9.147892875925656, 9.336085862180521, 9.398324953647284, 9.76659340136639, 10.06672195331041, 10.185054406880163, 10.30240603087506, 10.36071440881452, 10.418778056604015, 10.591502529886386, 10.762031829064398, 10.874501732828241, 11.09653251092595, 11.151435967306814, 11.260520154350651, 11.475807975285608, 11.843388304297767, 11.946284480965947, 12.04824266606419, 12.299062564794987, 12.544117399249338, 12.688414698627135, 12.783483784932443, 12.830681597324531, 12.877655832903782, 13.335257921088017, 13.379820298302842]}, {"gosnr_load_qot_27": [9.3169053960904, 12.158917886747671, 11.75241425624771, 10.184446552328108, 11.057717623210364, 10.599544346826132, 10.05397544655069, 12.657800951901795, 10.141566023883172, 9.683914998210263, 11.278580212454546, 10.925703469186875, 11.649435132578734, 9.088690423616573, 11.988791103925616, 12.154991492781559, 9.256023577995903, 12.700138533613368, 10.253829212766725, 12.27390151518338, 12.146623513088475, 10.705459055244122, 10.443377180894963, 12.202061970469742, 11.58006762363388, 10.88066056802955, 9.954651012297232]}]}