{"tests_qot": [{"osnr_load_qot_54": [11.393496113701085, 11.394630626098142, 11.396898761924287, 11.400298745563608, 11.402563923058127, 11.403696068788417, 11.404827919379358, 11.405959474984758, 11.40709073575833, 11.409352373424152, 11.410482750623203, 11.411612833604005, 11.412742622519673, 11.413872117523178, 11.416130226405006, 11.418387161470964, 11.420642923940585, 11.424024371689994, 11.425150935959545, 11.426277207991863, 11.428528875950889, 11.429654272180358, 11.430779376778107, 11.431904189895212, 11.43302871168266, 11.434152942291288, 11.435276881871822, 11.437523888551, 11.439769732923713, 11.440892219620736, 11.442014416191622, 11.44313632278629, 11.444257939554527, 11.447621052396993, 11.448741511355234, 11.449861681234317, 11.450981562183348, 11.452101154351315, 11.456576638188377, 11.458812651285832, 11.46104751341779, 11.462164513241822, 11.463281225768373, 11.464397651145186, 11.465513789519877, 11.466629641039939, 11.469975475945697, 11.471090181520015, 11.47220460097551, 11.47331873445901, 11.47665942054407, 11.477772411605544, 11.47888511742745, 11.479997538155914]}, {"gosnr_load_qot_54": [11.02899830008937, 10.998964663338345, 11.129686262844206, 11.126384565081569, 11.054668304957737, 10.984703266941832, 11.021730791860364, 11.117476701991825, 11.114540936344445, 11.117420186659356, 11.13404857124376, 11.033688036854647, 10.97602768563197, 11.11285057878477, 11.074583659261478, 11.07635807679457, 10.997047070025129, 11.046522941969098, 11.047195290632821, 11.008799537024998, 10.998803229574264, 11.018747632371173, 11.137970836919322, 11.17567274260281, 11.023807283149472, 11.014715114339355, 11.034660999793173, 11.084821761779398, 10.992744229575242, 10.987515225250487, 11.074558310684308, 11.026916591179726, 10.998633622433365, 11.079546750366838, 11.086885567937259, 11.021309471717998, 10.977276798513225, 11.014213559489196, 11.020140414860906, 10.98928230938386, 11.04640546274174, 11.060360800131868, 10.974172250897263, 11.045889684074158, 11.071591628336368, 11.039563874692558, 11.029033779841676, 11.00172721239913, 11.12881294029274, 11.092419474157559, 11.107152576989797, 11.032264575436416, 11.102257669467981, 11.01007671619097]}]}