{"tests_qot": [{"osnr_load_qot_81": [11.390090796714802, 11.39122619916451, 11.392361304774884, 11.393496113701085, 11.394630626098142, 11.395764842120943, 11.396898761924287, 11.398032385662841, 11.399165713491143, 11.400298745563608, 11.401431482034546, 11.402563923058127, 11.403696068788417, 11.404827919379358, 11.405959474984758, 11.40709073575833, 11.408221701853643, 11.409352373424152, 11.410482750623203, 11.411612833604005, 11.412742622519673, 11.413872117523178, 11.415001318767374, 11.416130226405006, 11.417258840588708, 11.418387161470964, 11.419515189204164, 11.420642923940585, 11.421770365832366, 11.422897515031528, 11.424024371689994, 11.425150935959545, 11.426277207991863, 11.427403187938495, 11.428528875950889, 11.429654272180358, 11.430779376778107, 11.431904189895212, 11.43302871168266, 11.434152942291288, 11.435276881871822, 11.436400530574902, 11.437523888551, 11.43864695595052, 11.439769732923713, 11.440892219620736, 11.442014416191622, 11.44313632278629, 11.444257939554527, 11.445379266646036, 11.44650030421037, 11.447621052396993, 11.448741511355234, 11.449861681234317, 11.450981562183348, 11.452101154351315, 11.4532204578871, 11.45433947293946, 11.455458199657038, 11.456576638188377, 11.457694788681872, 11.458812651285832, 11.459930226148447, 11.46104751341779, 11.462164513241822, 11.463281225768373, 11.464397651145186, 11.465513789519877, 11.466629641039939, 11.46774520585277, 11.468860484105628, 11.469975475945697, 11.471090181520015, 11.47220460097551, 11.47331873445901, 11.47443258211723, 11.475546144096754, 11.47665942054407, 11.477772411605544, 11.47888511742745, 11.479997538155914]}, {"gosnr_load_qot_81": [10.891905725155686, 10.935488942257193, 10.874227195850658, 10.873268131435424, 10.876606875427308, 10.870052731529965, 10.875981246253097, 10.871168395624887, 10.93870979677426, 10.871224921972615, 10.979800179801842, 10.881595826492067, 10.916064362989722, 10.869958327863817, 10.870170350440326, 11.0011195735291, 10.91295428731929, 11.019802840968914, 10.927104530610489, 10.885381272064736, 10.875335210392041, 10.919390108833626, 10.869869174033159, 10.954759752229233, 10.878988343891338, 10.874301541233004, 10.895721705818698, 10.882606215642706, 10.869771649506259, 10.893763226724886, 11.10627476856667, 10.870696750288822, 10.94592210575926, 10.88616975999691, 10.879714223123765, 10.895792875600627, 10.88894745096162, 10.87805960903127, 11.032910308792243, 10.98717118002294, 10.930962202918593, 10.869819427673486, 10.966811106217841, 10.873557704411652, 10.90471175472124, 10.872261985903984, 10.918152044552734, 10.869756210915952, 10.87174867249358, 10.876917863651578, 10.905032605565053, 10.87032685539669, 10.877919897460352, 10.886885364176326, 10.881329807562173, 10.899968737026908, 10.89212878658781, 10.883735052248976, 10.872877777980282, 10.870453305678868, 10.976050510127902, 10.871710795076183, 10.883955861606264, 10.897787707332569, 10.870805342552249, 10.90729528267368, 10.875109303817998, 10.910037510455803, 10.926802327043163, 11.048061100640245, 10.910963225508299, 10.958914687272392, 10.880124465691594, 10.888471488585951, 10.902273429148226, 10.89014348113314, 10.872445520277722, 10.900045514156485, 10.940447404987877, 10.922958480668001, 10.952025984552405]}]}