{"tests": [{"osnr_load_27": [5.752898105769088, 6.076747303001769, 6.183462842732097, 6.81070263474407, 7.316193789232777, 7.513987158054624, 7.709259408943648, 7.805949616269774, 7.902009125346009, 8.186404399667424, 8.4651305721732, 8.647804909955287, 9.005637130614204, 9.093534939868036, 9.267466473714569, 9.607912718233685, 10.180182261378057, 10.338269862743507, 10.493983064082084, 10.87301315752705, 11.23767605109805, 11.449734480527772, 11.588352331544646, 11.656844966021238, 11.724797968791197, 12.37542945217098, 12.437683124574349]}, {"gosnr_load_27": [6.129474427743848, 10.477788277586146, 10.093546738412245, 7.666888217742038, 9.05684451472534, 8.318195685575223, 7.411934563283484, 10.830908316421455, 7.58305901596085, 6.749491635655569, 9.385661657294188, 8.869839595240762, 9.95091389510081, 5.713964865105704, 10.407667906139617, 10.59607807004971, 6.024395876136548, 10.876636921996361, 7.768712324045426, 10.621268772336254, 10.428348493983492, 8.49014196342864, 8.05815434981312, 10.607013183284039, 9.845824272860796, 8.79412432935988, 7.2299167658648695]}]}