{"tests": [{"osnr_load_54": [9.50221832960192, 9.503352897217768, 9.505621143481495, 9.509021292777149, 9.511286580709207, 9.51241878165827, 9.513550687467971, 9.514682298292138, 9.515813614284458, 9.518075362387785, 9.519205794805583, 9.520335933005132, 9.521465777139536, 9.522595327361781, 9.524853546681072, 9.527110592184485, 9.529366465091536, 9.532748078497086, 9.533874697985338, 9.535001025236358, 9.537252803632777, 9.538378255080932, 9.539503414897366, 9.54062828323316, 9.541752860239296, 9.542877146066594, 9.544001140865806, 9.546248257982322, 9.54849421279237, 9.549616754708044, 9.550739006497583, 9.551860968310903, 9.552982640297786, 9.556345918796183, 9.557466432973062, 9.558586658070773, 9.55970659423843, 9.560826241625021, 9.565301946336554, 9.56753806987123, 9.569773042440385, 9.570890097483012, 9.572006865228163, 9.573123345823563, 9.57423953941684, 9.575355446155482, 9.578701446716977, 9.57981620750986, 9.580930682183924, 9.582044870885989, 9.585385722626718, 9.58649876890674, 9.587611529947194, 9.588724005894196]}, {"gosnr_load_54": [9.13894066588547, 9.108982320330664, 9.239283892024305, 9.236193502659468, 9.16456968183974, 9.094724236886833, 9.13161072680163, 9.227293034493403, 9.224375127491957, 9.227200981272262, 9.24378431512209, 9.143646620295204, 9.086071437172832, 9.222483112347764, 9.184495473825177, 9.186219430207878, 9.106998527184418, 9.156385910900113, 9.157157562627585, 9.118797078941105, 9.108734144168917, 9.128640083094595, 9.247746844169889, 9.285367180853182, 9.133783464263152, 9.124663581117957, 9.144649746871178, 9.19458030387028, 9.10270025184486, 9.097540499714142, 9.184335665467788, 9.136831072715832, 9.10856218783527, 9.18944964766631, 9.196757644833909, 9.13129416907332, 9.087323060232466, 9.124155011257374, 9.13009256800336, 9.09924913396963, 9.156216156083728, 9.17022418356754, 9.084222988713243, 9.15580344826952, 9.181486011014679, 9.149535821625353, 9.138913093564936, 9.111735762056224, 9.238404150713167, 9.202165513280603, 9.216812938499285, 9.142256197633525, 9.212101734609172, 9.119975735697789]}]}