{"tests": [{"osnr_load_81": [9.498812846959181, 9.499948304627688, 9.501083465456865, 9.502218329601863, 9.503352897217708, 9.504487168459304, 9.505621143481436, 9.50675482243877, 9.50788820548585, 9.509021292777092, 9.5101540844668, 9.511286580709152, 9.51241878165821, 9.513550687467914, 9.514682298292081, 9.5158136142844, 9.516944635598467, 9.518075362387728, 9.519205794805522, 9.520335933005073, 9.521465777139479, 9.522595327361724, 9.523724583824652, 9.524853546681014, 9.525982216083449, 9.527110592184426, 9.528238675136338, 9.52936646509148, 9.530493962201977, 9.53162116661985, 9.532748078497029, 9.533874697985281, 9.5350010252363, 9.536127060401629, 9.537252803632718, 9.538378255080872, 9.53950341489731, 9.540628283233104, 9.541752860239237, 9.542877146066536, 9.544001140865747, 9.5451248447875, 9.546248257982263, 9.547371380600449, 9.54849421279231, 9.54961675470799, 9.550739006497526, 9.551860968310844, 9.552982640297726, 9.55410402260789, 9.555225115390858, 9.556345918796126, 9.557466432973001, 9.558586658070714, 9.55970659423837, 9.560826241624966, 9.561945600379374, 9.563064670650355, 9.564183452586555, 9.565301946336499, 9.566420152048606, 9.567538069871171, 9.568655699952387, 9.569773042440328, 9.570890097482954, 9.572006865228104, 9.573123345823504, 9.574239539416782, 9.575355446155426, 9.576471066186839, 9.577586399658273, 9.578701446716915, 9.579816207509802, 9.580930682183865, 9.582044870885932, 9.583158773762708, 9.584272390960788, 9.585385722626663, 9.586498768906685, 9.587611529947136, 9.58872400589414]}, {"gosnr_load_81": [9.002189522759606, 9.045713492344124, 8.98445852139162, 8.983504291936793, 8.98682747375737, 8.980312096136144, 8.986269448347638, 8.981417282331307, 9.048750357648759, 8.98150542177698, 9.089739769468892, 8.991797077650688, 9.026319806474607, 8.980231131045475, 8.980445315644937, 9.111215311795862, 9.023214143326191, 9.129858188367344, 9.037174607759148, 8.995669292385799, 8.985561359849386, 9.02964064885177, 8.980131601570557, 9.064760395581171, 8.989277650856598, 8.98458827019573, 9.006002137524385, 8.992895244030144, 8.980036943854916, 9.004045455801055, 9.216133890157677, 8.980949357359732, 9.056128211052899, 8.996355244713317, 8.989922425359183, 9.005948345880146, 8.999123922633757, 8.98827424097865, 9.142722304280522, 9.097296294756655, 9.041194396783373, 8.98008990246669, 9.076977517845519, 8.983843479119457, 9.014982375066126, 8.982545416682811, 9.028245450302062, 8.980024185048322, 8.98199359066146, 8.987206582999201, 9.015161540659008, 8.980582950509907, 8.988208985841464, 8.997172616505031, 8.991619088354726, 9.010244825653622, 9.002295314656411, 8.993928760112741, 8.983162453478263, 8.980730271595545, 9.086198447263994, 8.981992834517117, 8.994244471743203, 9.008066097922514, 8.981084152147897, 9.0175626875324, 8.985396842088617, 9.020301339283392, 9.037041326518247, 9.158053670430512, 9.021075856526302, 9.069096476883523, 8.990413837954142, 8.998757787145173, 9.012546935277008, 9.000428631437204, 8.982686203439439, 9.010188566607999, 9.050663323817405, 9.0332035644758, 9.062220833363313]}]}