{"tests_qot": [{"osnr_load_qot_27": [5.5185948205214075, 5.854093408715924, 5.964616365751078, 6.613891316594936, 7.136666899177597, 7.341095685710586, 7.542843266598144, 7.642710965917395, 7.741907801077316, 8.035473892274176, 8.323009306251398, 8.511356070625967, 8.880054780953946, 8.970570150532078, 9.149618833248468, 9.499831984624763, 10.087727215400015, 10.249945747971324, 10.409645630030566, 10.798027382554448, 11.171196377374388, 11.387970986667256, 11.529577714858021, 11.599519365701594, 11.668891622394247, 12.332166091264948, 12.39553794453469]}, {"gosnr_load_qot_27": [5.911886120234591, 10.362832341267772, 9.997407382070007, 7.505357587290855, 8.9370995859892, 8.176263640996803, 7.240306715470894, 10.677854621731926, 7.418213072578168, 6.5535879274887945, 9.274090360554021, 8.745791851998124, 9.852372508866015, 5.480567263656873, 10.314997621848152, 10.500434669415831, 5.803019996272994, 10.722771716259746, 7.6099628979071685, 10.50695340429562, 10.308196559668035, 8.353529055878235, 7.907783698206266, 10.503882571004166, 9.745194288488902, 8.66768655026116, 7.0514919886595075]}]}