{"tests_qot": [{"osnr_load_qot_54": [9.3923499972379, 9.393484567381487, 9.39575281870069, 9.399152975579556, 9.401418268567088, 9.402550472043888, 9.403682380381326, 9.404813993733232, 9.405945312253287, 9.408207065412087, 9.40933750035762, 9.410467641084907, 9.411597487747047, 9.412727040497032, 9.41498526487179, 9.417242315430673, 9.419498193393197, 9.422879814381952, 9.424006436397939, 9.425132766176693, 9.427384549628579, 9.42851000360447, 9.429635165948643, 9.430760036812167, 9.431884616346037, 9.433008904701069, 9.434132902028013, 9.4363800242, 9.43862598406551, 9.439748528508925, 9.440870782826195, 9.441992747167246, 9.443114421681862, 9.446477707763458, 9.447598224468065, 9.448718452093509, 9.449838390788903, 9.450958040703226, 9.455433755525686, 9.457669884115825, 9.459904861740442, 9.461021919310799, 9.46213868958368, 9.46325517270681, 9.46437136882782, 9.465487278094193, 9.468833286238876, 9.469948049559493, 9.471062526761285, 9.47217671799108, 9.475517577315, 9.47663062612275, 9.477743389690929, 9.478855868165663]}, {"gosnr_load_qot_54": [9.028545983614956, 8.998547551806386, 9.129070990908914, 9.125872129770913, 9.054197294900103, 8.984287063713952, 9.021247680467443, 9.116967416648697, 9.114040206668351, 9.11689357516003, 9.133500848865223, 9.033243860146774, 8.975622158482, 9.112251462363922, 9.074118740453368, 9.075868650119117, 8.996597594380528, 9.046032800744781, 9.046753588654116, 9.008373109088936, 8.99834382757834, 9.018270473074276, 9.137442942281423, 9.175107026298575, 9.023371190693151, 9.01426505922675, 9.034231574990038, 9.084282646840107, 8.9922967658592, 8.987101259376406, 9.074027847315756, 9.026450578487449, 8.998173066904476, 9.079077735580125, 9.086401900950877, 9.02087740585696, 8.976872556606942, 9.013760059928593, 9.019692427049556, 8.988839939761007, 9.045889833537899, 9.059871556340164, 8.973770037592226, 9.045424271420877, 9.07111806126508, 9.039126506143635, 9.028550730260283, 9.00130579866933, 9.128194494739926, 9.091874649399967, 9.10656673571987, 9.031836432229698, 9.101761127820136, 9.009602327034145]}]}