{"tests_qot": [{"osnr_load_qot_81": [9.388944507012006, 9.390079967208251, 9.391215130565167, 9.3923499972379, 9.393484567381487, 9.394618841150818, 9.39575281870069, 9.396886500185762, 9.39801988576058, 9.399152975579556, 9.400285769797, 9.401418268567088, 9.402550472043888, 9.403682380381326, 9.404813993733232, 9.405945312253287, 9.407076336095093, 9.408207065412087, 9.40933750035762, 9.410467641084907, 9.411597487747047, 9.412727040497032, 9.41385629948769, 9.41498526487179, 9.416113936801962, 9.417242315430673, 9.418370400910321, 9.419498193393197, 9.420625693031427, 9.421752899977042, 9.422879814381952, 9.424006436397939, 9.425132766176693, 9.426258803869763, 9.427384549628579, 9.42851000360447, 9.429635165948643, 9.430760036812167, 9.431884616346037, 9.433008904701069, 9.434132902028013, 9.435256608477502, 9.4363800242, 9.437503149345916, 9.43862598406551, 9.439748528508925, 9.440870782826195, 9.441992747167246, 9.443114421681862, 9.444235806519753, 9.445356901830454, 9.446477707763458, 9.447598224468065, 9.448718452093509, 9.449838390788903, 9.450958040703226, 9.452077401985367, 9.45319647478408, 9.454315259248009, 9.455433755525686, 9.456551963765524, 9.457669884115825, 9.458787516724767, 9.459904861740442, 9.461021919310799, 9.46213868958368, 9.46325517270681, 9.46437136882782, 9.465487278094193, 9.466602900653335, 9.4677182366525, 9.468833286238876, 9.469948049559493, 9.471062526761285, 9.47217671799108, 9.473290623395584, 9.474404243121395, 9.475517577315, 9.47663062612275, 9.477743389690929, 9.478855868165663]}, {"gosnr_load_qot_81": [8.891613092615161, 8.935169551474933, 8.873908132528367, 8.872951378588606, 8.876282698089835, 8.869747134145294, 8.875689990951415, 8.87085774473497, 8.938300880042608, 8.870929683013928, 8.97934406552714, 8.881262459529587, 8.915759082776956, 8.869659276309726, 8.869872362936807, 9.000740629196063, 8.912651006536464, 9.019405138047684, 8.926709434158456, 8.885090382130205, 8.875013677512701, 8.919082600504465, 8.869565060774168, 8.954332164858537, 8.878697772255743, 8.874009486865974, 8.89542761748626, 8.882315682947734, 8.869468928922249, 8.893469919594937, 9.10578577052149, 8.870387890096593, 8.945594235223908, 8.885828928970367, 8.879384153487104, 8.89543788027842, 8.888602361010726, 8.877732593581252, 9.032394638324657, 8.986805863525882, 8.930646316693977, 8.869519234499942, 8.966464914104934, 8.8732651490449, 8.904413320157147, 8.87196822557192, 8.9177678828968, 8.869454795797843, 8.871436115175024, 8.876626905663791, 8.904665124229119, 8.870019677564825, 8.877629167706782, 8.886594172629902, 8.881039336235292, 8.899672737665439, 8.891779003748793, 8.883398111779158, 8.872584654045497, 8.870156307015897, 8.975695768476392, 8.871416329998006, 8.883665190262962, 8.897492724244522, 8.870509259516439, 8.906995406281197, 8.874817682888569, 8.90973602428414, 8.92648955495835, 9.047634210730763, 8.910588085138158, 8.958575602321265, 8.879833980737988, 8.888179908868224, 8.901976282826743, 8.889851422629864, 8.872130932267318, 8.899684672106773, 8.940124049681186, 8.92264848675151, 8.951692926663622]}]}