{"tests": [{"osnr_load_27": [10.633819866946652, 10.779409194903302, 10.827623793450869, 11.113607063329447, 11.347609237913634, 11.440114402456853, 11.531994936252213, 11.577701305585846, 11.623251933318235, 11.758970873983007, 11.893293759696025, 11.982069034411962, 12.157770247253248, 12.201311410570455, 12.287934205802094, 12.459347755382632, 12.753482443460932, 12.8361656419913, 12.918250360970019, 13.120858501505605, 13.319776471117246, 13.437371959185436, 13.515042930162867, 13.553661601502014, 13.592136179003045, 13.969033387302911, 14.005946136052579]}, {"gosnr_load_27": [10.730747647243483, 13.005977299515386, 12.650820926258131, 11.383092259751532, 12.085545679613038, 11.722357334935564, 11.2941341790017, 13.463925851691174, 11.353879046444504, 11.019191623370608, 12.268071445578864, 11.972620250534295, 12.564389196632948, 10.562951673429303, 12.850341105626535, 12.992353809430812, 10.683682425950916, 13.500791022222538, 11.442515414220608, 13.104759987321595, 12.998708475678008, 11.806292084675757, 11.600436080158827, 13.036188424295885, 12.509737459978025, 11.938089695516286, 11.222024028593289]}]}