{"tests": [{"osnr_load_54": [12.38538843559413, 12.386522907860943, 12.388790963426619, 12.392190826675247, 12.394455923909323, 12.395588029509398, 12.396719839970123, 12.397851355445319, 12.398982576088684, 12.401244133494098, 12.402374470562957, 12.403504513413566, 12.404634262199043, 12.405763717072356, 12.408021745693825, 12.41027860049943, 12.412534282708716, 12.41591561006764, 12.417042134207037, 12.418168366109201, 12.420419953807937, 12.421545309907264, 12.42267037437487, 12.42379514736185, 12.424919629019161, 12.42604381949766, 12.427167718948072, 12.429414645367014, 12.431660409479496, 12.432782856046408, 12.43390501248719, 12.435026878951756, 12.4361484555899, 12.439511448042083, 12.44063186687024, 12.441751996619239, 12.442871837438192, 12.443991389476082, 12.448466712792868, 12.450702645630212, 12.452937427502073, 12.454054387196054, 12.455171059592562, 12.456287444839337, 12.45740354308399, 12.458519354474014, 12.461865068989692, 12.46297973443399, 12.464094113759472, 12.465208207112955, 12.468548772807988, 12.469661723739467, 12.470774389431371, 12.47188677002984]}, {"gosnr_load_54": [12.022787321012004, 11.992907099266489, 12.12278128256283, 12.11989085726726, 12.048371548460908, 11.978655517918284, 12.01540027030276, 12.110999533759987, 12.108099175095067, 12.110873998597889, 12.127410808456426, 12.027507440990204, 11.97002624347659, 12.10601750783246, 12.068302380523665, 12.069978344788513, 11.990861359385018, 12.040153531197626, 12.041018623793981, 12.00270055989998, 11.99257719609019, 12.0124421351983, 12.13141032574718, 12.16894450533599, 12.017663233931213, 12.00851939476646, 12.028538767573151, 12.07824026758744, 11.986568407408196, 11.981475172972871, 12.06801584192978, 12.020651941488907, 11.992403065648606, 12.073246949857763, 12.080524120671193, 12.015182562376364, 11.971279937825576, 12.008004331955926, 12.013950563402682, 11.983128292096739, 12.039934531721341, 12.053988869152771, 11.968184818619886, 12.039619099152464, 12.065277208983813, 12.03340783229671, 12.022700307805918, 11.99565130021221, 12.12189570544245, 12.085811852130504, 12.100374948162848, 12.026148501776577, 12.09583807835427, 12.003786044577511]}]}