{"tests": [{"osnr_load_81": [12.381983238998544, 12.383118601318001, 12.38425366679813, 12.385388435594084, 12.386522907860897, 12.387657083753464, 12.388790963426572, 12.389924547034894, 12.391057834732962, 12.3921908266752, 12.393323523015917, 12.394455923909277, 12.395588029509351, 12.396719839970078, 12.397851355445273, 12.398982576088638, 12.400113502053742, 12.401244133494053, 12.402374470562911, 12.40350451341352, 12.404634262198996, 12.40576371707231, 12.406892878186325, 12.408021745693778, 12.4091503197473, 12.410278600499385, 12.411406588102416, 12.41253428270867, 12.413661684470284, 12.414788793539284, 12.415915610067593, 12.41704213420699, 12.418168366109157, 12.419294305925643, 12.420419953807894, 12.421545309907218, 12.422670374374828, 12.423795147361805, 12.424919629019115, 12.426043819497616, 12.427167718948027, 12.428291327520979, 12.429414645366968, 12.430537672636369, 12.431660409479445, 12.432782856046366, 12.433905012487145, 12.43502687895171, 12.436148455589851, 12.437269742551265, 12.438390739985506, 12.439511448042035, 12.440631866870193, 12.441751996619193, 12.442871837438144, 12.443991389476036, 12.445110652881752, 12.446229627804044, 12.44734831439155, 12.448466712792822, 12.44958482315626, 12.450702645630162, 12.451820180362729, 12.452937427502025, 12.454054387196006, 12.455171059592518, 12.45628744483929, 12.45740354308394, 12.458519354473967, 12.45963487915677, 12.460750117279604, 12.461865068989646, 12.462979734433945, 12.464094113759423, 12.465208207112909, 12.466322014641115, 12.467435536490628, 12.468548772807942, 12.46966172373942, 12.470774389431325, 12.471886770029794]}, {"gosnr_load_81": [11.886390292762002, 11.929848262949394, 11.868613908842311, 11.867664458694168, 11.870972199228419, 11.864494879747639, 11.87047805185806, 11.865589930759873, 11.932710928776796, 11.865707860685163, 11.973595498460154, 11.875922411948887, 11.910488235134322, 11.864426605746184, 11.864642779764655, 11.995213183024177, 11.907387455886786, 12.013813538539743, 11.921165715605387, 11.879875553244975, 11.869711612002696, 11.913803680005547, 11.864317315075414, 11.948679574877739, 11.873486601914658, 11.86879587238036, 11.89019885017457, 11.877103096751167, 11.86422538253942, 11.888244316793203, 12.099883448785203, 11.86512562186846, 11.940243149820997, 11.880464658311565, 11.874054747266072, 11.89002723640375, 11.88322419684847, 11.872413006422624, 12.026445139961702, 11.981325165497907, 11.925337431769504, 11.864283214057156, 11.961050127082292, 11.868050353213437, 11.899167752029973, 11.866750379757505, 11.912260637231933, 11.864215153680641, 11.866162363998106, 11.871415458023591, 11.899213272537816, 11.864762588623929, 11.872417977495942, 11.881377805465341, 11.87582747395581, 11.894436458930329, 11.886385478390773, 11.878046488792116, 11.867368448057988, 11.864929556709992, 11.970251461446761, 11.866196612948958, 11.878451618214408, 11.892260407300736, 11.865285094288698, 11.901744432831684, 11.86960502093646, 11.904479075756884, 11.921191748999647, 12.041943083062643, 11.90511084022235, 11.953185441814643, 11.874622588211189, 11.882961709960194, 11.89673559901875, 11.884631084741912, 11.866850823587178, 11.894254764613601, 11.93478879694742, 11.91736061985887, 11.946323728186176]}]}