{"tests": [{"osnr_load_27": [14.495882631590128, 14.567646481923857, 14.591476781814496, 14.733506740524492, 14.850624160190506, 14.89715683151947, 14.943510533961684, 14.966620404363393, 14.989685692016035, 15.05861459592019, 15.12714419927674, 15.172609497086091, 15.263011434535414, 15.285502107770396, 15.330352075420011, 15.41952808965641, 15.573914819325596, 15.617636898781925, 15.661187216775508, 15.769314699839914, 15.876379219842107, 15.940110892627148, 15.982388439266039, 16.003464329024716, 16.02449837991127, 16.232551652992342, 16.253129658175514]}, {"gosnr_load_27": [14.451612021683324, 15.62858557333721, 15.435082864987775, 14.72698156062409, 15.124300227462946, 14.934560916159676, 14.713491791046634, 15.93261039712857, 14.722618599251895, 14.607671313697173, 15.234553677365232, 15.046642132648529, 15.382599204639613, 14.391764930925293, 15.55498918905355, 15.6337084894067, 14.428179233129686, 15.955066319607925, 14.769975063095746, 15.6915440494397, 15.62160098156254, 14.978924938675725, 14.8738209958337, 15.654125870090512, 15.358463462314184, 15.031526487957985, 14.690289295500927]}]}