{"tests": [{"osnr_load_54": [15.361369825652407, 15.362504104476841, 15.364771773157848, 15.368171056079664, 15.370435766429331, 15.371567678587239, 15.372699295605825, 15.373830617638909, 15.374961644840184, 15.377222815361504, 15.378352958988351, 15.37948280839698, 15.3806123637405, 15.38174162517188, 15.38399926690957, 15.386255734831494, 15.388511030157208, 15.391891777190967, 15.393018107888693, 15.394144146349218, 15.396395347164745, 15.397520509822506, 15.398645380848578, 15.399769960394043, 15.40089424860987, 15.402018245646907, 15.403141951655886, 15.405388491192033, 15.407633868421831, 15.408756121547444, 15.409878084546946, 15.41099975757026, 15.412121140767177, 15.415483552895841, 15.416603778282877, 15.417723714590782, 15.418843361968666, 15.419962720565517, 15.424437270118394, 15.426672816073939, 15.428907211064107, 15.430023977317278, 15.43114045627301, 15.43225664807903, 15.433372552882949, 15.434488170832276, 15.437833305026, 15.4389477770297, 15.440061962914609, 15.441175862827546, 15.4445158482011, 15.44562860569214, 15.446741077943628, 15.447853265101708]}, {"gosnr_load_54": [15.00114708549095, 14.971500694787741, 15.100090820518759, 15.097810329086535, 15.026598622994282, 14.957266732616832, 14.99358449589882, 15.088945486550267, 15.086098233125288, 15.088717716880517, 15.105115176321116, 15.005911203729362, 14.948707943504235, 15.08343728976592, 15.04654802094214, 15.048077729409528, 14.969265486403536, 15.018274742902927, 15.019425263202159, 14.981230663242082, 14.970921198018377, 14.99066408406489, 15.10922825546702, 15.14650554153449, 14.996123297191232, 14.986904869912738, 15.007028797699347, 15.056038890171727, 14.96498811465073, 14.960097187405793, 15.045874533490714, 14.998932637000244, 14.97074040216162, 15.051464057076911, 15.058648277931406, 14.993668564953975, 14.949968158576901, 14.98636990119057, 14.992343556700963, 14.961581054443007, 15.017905366629162, 15.032103321273055, 14.946887678026266, 15.01788686816935, 15.043474405427395, 15.01184669631661, 15.000878575409235, 14.974217110545975, 15.09918728771302, 15.06357009566026, 15.077878111135822, 15.004648179073886, 15.073872701078132, 14.982031838233013]}]}