{"tests": [{"osnr_load_81": [15.357965209384112, 15.359100378261116, 15.36023525029882, 15.361369825652375, 15.362504104476809, 15.363638086927029, 15.364771773157816, 15.365905163323838, 15.367038257579637, 15.368171056079632, 15.369303558978128, 15.3704357664293, 15.371567678587208, 15.372699295605795, 15.373830617638875, 15.374961644840152, 15.376092377363195, 15.377222815361474, 15.37835295898832, 15.379482808396949, 15.380612363740466, 15.38174162517185, 15.382870592843963, 15.383999266909537, 15.385127647521204, 15.386255734831462, 15.387383528992697, 15.388511030157177, 15.389638238477044, 15.390765154104324, 15.391891777190933, 15.393018107888663, 15.394144146349188, 15.395269892724055, 15.396395347164711, 15.397520509822476, 15.398645380848546, 15.39976996039401, 15.400894248609836, 15.402018245646875, 15.403141951655854, 15.404265366787397, 15.405388491192, 15.406511325020048, 15.4076338684218, 15.408756121547412, 15.409878084546914, 15.410999757570226, 15.412121140767145, 15.413242234287354, 15.414363038280426, 15.415483552895811, 15.416603778282843, 15.41772371459075, 15.41884336196863, 15.419962720565486, 15.421081790530183, 15.422200572011482, 15.423319065158033, 15.424437270118363, 15.425555187040887, 15.426672816073905, 15.42779015736561, 15.428907211064073, 15.430023977317246, 15.431140456272981, 15.432256648078999, 15.433372552882918, 15.434488170832243, 15.435603502074365, 15.436718546756554, 15.43783330502597, 15.438947777029668, 15.440061962914575, 15.441175862827512, 15.442289476915201, 15.443402805324224, 15.444515848201068, 15.445628605692107, 15.446741077943592, 15.447853265101676]}, {"gosnr_load_81": [14.86581019787842, 14.909073290731767, 14.847892487905781, 14.846957489423161, 14.850218575635889, 14.843856502435631, 14.849919447722964, 14.844920765806275, 14.911404426526095, 14.845129700073214, 14.951975232154414, 14.855110323100646, 14.88981306751942, 14.843826979315104, 14.844049262457325, 14.974030333893522, 14.88672672671668, 14.99250377566202, 14.899950674496825, 14.859311230913235, 14.848974674902195, 14.893112538841528, 14.843687859160005, 14.92724916048312, 14.852929518955607, 14.848233953049295, 14.86960694723956, 14.8565432121549, 14.843604235866977, 14.86765867559595, 15.077959066989719, 14.8444674302131, 14.919409221782011, 14.859604642433792, 14.85326371333307, 14.869075470143434, 14.862336692075843, 14.851641400549937, 15.004427452677154, 14.96023480115597, 14.904587001555472, 14.843676959123528, 14.940090163658606, 14.847486096287021, 14.878542604901794, 14.846180087667353, 14.891117751669023, 14.843601732452674, 14.845481451225847, 14.850857826356112, 14.878179978194463, 14.844114645195335, 14.85186085521942, 14.86081043925685, 14.855269021816875, 14.87382969290688, 14.865467581135759, 14.85721149710529, 14.846801400779139, 14.844341644900467, 14.949233093754547, 14.845622618153422, 14.857889782855969, 14.871661480588132, 14.844702297678973, 14.881108590138668, 14.849044986438308, 14.88383141016447, 14.900463240016856, 15.020436435913211, 14.884027307506642, 14.932274201968848, 14.854065065599894, 14.862390719185717, 14.87612011657542, 14.86405586146249, 14.846157331407614, 14.873264885736914, 14.913986195128698, 14.896651776803413, 14.925453962377041]}]}