{"tests_qot": [{"osnr_load_qot_27": [14.244051739906547, 14.319279386565363, 14.34425645609591, 14.493085057900002, 14.615761053807061, 14.664490042938628, 14.713024617743091, 14.7372191425533, 14.761365235691494, 14.833513505464742, 14.90522799140675, 14.952797447386999, 15.047362038040522, 15.070883889678214, 15.117784867024325, 15.211017655457322, 15.372359462740548, 15.418035194458215, 15.463524353576794, 15.576434449834636, 15.688190060739336, 15.754692781583763, 15.798799631031734, 15.820784773022554, 15.84272448550593, 16.059638376891627, 16.081082995866723]}, {"gosnr_load_qot_27": [14.206793597894052, 15.437619443637047, 15.235019243160057, 14.499645775475242, 14.9115126593915, 14.713444674032505, 14.482632485540245, 15.751073381850071, 14.494123378556358, 14.368892009330342, 15.02537156386024, 14.832061317744486, 15.180767148894175, 14.141830957833161, 15.359133068736215, 15.441307945506061, 14.182269982943081, 15.774348504393005, 14.543413281897905, 15.502540761025887, 15.430747421496758, 14.759696664584364, 14.649815726731903, 15.46314866983123, 15.155114345012901, 14.816020098003193, 14.45713580127721]}]}