{"tests_qot": [{"osnr_load_qot_54": [15.152076211081635, 15.153210508254114, 15.155478213631204, 15.158877551597117, 15.161142298642833, 15.162274229148762, 15.163405864515365, 15.164537204896458, 15.165668250445744, 15.167929457663076, 15.169059619637924, 15.17018948739455, 15.171319061086061, 15.172448340865435, 15.174706019299094, 15.176962523916977, 15.179217855938639, 15.182598658016289, 15.183725007061975, 15.184851063870454, 15.18710230138188, 15.188227482387589, 15.189352371761602, 15.190476969655007, 15.191601276218769, 15.19272529160374, 15.193849015960648, 15.196095592192647, 15.19834100611828, 15.199463277591807, 15.200585258939219, 15.201706950310436, 15.20282835185526, 15.206190819027618, 15.207311062762543, 15.208431017418336, 15.209550683144105, 15.210670060088837, 15.215144683033206, 15.21738026568448, 15.21961469737036, 15.220731481971386, 15.221847979274967, 15.222964189428831, 15.224080112580594, 15.22519574887776, 15.228540938114985, 15.229655428466511, 15.23076963269924, 15.23188355096, 15.235223591376993, 15.23633636721584, 15.23744885781513, 15.238561063321015]}, {"gosnr_load_qot_54": [14.790717752995409, 14.760981061091929, 14.890070131727724, 14.88754701322306, 14.816219697858878, 14.74674142578891, 14.783225780872879, 14.878672488357147, 14.875804366081626, 14.878485447713006, 14.894936796404846, 14.795463897553633, 14.738155373830967, 14.873374326431417, 14.836159789110004, 14.837747587698525, 14.758821511448929, 14.80793876705819, 14.808975522146719, 14.77073539214331, 14.76050100840565, 14.780290625347991, 14.899004258178952, 14.93638017652584, 14.78565450338631, 14.776466652498767, 14.79654703310539, 14.845827737917123, 14.754538339478039, 14.74956731326972, 14.83564044208497, 14.788535000134358, 14.760322883785435, 14.841086713911753, 14.84830725408099, 14.783189675242772, 14.739412873747773, 14.775939661034128, 14.781901829393924, 14.751118438027287, 14.80762930323609, 14.821768713751752, 14.736326853419605, 14.807492571860523, 14.833105758969737, 14.801384846937133, 14.790521539308173, 14.763708284402725, 14.889173835740198, 14.853374294520767, 14.867782488622407, 14.794162799699023, 14.863565857640566, 14.771649703370313]}]}