{"tests_qot": [{"osnr_load_qot_81": [15.148671539769216, 15.149806726994274, 15.15094161738003, 15.152076211081635, 15.153210508254114, 15.154344509052375, 15.155478213631204, 15.156611622145261, 15.157744734749093, 15.158877551597117, 15.160010072843637, 15.161142298642833, 15.162274229148762, 15.163405864515365, 15.164537204896458, 15.165668250445744, 15.166799001316795, 15.167929457663076, 15.169059619637924, 15.17018948739455, 15.171319061086061, 15.172448340865435, 15.173577326885532, 15.174706019299094, 15.17583441825874, 15.176962523916977, 15.17809033642619, 15.179217855938639, 15.180345082606472, 15.181472016581719, 15.182598658016289, 15.183725007061975, 15.184851063870454, 15.185976828593278, 15.18710230138188, 15.188227482387589, 15.189352371761602, 15.190476969655007, 15.191601276218769, 15.19272529160374, 15.193849015960648, 15.194972449440119, 15.196095592192647, 15.197218444368612, 15.19834100611828, 15.199463277591807, 15.200585258939219, 15.201706950310436, 15.20282835185526, 15.203949463723372, 15.20507028606434, 15.206190819027618, 15.207311062762543, 15.208431017418336, 15.209550683144105, 15.210670060088837, 15.211789148401412, 15.212907948230587, 15.214026459725007, 15.215144683033206, 15.216262618303595, 15.21738026568448, 15.218497625324044, 15.21961469737036, 15.220731481971386, 15.221847979274967, 15.222964189428831, 15.224080112580594, 15.22519574887776, 15.226311098467718, 15.227426161497737, 15.228540938114985, 15.229655428466511, 15.23076963269924, 15.23188355096, 15.232997183395502, 15.23411053015234, 15.235223591376993, 15.23633636721584, 15.23744885781513, 15.238561063321015]}, {"gosnr_load_qot_81": [14.654971366786725, 14.698308059876947, 14.637111589662817, 14.63617092166545, 14.639450288370334, 14.633042902387237, 14.63907352068138, 14.634119329387662, 14.700850650821886, 14.634292001473106, 14.741542600662392, 14.644364869631277, 14.679009879717901, 14.632997949203956, 14.633217778945005, 14.763421437372008, 14.675918074893575, 14.781943668140318, 14.689361543317132, 14.64846671722131, 14.638199856557057, 14.682315406423083, 14.632870721594314, 14.716743248746349, 14.642082709390765, 14.63738950117043, 14.65877246846671, 14.64569718592603, 14.632783796771417, 14.656821882845446, 14.867635504321154, 14.633661665248175, 14.7086665058065, 14.648877861897944, 14.642510044692045, 14.658384355055968, 14.651620607064238, 14.640880143911591, 14.794148104629244, 14.74959037721015, 14.693812414611784, 14.63285058262568, 14.729395704258854, 14.636642644067074, 14.66772054013125, 14.635339158932874, 14.680500706670434, 14.632778216881244, 14.634684641942638, 14.640011425780369, 14.66752048920204, 14.633304831208434, 14.641014159571954, 14.649966999726626, 14.644422542349487, 14.663000743466046, 14.65476331098856, 14.646474971202785, 14.635959122720658, 14.633507902123492, 14.73856103422914, 14.634783215233503, 14.647044409587258, 14.6608296093839, 14.63386648463294, 14.670290547504123, 14.63819970940097, 14.673017823959633, 14.689680306536594, 14.809952068654544, 14.673387283788966, 14.721561071665825, 14.643218326695761, 14.6515485775621, 14.665294426809973, 14.653215251984772, 14.635365469850779, 14.662588561598671, 14.70323150973294, 14.685861365562987, 14.71472495368844]}]}