{"tests_qot": [{"osnr_load_qot_27": [9.284285565421532, 9.468156303421233, 9.528974189311016, 9.88892148226461, 10.182386558358246, 10.298122713641959, 10.412917536340425, 10.469962321870309, 10.526772245676895, 10.69579471153196, 10.862710610134227, 10.97282068656514, 11.190249232111363, 11.24402650835581, 11.350887471049875, 11.561844840372075, 11.922215218449248, 12.023136485197519, 12.123157135170167, 12.369294966120428, 12.609895224573037, 12.751626947612074, 12.84502960852118, 12.89140726512936, 12.937569989917995, 13.387522148069653, 13.431364980917042]}, {"gosnr_load_qot_27": [9.44623566644692, 12.23358896401507, 11.830550244824128, 10.292109048964914, 11.148308554981902, 10.699554852008234, 10.165764054407067, 12.730268351548329, 10.250586433972444, 9.805243589148084, 11.365403118409267, 11.018192411730762, 11.729142325417818, 9.224094722349216, 12.06352326481813, 12.227768852098189, 9.386757472457978, 12.772155490111988, 10.360470024293889, 12.347080535343908, 12.222020750865427, 10.80327789834961, 10.546809533096456, 12.27495301513288, 11.661147215489416, 10.974186024683574, 10.069158475227225]}]}