{"tests_qot": [{"osnr_load_qot_54": [11.480354345997645, 11.481488855235115, 11.48375698474209, 11.487156958902652, 11.489422130078, 11.490554272648705, 11.491686120080061, 11.49281767252588, 11.493948930139869, 11.496210561486519, 11.49734093552599, 11.49847101534721, 11.499600801103291, 11.500730292947214, 11.502988395509878, 11.505245324256673, 11.50750108040713, 11.510882518677796, 11.512009079787768, 11.513135348660503, 11.515387010300373, 11.51651240337026, 11.517637504808429, 11.518762314765958, 11.519886833393826, 11.521011060842874, 11.522134997263828, 11.524381997623852, 11.52662783567741, 11.527750319214856, 11.528872512626165, 11.529994416061253, 11.531116029669919, 11.534479133033654, 11.535599588832318, 11.536719755551827, 11.537839633341282, 11.538959222349677, 11.543434693548438, 11.545670700326747, 11.547905556139561, 11.549022552804018, 11.550139262170998, 11.55125568438824, 11.552371819603355, 11.553487667963847, 11.556833493390892, 11.557948195805638, 11.559062612101563, 11.560176742425492, 11.563517419031841, 11.564630406933745, 11.565743109596083, 11.566855527164975]}, {"gosnr_load_qot_54": [11.11625745460417, 11.086254703799437, 11.216805417106707, 11.21358714768215, 11.14191026295944, 11.071995184570893, 11.108965631980166, 11.204682567138134, 11.201753961773836, 11.20461204628046, 11.221221986241632, 11.120953394096698, 11.063328929379688, 11.199984186409699, 11.16182892004984, 11.16358337523987, 11.084311094290918, 11.133750091765327, 11.1344615545236, 11.096081253907617, 11.086059086340388, 11.105987526037207, 11.225159960056686, 11.262828144788058, 11.11107997587936, 11.101977249800886, 11.121938206897234, 11.172006189392771, 11.080010225723132, 11.074808727020448, 11.16175057324557, 11.114164838929737, 11.08588856004727, 11.16678829354424, 11.174114662620688, 11.10858562196462, 11.06457898178884, 11.101472950118822, 11.107403784699661, 11.076552702021447, 11.133612012098729, 11.147587551016036, 11.061476322358912, 11.133136881129012, 11.158830140282937, 11.126834261419773, 11.116268080257843, 11.089013552262248, 11.215929600532526, 11.179598662246025, 11.194297388266616, 11.119543012719259, 11.189475092355597, 11.09731954820802]}]}