{"tests_qot": [{"osnr_load_qot_81": [11.476949038490126, 11.478084437780245, 11.479219540231032, 11.480354345997645, 11.481488855235115, 11.482623068098333, 11.48375698474209, 11.484890605321059, 11.486023929989774, 11.487156958902652, 11.488289692214003, 11.489422130078, 11.490554272648705, 11.491686120080061, 11.49281767252588, 11.493948930139869, 11.495079893075594, 11.496210561486519, 11.49734093552599, 11.49847101534721, 11.499600801103291, 11.500730292947214, 11.501859491031826, 11.502988395509878, 11.504117006533999, 11.505245324256673, 11.506373348830293, 11.50750108040713, 11.50862851913933, 11.509755665178911, 11.510882518677796, 11.512009079787768, 11.513135348660503, 11.514261325447556, 11.515387010300373, 11.51651240337026, 11.517637504808429, 11.518762314765958, 11.519886833393826, 11.521011060842874, 11.522134997263828, 11.523258642807331, 11.524381997623852, 11.525505061863795, 11.52662783567741, 11.527750319214856, 11.528872512626165, 11.529994416061253, 11.531116029669919, 11.53223735360185, 11.533358388006608, 11.534479133033654, 11.535599588832318, 11.536719755551827, 11.537839633341282, 11.538959222349677, 11.540078522725885, 11.54119753461867, 11.542316258176674, 11.543434693548438, 11.54455284088236, 11.545670700326747, 11.546788272029788, 11.547905556139561, 11.549022552804018, 11.550139262170998, 11.55125568438824, 11.552371819603355, 11.553487667963847, 11.554603229617106, 11.555718504710393, 11.556833493390892, 11.557948195805638, 11.559062612101563, 11.560176742425492, 11.561290586924141, 11.562404145744093, 11.563517419031841, 11.564630406933745, 11.565743109596083, 11.566855527164975]}, {"gosnr_load_qot_81": [10.979304908077122, 11.022863058240787, 10.961606388055184, 10.960649266702253, 10.963981746747455, 10.957443137836886, 10.963382787504427, 10.958554628677495, 11.026011266154963, 10.958623612874261, 11.06706021679744, 10.968962877468327, 11.003451421867876, 10.957354034555163, 10.957566901015227, 11.088440303466491, 11.000343207761063, 11.107106899042039, 11.014418092604334, 10.972782374587771, 10.962712319263613, 11.006775104059873, 10.957260794721241, 11.042044851547274, 10.966390203272308, 10.961702567374147, 10.983119412631076, 10.970007823938186, 10.957164403924338, 10.981161718684042, 11.19349796100969, 10.958084468073462, 11.033288538731787, 10.973530417945422, 10.967084087312653, 10.983141326759483, 10.976304447805816, 10.965432072046564, 11.120117918040375, 11.074504047810883, 11.01833951057622, 10.957214222060651, 11.05416106401048, 10.960958383444657, 10.992105241814397, 10.95966179160767, 11.005475154553041, 10.957150022150623, 10.95913331876189, 10.964319572232846, 10.99237023545276, 10.957715962378586, 10.965321712391326, 10.974286105191638, 10.96873156520103, 10.987364565543839, 10.979481739672845, 10.971099046490682, 10.96027805027617, 10.95785063379389, 11.063392817818158, 10.959110073878167, 10.97135725231511, 10.985184528677943, 10.958203383621644, 10.994687400929559, 10.962510617439555, 10.997428111468263, 11.014182481348588, 11.135339271490889, 10.99829419609041, 11.046271020500033, 10.967526306453255, 10.975871791641609, 10.989668149369955, 10.977543266191143, 10.959828470187865, 10.98738890411963, 11.027817922806245, 11.010341184713548, 11.039387738694295]}]}