{"tests": [{"osnr_load_27": [13.767231724595483, 13.849514978390463, 13.876826854367817, 14.039485660796249, 14.173453785891208, 14.226640566712817, 14.279599293980418, 14.305993304000532, 14.332330501256855, 14.411001896263357, 14.489164441531868, 14.54099104104321, 14.643970562967205, 14.669575514255403, 14.720618012391471, 14.822035463849454, 14.997386875985022, 15.046992557390855, 15.096379509596915, 15.218894132807572, 15.34005576496355, 15.412107582730691, 15.45987470143193, 15.483678285875266, 15.50742866691882, 15.742025207700367, 15.765196048092346]}, {"gosnr_load_27": [13.744115217175437, 15.083641497660448, 14.863110565185586, 14.072650359127689, 14.514022195193007, 14.299084026196052, 14.048453921043883, 15.415543034239903, 14.064764237051513, 13.918576647978844, 14.635135660885826, 14.430973884140965, 14.80532449599898, 13.668747752540488, 14.995611954145902, 15.084633938287716, 13.717363018836533, 15.440435448410799, 14.117989850057002, 15.152461158870999, 15.076947936591981, 14.349165211984962, 14.229583828376356, 15.109244578843944, 14.776621464156834, 14.413055642868056, 14.018284392886965]}]}