{"tests": [{"osnr_load_54": [14.761515161383558, 14.762649490518069, 14.7649172598192, 14.768316693671135, 14.770581504640841, 14.771713467108754, 14.772845134437338, 14.77397650678041, 14.775107584291668, 14.777368855432925, 14.778499049369726, 14.779628949088304, 14.780758554741762, 14.781887866483075, 14.784145608840598, 14.786402177382323, 14.788657573327805, 14.792038471291152, 14.793164852298727, 14.794290941069084, 14.79654224250426, 14.797667455471837, 14.798792376807711, 14.799917006662973, 14.801041345188581, 14.8021653925354, 14.803289148854148, 14.805535789009811, 14.807781266859088, 14.808903570294428, 14.810025583603652, 14.811147306936672, 14.812268740443296, 14.815631303501014, 14.816751579197717, 14.817871565815281, 14.818991263502818, 14.820110672409312, 14.824585423200674, 14.826821069775413, 14.829055565384742, 14.830172381947479, 14.831288911212768, 14.832405153328338, 14.8335211084418, 14.83463677670066, 14.837982061822935, 14.839096584136131, 14.84021082033053, 14.841324770552951, 14.8446649068549, 14.845777714655387, 14.846890237216318, 14.848002474683831]}, {"gosnr_load_54": [14.398179008202947, 14.368285130127864, 14.498242819931853, 14.495297274882507, 14.423768700424489, 14.354035619973669, 14.390809965269542, 14.486405893911595, 14.48350144110844, 14.486289759700453, 14.50283492867446, 14.40289386548651, 14.345402113851549, 14.481473407769395, 14.443692590695449, 14.445381513390025, 14.366257278102355, 14.415562536439548, 14.416401251645457, 14.378081867965353, 14.36797817901451, 14.387849143830277, 14.506822971162395, 14.544370609973862, 14.393047067683508, 14.383912441442433, 14.403917019323453, 14.453668813715403, 14.36196400958837, 14.35685355746466, 14.443441581642006, 14.396051429652466, 14.367804704345614, 14.448638470360656, 14.455922235707796, 14.390564665714878, 14.346654887767397, 14.383399336243109, 14.3893415085775, 14.358521755288287, 14.415357372561939, 14.42939486516585, 14.343559224926212, 14.415014816532727, 14.440672654638364, 14.408789499378866, 14.398108646403479, 14.371031165538568, 14.497359124620502, 14.461242096384028, 14.475824706354876, 14.401526493749188, 14.471240342338252, 14.379193118472424]}]}