{"tests": [{"osnr_load_81": [14.758110394184989, 14.759245613372094, 14.760380535719888, 14.761515161383524, 14.762649490518033, 14.763783523278317, 14.764917259819164, 14.766050700295235, 14.767183844861071, 14.7683166936711, 14.76944924687962, 14.770581504640806, 14.77171346710872, 14.772845134437304, 14.773976506780375, 14.775107584291634, 14.776238367124648, 14.77736885543289, 14.778499049369692, 14.779628949088268, 14.780758554741727, 14.78188786648304, 14.783016884465072, 14.784145608840563, 14.785274039762133, 14.78640217738229, 14.787530021853412, 14.78865757332777, 14.789784831957508, 14.790911797894653, 14.792038471291116, 14.793164852298691, 14.79429094106905, 14.79541673775375, 14.796542242504225, 14.797667455471801, 14.798792376807675, 14.799917006662938, 14.801041345188548, 14.802165392535365, 14.803289148854113, 14.804412614295417, 14.805535789009774, 14.806658673147567, 14.807781266859054, 14.808903570294392, 14.810025583603615, 14.811147306936634, 14.81226874044326, 14.813389884273162, 14.814510738575919, 14.815631303500979, 14.816751579197682, 14.817871565815246, 14.818991263502781, 14.820110672409276, 14.821229792683608, 14.822348624474536, 14.823467167930701, 14.82458542320064, 14.825703390432768, 14.826821069775377, 14.827938461376666, 14.829055565384706, 14.830172381947445, 14.831288911212736, 14.832405153328303, 14.833521108441767, 14.834636776700625, 14.83575215825227, 14.836867253243975, 14.837982061822899, 14.839096584136097, 14.840210820330494, 14.841324770552916, 14.842438434950076, 14.843551813668563, 14.844664906854865, 14.845777714655352, 14.846890237216282, 14.848002474683796]}, {"gosnr_load_81": [14.261719884685093, 14.30518466631102, 14.243960929207944, 14.243010394282734, 14.24632157552956, 14.239835329900718, 14.245809689615543, 14.240932925530469, 14.308095291623651, 14.24104249023297, 14.348998113190248, 14.25127589621236, 14.285820427880955, 14.239763523677578, 14.239979083772493, 14.370570136525021, 14.282719113891494, 14.389177287799964, 14.296544645050169, 14.255205345780102, 14.245059777278568, 14.289136492949863, 14.239656992720043, 14.324071202847806, 14.248817342488167, 14.244128237301323, 14.265528560660934, 14.252433182246595, 14.2395643222138, 14.263573948045494, 14.475280883136609, 14.240467728309119, 14.315582296698345, 14.255821386855285, 14.24940677370845, 14.265389953229127, 14.25858274668604, 14.247763666954217, 14.401870455687282, 14.356677240157843, 14.300672738054608, 14.23962077518139, 14.33639548183127, 14.243383119886115, 14.274498236400637, 14.242084026332458, 14.287635223110684, 14.239553388314645, 14.241506290832431, 14.24674677063284, 14.274581131547952, 14.240103847669625, 14.247748990917337, 14.256707497629371, 14.251157749908483, 14.269766458330064, 14.261746013538694, 14.25340153527479, 14.242701641912848, 14.240265275165843, 14.34559979784648, 14.24153073798663, 14.2537815422412, 14.267590239513, 14.240620254803016, 14.277075243528861, 14.244937009524465, 14.279810275565266, 14.296526104056799, 14.417317524471118, 14.280481805348108, 14.32852835373267, 14.24995308276249, 14.25829133418965, 14.272065814487057, 14.259960674982183, 14.242195729447968, 14.26961990279317, 14.310126469209422, 14.292694149203438, 14.321664600748285]}]}