{"tests_qot": [{"osnr_load_qot_27": [4.540440604828142, 4.92815787229247, 5.055726265629782, 5.80340598631871, 6.403018907210601, 6.636845968980159, 6.86722241877237, 6.981115279858917, 7.094144168383743, 7.428047035668223, 7.754181544671331, 7.967298643807467, 8.383243820140907, 8.48509636099183, 8.686255317930401, 9.078458758033708, 9.732871658414963, 9.91251954529878, 10.088971004530862, 10.516356156901205, 10.924603921509288, 11.160642886845547, 11.314383371092982, 11.390185359116312, 11.46528304320249, 12.178855440467009, 12.246607869412514]}, {"gosnr_load_qot_27": [5.007613350505177, 9.884239405897315, 9.622868223717468, 6.850027501228127, 8.464693311774218, 7.60742533226233, 6.540582317352126, 9.98841218964332, 6.7483177037485955, 5.7463308142038105, 8.836535479326098, 8.254904849865998, 9.468626412711128, 4.505734763424228, 9.951311921985218, 10.11717433011973, 4.881785413623349, 10.028136531658863, 6.967016544218046, 10.027854827831806, 9.804618936217521, 7.807945484877402, 7.301920321716211, 10.082112035743037, 9.353203696617307, 8.166448166752101, 6.321762236916134]}]}