{"tests_qot": [{"osnr_load_qot_54": [8.963372162628628, 8.964506742051553, 8.966775011929434, 8.97017519664631, 8.972440508192513, 8.973572720948653, 8.97470463856542, 8.975836261196665, 8.976967588996052, 8.979229360713521, 8.980359804938384, 8.981489954945006, 8.982619810886476, 8.983749372915796, 8.986007615849216, 8.988264684966758, 8.990520581487944, 8.993902230314685, 8.995028861609997, 8.996155200668078, 8.99840700267862, 8.999532465933836, 9.000657637557335, 9.001782517700185, 9.002907106513382, 9.004031404147735, 9.005155410754007, 9.007402551484642, 9.009648529908796, 9.010771083631536, 9.011893347228128, 9.013015320848496, 9.014137004642434, 9.017500318561991, 9.018620844545918, 9.019741081450677, 9.020861029425395, 9.021980688619035, 9.026456440558764, 9.028692587707534, 9.030927583890781, 9.032044650740453, 9.033161430292651, 9.034277922695095, 9.035394128095417, 9.036510046641101, 9.039856082623723, 9.040970855223648, 9.042085341704754, 9.043199542213861, 9.046540429375707, 9.04765348746277, 9.048766260310252, 9.049878748064298]}, {"gosnr_load_qot_54": [8.599089592590266, 8.56905270432872, 8.699788621594408, 8.696486556870395, 8.62476239443271, 8.554789771817555, 8.591821295500429, 8.687577705122669, 8.684641614087225, 8.687521183524197, 8.704151415263068, 8.603779839110217, 8.5461132585138, 8.682951069275106, 8.644679930108746, 8.646454542483486, 8.567134904175203, 8.616616142143252, 8.617288564150037, 8.578888640286076, 8.568891253148147, 8.588837812582437, 8.70807411767319, 8.74578024155158, 8.5938980120502, 8.58480485770526, 8.604752907874694, 8.654919157927875, 8.56283159993375, 8.557602032606956, 8.644654578748723, 8.597007657583966, 8.56872162770964, 8.649643566391328, 8.656983191246484, 8.591399929665815, 8.547362505469117, 8.584303248549691, 8.590230746047503, 8.55936930692481, 8.616498650101844, 8.630455512097527, 8.544257624696412, 8.615982815179837, 8.641687570821002, 8.609656316404465, 8.599125076197003, 8.57181555153118, 8.698915201951904, 8.662517707110537, 8.677252436810317, 8.60235622290952, 8.672356988167685, 8.58016595757754]}]}