{"tests_qot": [{"osnr_load_qot_81": [8.959966644564712, 8.9611021140403, 8.962237286676555, 8.963372162628628, 8.964506742051553, 8.965641025100224, 8.966775011929434, 8.967908702693844, 8.969042097547996, 8.97017519664631, 8.97130800014309, 8.972440508192513, 8.973572720948653, 8.97470463856542, 8.975836261196665, 8.976967588996052, 8.978098622117193, 8.979229360713521, 8.980359804938384, 8.981489954945006, 8.982619810886476, 8.983749372915796, 8.984878641185784, 8.986007615849216, 8.98713629705872, 8.988264684966758, 8.989392779725737, 8.990520581487944, 8.9916480904055, 8.992775306630449, 8.993902230314685, 8.995028861609997, 8.996155200668078, 8.997281247640478, 8.99840700267862, 8.999532465933836, 9.000657637557335, 9.001782517700185, 9.002907106513382, 9.004031404147735, 9.005155410754007, 9.00627912648282, 9.007402551484642, 9.00852568590988, 9.009648529908796, 9.010771083631536, 9.011893347228128, 9.013015320848496, 9.014137004642434, 9.015258398759647, 9.016379503349668, 9.017500318561991, 9.018620844545918, 9.019741081450677, 9.020861029425395, 9.021980688619035, 9.023100059180491, 9.024219141258525, 9.025337935001774, 9.026456440558764, 9.027574658077919, 9.028692587707534, 9.029810229595792, 9.030927583890781, 9.032044650740453, 9.033161430292651, 9.034277922695095, 9.035394128095417, 9.036510046641101, 9.037625678479554, 9.038741023758037, 9.039856082623723, 9.040970855223648, 9.042085341704754, 9.043199542213861, 9.044313456897672, 9.045427085902793, 9.046540429375707, 9.04765348746277, 9.048766260310252, 9.049878748064298]}, {"gosnr_load_qot_81": [8.461982356952712, 8.505570184766183, 8.444301970570695, 8.443342805624622, 8.446681899685485, 8.440127068837201, 8.446056204893255, 8.441242849793563, 8.508791381860455, 8.441299382063, 8.549886157723584, 8.451671374346096, 8.486143544835928, 8.44003265528402, 8.440244700066268, 8.571207847066866, 8.483033140087334, 8.589893135558615, 8.497184882525671, 8.455457217606956, 8.445410101283766, 8.489469642838996, 8.439943492116349, 8.524843048217132, 8.449063618012197, 8.444376323746981, 8.465798739466198, 8.452681869611439, 8.43984595737599, 8.463840054086202, 8.676374531302589, 8.440771155050843, 8.51600445888473, 8.45624578841909, 8.449789573430802, 8.465869916746176, 8.459023771473774, 8.448134785693346, 8.603002026473952, 8.55725795036015, 8.501042964382897, 8.439893740546866, 8.536895691025489, 8.443632408952064, 8.474789736483302, 8.44233655465109, 8.488231447429474, 8.439830517168877, 8.441823187455848, 8.446992920530732, 8.475110621201193, 8.440401221414547, 8.447995059463306, 8.456961467830482, 8.451405327482034, 8.470046218333065, 8.462205441865096, 8.453810824801407, 8.442952411258306, 8.44052768494123, 8.546136085459269, 8.44178530606992, 8.45403165735821, 8.467864958692436, 8.440879758689242, 8.47737353726478, 8.445184171021761, 8.480116054812799, 8.496882646890327, 8.61815446862095, 8.481041867725134, 8.528998427201635, 8.450199859062156, 8.458547759034701, 8.472351153563944, 8.460219927472219, 8.442520108257058, 8.470123003559362, 8.510529174995465, 8.493038392823953, 8.52210898867769]}]}