{"tests": [{"osnr_load_27": [13.045133632444227, 13.139250754348499, 13.170476329616585, 13.356293329249656, 13.509136900318438, 13.569766555236262, 13.630107006717667, 13.660168984634108, 13.690158907420242, 13.779697184292319, 13.868590018941063, 13.927494492380761, 14.044448861142884, 14.073509949066207, 14.13141977083936, 14.246392658396816, 14.44489480413353, 14.500982344194217, 14.556792564560146, 14.695110374276517, 14.831713604290442, 14.912858264954123, 14.966616045228614, 14.993393679226475, 15.020103962460515, 15.28352824008083, 15.309505425634926]}, {"gosnr_load_27": [13.046443584397498, 14.57076730129565, 14.318963142958891, 13.436173181897091, 13.926957849178983, 13.683530078209662, 13.399369064147583, 14.931514625564741, 13.424133863828978, 13.24181562711429, 14.059920966191733, 13.838297384723102, 14.255463788069605, 12.953392443287628, 14.465127055989973, 14.56580472245764, 13.015922334206401, 14.958981007926354, 13.483997309257736, 14.645620807515895, 14.564737417464231, 13.740063632521844, 13.60404966400771, 14.595556508248082, 14.221414203524755, 13.817144862537742, 13.361130090625043]}]}