{"tests": [{"osnr_load_54": [14.18326053638022, 14.184394907859343, 14.186662761849679, 14.190062322735377, 14.192327218394228, 14.193459223206705, 14.194590932879844, 14.19572234756747, 14.196853467423269, 14.199114823253598, 14.200245059534925, 14.20137500159802, 14.202504649595992, 14.203634003681811, 14.205891830728332, 14.208148483959029, 14.210403964593457, 14.213784989590174, 14.214911412942193, 14.21603754405699, 14.218288930181027, 14.219414185493022, 14.220539149173309, 14.221663821372982, 14.222788202242992, 14.223912291934205, 14.225036090597339, 14.227282815441765, 14.229528377979774, 14.230650723759473, 14.231772779413047, 14.232894545090414, 14.234016020941379, 14.237378711032076, 14.238499029073095, 14.239619058034968, 14.240738798066806, 14.241858249317596, 14.246333169486078, 14.248568900749344, 14.25080348104717, 14.251920339954147, 14.25303691156367, 14.254153196023466, 14.255269193481151, 14.256384904084223, 14.259730316239107, 14.260844880896496, 14.261959159435078, 14.263073152001676, 14.266413415336121, 14.267526265480763, 14.268638830385838, 14.26975111019749]}, {"gosnr_load_54": [13.822141127214408, 13.792400862840807, 13.921505620797854, 13.918982191185993, 13.847646155346016, 13.77815952547693, 13.814648252723893, 13.910106573502613, 13.907238098521042, 13.909919509850132, 13.92637288605844, 13.826887844226427, 13.769572449923915, 13.90480776022005, 13.867588670065025, 13.869176662109314, 13.790241054708076, 13.839364221367918, 13.84040110194741, 13.802156363050841, 13.791920752682966, 13.811712744099442, 13.930440850304919, 13.967821407971815, 13.81707726759344, 13.8078883115837, 13.827971110507733, 13.877257797901887, 13.785957370438247, 13.780985750291757, 13.867069259778631, 13.819958111291708, 13.791742606739415, 13.872516195389167, 13.879737616871921, 13.814612142748823, 13.7708300996284, 13.807361256802974, 13.813324141943866, 13.782537060304723, 13.839054720093491, 13.853195844534998, 13.767743711784883, 13.838917972171092, 13.864534268023645, 13.83280950863991, 13.821944889874427, 13.795128412773408, 13.920609214273957, 13.884805276652292, 13.899215235811116, 13.825586589378307, 13.894998087670041, 13.803070784002294]}]}