{"tests": [{"osnr_load_81": [14.179855642147771, 14.180990903679508, 14.182125868371926, 14.18326053638018, 14.184394907859303, 14.185528982964193, 14.18666276184964, 14.187796244670306, 14.188929431580732, 14.190062322735336, 14.191194918288437, 14.19232721839419, 14.193459223206668, 14.194590932879807, 14.195722347567429, 14.196853467423232, 14.197984292600786, 14.19911482325356, 14.200245059534888, 14.201375001597983, 14.202504649595955, 14.203634003681774, 14.204763064008306, 14.205891830728293, 14.207020303994351, 14.208148483958992, 14.209276370774589, 14.210403964593416, 14.211531265567618, 14.212658273849218, 14.213784989590135, 14.214911412942154, 14.216037544056954, 14.217163383086085, 14.218288930180986, 14.219414185492983, 14.22053914917327, 14.221663821372939, 14.22278820224295, 14.223912291934164, 14.225036090597303, 14.226159598382988, 14.227282815441724, 14.228405741923886, 14.229528377979737, 14.230650723759432, 14.231772779413008, 14.232894545090375, 14.234016020941338, 14.235137207115574, 14.236258103762658, 14.237378711032036, 14.238499029073058, 14.239619058034929, 14.240738798066765, 14.24185824931756, 14.24297741193618, 14.244096286071388, 14.24521487187183, 14.246333169486043, 14.24745117906243, 14.248568900749303, 14.249686334694847, 14.250803481047129, 14.25192033995411, 14.253036911563635, 14.25415319602343, 14.255269193481112, 14.256384904084186, 14.25750032798004, 14.258615465315948, 14.25973031623907, 14.26084488089646, 14.261959159435039, 14.263073152001638, 14.26418685874297, 14.265300279805622, 14.266413415336084, 14.267526265480724, 14.268638830385798, 14.269751110197452]}, {"gosnr_load_81": [13.686378630100283, 13.729720411933606, 13.668516770552587, 13.667575993111964, 13.670855741461857, 13.664447610070676, 13.670478929910905, 13.665524162221192, 13.732263303018417, 13.665696854385134, 13.772960080325358, 13.675770895210128, 13.71041995944281, 13.664402651661618, 13.664622506958244, 13.794841531379202, 13.707327791500742, 13.813365985723628, 13.720772840679212, 13.67987322111048, 13.66960516409226, 13.713725874652422, 13.66427540926214, 13.748157780970358, 13.673488469045873, 13.668794714398722, 13.69018017608961, 13.677103366814753, 13.664188474334738, 13.688229362416545, 13.899068233474125, 13.665066444867888, 13.740080081725964, 13.680284413754993, 13.673915854130833, 13.689792017294607, 13.683027479031157, 13.672285763496602, 13.825571892535628, 13.781008816986269, 13.725224236410368, 13.66425526795245, 13.760811738142312, 13.66804777039379, 13.69912929522756, 13.666744133626608, 13.711910961578273, 13.664182893795942, 13.666089540514292, 13.671416944204628, 13.698929220856524, 13.664709569342005, 13.672419794764654, 13.68137367867437, 13.675828574650337, 13.694408945787568, 13.686170549993781, 13.677881242780996, 13.667364169528415, 13.66491266386602, 13.769978158637743, 13.666188125268764, 13.678450747572084, 13.692237557627472, 13.665271288066851, 13.701699603848196, 13.669605016919045, 13.704427200181076, 13.721091641439987, 13.8413777666858, 13.704796703359142, 13.752976175178432, 13.674624218658732, 13.682955441119763, 13.696702897688862, 13.684622310158046, 13.666770447604781, 13.693996715674658, 13.734644443137071, 13.717272250884125, 13.746139246775044]}]}