{"tests": [{"osnr_load_27": [6.495023832678058, 6.784090380629673, 6.879426451442269, 7.440681005231093, 7.894232354422161, 8.072035678658372, 8.24776964355722, 8.334860491722564, 8.421433970312833, 8.678051639684135, 8.93002073481938, 9.095422934986217, 9.420062961824874, 9.499942976504771, 9.658173043211624, 9.968541883729984, 10.492347311859863, 10.637540290741976, 10.780772165980228, 11.130366939765281, 11.468036963203668, 11.665025464339905, 11.794049946324016, 11.857878922028501, 11.92125561501082, 12.530701877769761, 12.589271770834952]}, {"gosnr_load_27": [6.820732543116903, 10.830486165743958, 10.410953812006046, 8.189146689586998, 9.451325149998276, 8.781064598883587, 7.964946751562032, 11.266761280698486, 8.115423702263543, 7.375851152929234, 9.75454338178458, 9.277606272068383, 10.276588358125064, 6.452662838736545, 10.711074034021408, 10.902441352931252, 6.726981217874481, 11.313721932425127, 8.282628213946351, 10.970132247876094, 10.79398460393461, 8.936732297992432, 8.546768448469779, 10.930203898398652, 10.178913043824078, 9.209303632634926, 7.803534831467135]}]}