{"tests": [{"osnr_load_54": [9.868391667703708, 9.869526226418015, 9.871794454878648, 9.875194577469678, 9.877459847598653, 9.87859203964617, 9.879723936554333, 9.880855538476954, 9.881986845567742, 9.884248575867986, 9.885378999384248, 9.886509128682256, 9.887638963915125, 9.88876850523583, 9.891026706752049, 9.89328373445239, 9.895539589556371, 9.898921176257316, 9.900047786844041, 9.901174105193526, 9.90342586578688, 9.904551308333506, 9.90567645924841, 9.90680131868267, 9.907925886787275, 9.909050163713045, 9.910174149610727, 9.912421248924186, 9.914667185931178, 9.915789718945327, 9.916911961833335, 9.918033914745134, 9.919155577830491, 9.922518829624313, 9.923639334899669, 9.924759551095857, 9.925879478361988, 9.926999116847057, 9.931474785952505, 9.93371089168414, 9.935945846450258, 9.937062892591365, 9.938179651434993, 9.939296123128878, 9.940412307820637, 9.941528205657765, 9.944874179514706, 9.945988931406076, 9.947103397178624, 9.948217576979175, 9.951558402015365, 9.952671439393871, 9.953784191532819, 9.954896658578306]}, {"gosnr_load_54": [9.505177160442466, 9.475226107239314, 9.60548778353945, 9.6024160606491, 9.53080199562618, 9.460968630718641, 9.49784189028301, 9.593516446110458, 9.590600177190868, 9.59342126743911, 9.610000258361719, 9.509884437125104, 9.452318026910179, 9.588690458301683, 9.550728258078182, 9.55244773461134, 9.47323653177628, 9.522615027946639, 9.523395401904049, 9.48503887783333, 9.474970302387167, 9.494872414194933, 9.613966240195971, 9.651578534227006, 9.500023049862667, 9.490900930569824, 9.510890195995035, 9.56079937151155, 9.468938753340257, 9.463785210185275, 9.550556619922828, 9.503065160257627, 9.474798143112773, 9.555681535385133, 9.562986655049839, 9.497534559633587, 9.453569843308426, 9.490391754630217, 9.496330121108759, 9.465488662485683, 9.522440676323212, 9.536453026670843, 9.450470234048494, 9.5220370487482, 9.547717328933002, 9.515774682971289, 9.505144039620543, 9.477978686404121, 9.604607497448821, 9.568383309066999, 9.583022862239593, 9.508496953245025, 9.578327932110572, 9.48620883752749]}]}