{"tests": [{"osnr_load_81": [9.86498621176561, 9.866121660532572, 9.867256812460202, 9.868391667703651, 9.869526226417957, 9.870660488758006, 9.871794454878591, 9.872928124934383, 9.874061499079922, 9.875194577469621, 9.876327360257788, 9.877459847598598, 9.878592039646112, 9.879723936554278, 9.8808555384769, 9.881986845567685, 9.883117857980212, 9.88424857586793, 9.885378999384187, 9.8865091286822, 9.88763896391507, 9.888768505235774, 9.889897752797168, 9.891026706751992, 9.89215536725289, 9.893283734452334, 9.89441180850271, 9.895539589556316, 9.89666707776528, 9.897794273281614, 9.89892117625726, 9.900047786843984, 9.90117410519347, 9.902300131457265, 9.903425865786824, 9.904551308333447, 9.905676459248353, 9.906801318682616, 9.907925886787217, 9.90905016371299, 9.91017414961067, 9.911297844630893, 9.912421248924128, 9.913544362640787, 9.914667185931119, 9.915789718945272, 9.91691196183328, 9.918033914745077, 9.919155577830432, 9.920276951239067, 9.921398035120513, 9.922518829624256, 9.923639334899608, 9.9247595510958, 9.925879478361928, 9.926999116847004, 9.92811846669989, 9.929237528069347, 9.930356301104023, 9.93147478595245, 9.932592982763035, 9.933710891684083, 9.93482851286378, 9.9359458464502, 9.937062892591308, 9.938179651434936, 9.93929612312882, 9.94041230782058, 9.941528205657708, 9.942643816787607, 9.94375914135752, 9.944874179514645, 9.94598893140602, 9.947103397178568, 9.948217576979118, 9.949331470954384, 9.950445079250951, 9.95155840201531, 9.952671439393818, 9.95378419153276, 9.954896658578253]}, {"gosnr_load_81": [9.36845907069472, 9.41197688002569, 9.35072383341799, 9.349770050055154, 9.353091790611906, 9.346579965265423, 9.352539727441307, 9.347684205464567, 9.41499748548703, 9.347775125483372, 9.455977111018504, 9.358059584559026, 9.392586335743193, 9.346500184730711, 9.346714555017506, 9.477465921288967, 9.389481128448157, 9.496104828870566, 9.403424585948674, 9.361939352822832, 9.35182619255573, 9.39590667432758, 9.346399744169364, 9.43100365980372, 9.355547962389402, 9.350858455828412, 9.372271306756698, 9.359165453047204, 9.346305340815594, 9.370314825554113, 9.582361321219535, 9.347216618010311, 9.42238974765331, 9.362616265599288, 9.356185584482438, 9.37220651775875, 9.365384090456491, 9.354538001532992, 9.50894724085054, 9.463549797776427, 9.407458555850594, 9.3463587542526, 9.443235103429933, 9.350113596794158, 9.381250486252975, 9.348815355988156, 9.394497676063004, 9.346292818148251, 9.348260152101508, 9.353476887435233, 9.381417177549046, 9.34685052604548, 9.354479301163426, 9.363442576893931, 9.357889347109344, 9.376513520789844, 9.368554538772559, 9.36019055712077, 9.349432489061497, 9.346999680935083, 9.452454203844642, 9.348262663251084, 9.360514614840845, 9.374335042839459, 9.347353716149964, 9.38383045974796, 9.351667081545457, 9.386568737323996, 9.403306175122735, 9.524294156138488, 9.387329930133392, 9.43535558910391, 9.356684130744735, 9.36502762935548, 9.37881535324399, 9.366698336487332, 9.348952377228935, 9.376445553768454, 9.416925843684144, 9.39946903218406, 9.42848124579182]}]}