{"tests_qot": [{"osnr_load_qot_27": [16.866434697560248, 16.91243871621813, 16.927731359241807, 17.019047647932464, 17.094571674581353, 17.124636219653432, 17.15461817072849, 17.16957823621798, 17.184517728471135, 17.22921301696697, 17.273724050925313, 17.303296045380172, 17.362196073390884, 17.37687040226544, 17.406158422869463, 17.464492622571626, 17.56580578137558, 17.59457298991151, 17.623260832968477, 17.694634547793292, 17.7655166673964, 17.807811293806147, 17.835910365966303, 17.84993077466353, 17.863931799002472, 18.002881497754018, 18.016670972830138]}, {"gosnr_load_qot_27": [16.762781322134465, 17.519526981542157, 17.40574026042703, 16.904920431867914, 17.193929947774294, 17.06767958746713, 16.91975329284594, 17.748629378216272, 16.9098846740821, 16.875054678261336, 17.27734923841606, 17.128808706496265, 17.36667872884577, 16.74249458575005, 17.49306553343207, 17.542847544613622, 16.747405592830724, 17.764622610127546, 16.942881384194038, 17.56793655396678, 17.509878148003015, 17.097785649968603, 17.028896706724147, 17.54933954951082, 17.355098161221946, 17.120960076087005, 16.91452391288792]}]}