{"tests_qot": [{"osnr_load_qot_54": [17.41230070061869, 17.4134347440563, 17.415701941963825, 17.419100518725838, 17.42136475830257, 17.422496435074095, 17.423627816706354, 17.424758903353162, 17.42588969516822, 17.42815039491727, 17.429280303158063, 17.430409917180697, 17.43153923713827, 17.432668263183764, 17.434925434149843, 17.437181431300377, 17.439436255854922, 17.44281629673234, 17.44394239204473, 17.44506819511997, 17.447318925165092, 17.44844385243774, 17.44956848807875, 17.450692832239206, 17.45181688507008, 17.452940646722222, 17.45406411734636, 17.456310186112987, 17.45855509257349, 17.459677110314534, 17.460798837929524, 17.461920275568378, 17.463041423380893, 17.466403129356685, 17.467523119359534, 17.468642820283314, 17.469762232277127, 17.47088135548996, 17.47535496350732, 17.47759003869544, 17.479823962918395, 17.480940493788047, 17.482056737360317, 17.483172693782922, 17.484288363203486, 17.485403745769514, 17.488748173813665, 17.48986241043428, 17.49097636093616, 17.49209002546613, 17.4954293046911, 17.496541826799387, 17.49765406366818, 17.49876601544362]}, {"gosnr_load_qot_54": [17.046297192042193, 17.01628629616887, 17.14690775910517, 17.14360862779014, 17.07194763514347, 17.002035643317235, 17.039035201047916, 17.134707679167008, 17.131774189218255, 17.13465120765768, 17.151266673641267, 17.050983363624898, 16.99336658036264, 17.130085141265027, 17.091847733209566, 17.093620788048142, 17.014370149489398, 17.06380849182811, 17.064480327538043, 17.026113740380275, 17.01612498421514, 17.036054303598384, 17.155185884895744, 17.192858289620226, 17.041110116879704, 17.032024840836247, 17.051955586425763, 17.102077965539266, 17.01007055278338, 17.004845486081216, 17.091822404095243, 17.044217064435117, 17.015955505046964, 17.096807011425, 17.10414018297087, 17.038614200474036, 16.99461475553073, 17.03152366579497, 17.03744603017649, 17.00661124006856, 17.063691102220833, 17.077635776691466, 16.99151253801154, 17.06317571699096, 17.08885799880657, 17.056854729162083, 17.046332644836884, 17.019046760038286, 17.146035115587008, 17.10966982544263, 17.124391550253208, 17.04956098474225, 17.11950042723019, 17.02738995350366]}]}