{"tests_qot": [{"osnr_load_qot_81": [17.40889679051123, 17.410031724001243, 17.41116636065201, 17.41230070061869, 17.4134347440563, 17.414568491119752, 17.415701941963825, 17.416835096743192, 17.417967955612387, 17.419100518725838, 17.420232786237836, 17.42136475830257, 17.422496435074095, 17.423627816706354, 17.424758903353162, 17.42588969516822, 17.4270201923051, 17.42815039491727, 17.429280303158063, 17.430409917180697, 17.43153923713827, 17.432668263183764, 17.433796995470047, 17.434925434149843, 17.436053579375788, 17.437181431300377, 17.438308990076003, 17.439436255854922, 17.440563228789287, 17.441689909031123, 17.44281629673234, 17.44394239204473, 17.44506819511997, 17.44619370610961, 17.447318925165092, 17.44844385243774, 17.44956848807875, 17.450692832239206, 17.45181688507008, 17.452940646722222, 17.45406411734636, 17.455187297093115, 17.456310186112987, 17.457432784556357, 17.45855509257349, 17.459677110314534, 17.460798837929524, 17.461920275568378, 17.463041423380893, 17.464162281516757, 17.465282850125533, 17.466403129356685, 17.467523119359534, 17.468642820283314, 17.469762232277127, 17.47088135548996, 17.472000190070695, 17.473118736168093, 17.474236993930788, 17.47535496350732, 17.476472645046105, 17.47759003869544, 17.478707144603515, 17.479823962918395, 17.480940493788047, 17.482056737360317, 17.483172693782922, 17.484288363203486, 17.485403745769514, 17.48651884162839, 17.487633650927382, 17.488748173813665, 17.48986241043428, 17.49097636093616, 17.49209002546613, 17.493203404170895, 17.49431649719706, 17.4954293046911, 17.496541826799387, 17.49765406366818, 17.49876601544362]}, {"gosnr_load_qot_81": [16.909307154305537, 16.95285812371558, 16.89164161362407, 16.890683252335034, 16.894019547897834, 16.88747020862841, 16.89339437766472, 16.8885850553782, 16.956076582231002, 16.888641540308654, 16.997136241686345, 16.899004836866418, 16.93344795685604, 16.88737587411357, 16.887587741380035, 17.018439579932036, 16.930340182784455, 17.037108712240816, 16.944479940932496, 16.902787500959377, 16.89274881564511, 16.936771239672304, 16.88728678558731, 16.972114571578608, 16.89639926879002, 16.891715904494543, 16.91312032438298, 16.90001448383765, 16.887189332494728, 16.911163288076708, 17.123514420821525, 16.88811375559917, 16.963283519517383, 16.903575409219375, 16.897124615166486, 16.91319144172276, 16.906351057272754, 16.895471215569103, 17.050206227064887, 17.004501699765658, 16.94833474882955, 16.887237075665823, 16.984156911541014, 16.89097261303077, 16.922103742078384, 16.889677844279984, 16.935534092514697, 16.887173905212663, 16.889164907048105, 16.894330307966737, 16.922424356003766, 16.887744131689068, 16.89533160652602, 16.904290487217473, 16.89873901331152, 16.917364224620833, 16.909530051514047, 16.90114249105507, 16.890293185018265, 16.88787048933738, 16.993389387726562, 16.889127057387178, 16.90136313815215, 16.915184803194027, 16.888222268304396, 16.924685361839636, 16.892523074747878, 16.9274255629737, 16.944177961650958, 17.065345476877653, 16.928350593586178, 16.976266401686406, 16.897534556542663, 16.905875445046345, 16.91966721641005, 16.90754620739648, 16.889861244140906, 16.91744094512108, 16.95781289709602, 16.940336966694815, 16.969382845196634]}]}