{"tests_qot": [{"osnr_load_qot_27": [7.530380664288984, 7.7759705463887405, 7.857059133605722, 8.335431644993275, 8.723365361086808, 8.875809008531554, 9.026692776038553, 9.101549916990075, 9.176017408867443, 9.397083917000634, 9.614651914586538, 9.757758077534017, 10.039331966739166, 10.108762097247205, 10.246470456455992, 10.517298455122155, 10.97665598405045, 11.104524962987751, 11.23090823652446, 11.540425094499954, 11.84086088565932, 12.016831088730822, 12.13237965338547, 12.189628805646443, 12.246529848373855, 12.796734947215619, 12.849910228126154]}, {"gosnr_load_qot_27": [7.790423952782964, 11.326494779013936, 10.89432435762188, 8.944658504371455, 10.042049142150036, 9.460982205489456, 8.760076230379246, 11.818570161667797, 8.883967483155775, 8.264311303231064, 10.311154504393105, 9.885742336754397, 10.772206718285078, 7.482176462473392, 11.17087102998049, 11.356801608616813, 7.71084839747627, 11.864965140403905, 9.027701123385324, 11.457883988487573, 11.30247510786498, 9.595612066263042, 9.259818280530434, 11.397466485691634, 10.685654575185064, 9.827182586400777, 8.62502356847825]}]}