{"tests_qot": [{"osnr_load_qot_54": [10.42451569843699, 10.4256502421118, 10.427918440493446, 10.431318517966004, 10.433583758016, 10.434715935024029, 10.435847816892705, 10.43697940377584, 10.438110695827145, 10.44037239604842, 10.441502804525198, 10.442632918783723, 10.443762738977112, 10.444892265258336, 10.447150436695594, 10.44940743431698, 10.45166325934201, 10.455044800924531, 10.456171396471785, 10.457297699781797, 10.45954943029621, 10.460674857803369, 10.46179999367881, 10.462924838073597, 10.464049391138735, 10.465173653025042, 10.466297623883253, 10.468544693117787, 10.470790600045852, 10.471913118020542, 10.473035345869093, 10.474157283741432, 10.475278931787331, 10.47864213846278, 10.479762628698674, 10.480882829855414, 10.482002742082093, 10.483122365527711, 10.487597974475353, 10.489834050128092, 10.492068974815316, 10.493186005916979, 10.494302749721161, 10.495419206375603, 10.496535376027916, 10.497651258825604, 10.500997187564224, 10.502111924416157, 10.503226375149264, 10.504340539910375, 10.50768131982826, 10.508794342167334, 10.509907079266846, 10.511019531272902]}, {"gosnr_load_qot_54": [10.060118327334175, 10.030083173299179, 10.160811454035976, 10.157509585034852, 10.085789637381264, 10.015821060090344, 10.052850450991428, 10.148601260598687, 10.145665343112519, 10.14854474234226, 10.165173988881014, 10.064808301971173, 10.007145043874914, 10.143974898173537, 10.105706009599281, 10.107480518053148, 10.028165483466045, 10.077643859409736, 10.07831624229823, 10.03991854268361, 10.029921731407867, 10.04986714057752, 10.169096458353934, 10.206800332410921, 10.054927047396092, 10.045834418696312, 10.06578131429228, 10.115944637226983, 10.023862426592537, 10.018633159548582, 10.105680659723522, 10.058036512918871, 10.029752115728582, 10.11066935510577, 10.118008549386968, 10.052429109527246, 10.008394219320484, 10.045332838505095, 10.051259993518332, 10.020400332429615, 10.077526374202844, 10.091482423034105, 10.005289516240271, 10.077010569284718, 10.10271382544724, 10.070684438204724, 10.060153808885111, 10.032845861484736, 10.159938086178048, 10.123542740090972, 10.138276602083359, 10.063384768325312, 10.133381442053375, 10.04119578630442]}]}