{"tests_qot": [{"osnr_load_qot_81": [10.421110287617434, 10.4222457213449, 10.423380858233033, 10.42451569843699, 10.4256502421118, 10.426784489412352, 10.427918440493446, 10.429052095509746, 10.430185454615795, 10.431318517966004, 10.43245128571468, 10.433583758016, 10.434715935024029, 10.435847816892705, 10.43697940377584, 10.438110695827145, 10.439241693200188, 10.44037239604842, 10.441502804525198, 10.442632918783723, 10.443762738977112, 10.444892265258336, 10.446021497780247, 10.447150436695594, 10.448279082157013, 10.44940743431698, 10.450535493327882, 10.45166325934201, 10.452790732511499, 10.453917912988365, 10.455044800924531, 10.456171396471785, 10.457297699781797, 10.458423711006127, 10.45954943029621, 10.460674857803369, 10.46179999367881, 10.462924838073597, 10.464049391138735, 10.465173653025042, 10.466297623883253, 10.467421303864015, 10.468544693117787, 10.469667791794983, 10.470790600045852, 10.471913118020542, 10.473035345869093, 10.474157283741432, 10.475278931787331, 10.476400290156505, 10.477521358998494, 10.47864213846278, 10.479762628698674, 10.480882829855414, 10.482002742082093, 10.483122365527711, 10.484241700341146, 10.485360746671152, 10.486479504666375, 10.487597974475353, 10.48871615624649, 10.489834050128092, 10.490951656268336, 10.492068974815316, 10.493186005916979, 10.494302749721161, 10.495419206375603, 10.496535376027916, 10.497651258825604, 10.49876685491606, 10.499882164446534, 10.500997187564224, 10.502111924416157, 10.503226375149264, 10.504340539910375, 10.505454418846202, 10.506568012103338, 10.50768131982826, 10.508794342167334, 10.509907079266846, 10.511019531272902]}, {"gosnr_load_qot_81": [9.923018911128905, 9.966604279774606, 9.905339515236502, 9.904380403909501, 9.907719311257772, 9.90116484680124, 9.907093651463526, 9.902280565428455, 9.969825294151963, 9.902337094539497, 10.01091772705259, 9.912708506653583, 9.947178738918904, 9.901070438521405, 9.901282471460014, 10.032238192005805, 9.94406850968733, 10.050922402548776, 9.958219452541, 9.916494137803676, 9.90644758398831, 9.95050464909447, 9.900981280333713, 9.985876047982341, 9.910100896317859, 9.905413864255816, 9.926835079311608, 9.913718945321646, 9.900883751040801, 9.924876503956316, 10.137398748356752, 9.901808897037238, 9.977037961534933, 9.917282664410997, 9.91082681110185, 9.926906252592433, 9.920060491676722, 9.909172115979576, 10.064030534443262, 10.018289097046374, 9.962077315961205, 9.900931531542932, 9.99792800338586, 9.904669991048836, 9.935825570642727, 9.9033742091745, 9.949266523623672, 9.900868311696025, 9.902860870665906, 9.90803031470431, 9.93614643729355, 9.90143898406551, 9.909032397568115, 9.9179983036967, 9.912442474688477, 9.931082319415443, 9.923241983517872, 9.914847837263878, 9.903990031363541, 9.901565440528111, 10.007167869513896, 9.902822991396635, 9.915068657446994, 9.928901182418869, 9.901917494608693, 9.938409225908215, 9.9062216663605, 9.941151588906802, 9.95791723400944, 10.07918209638606, 9.942077349624643, 9.990031190186318, 9.91123707376486, 9.91958450593944, 9.933387124981511, 9.921256580564178, 9.903557752522774, 9.93115910032328, 9.97156298865733, 9.954073197389144, 9.983142144110715]}]}