{"tests_qot": [{"osnr_load_qot_27": [6.888348335961208, 7.160244536100434, 7.249956738195786, 7.778528586123297, 8.206252224568654, 8.37408693940986, 8.540060535029529, 8.622349446918179, 8.704173215472013, 8.946855357559267, 9.185359339388109, 9.342045782973754, 9.649878404730226, 9.72568605116001, 9.875925928461688, 10.170928361756339, 10.669780813190588, 10.808288532006001, 10.945028644269033, 11.279224644547101, 11.602649320856557, 11.791625556503678, 11.915525018924725, 11.976855232754094, 12.037775117635437, 12.624867659002037, 12.681414064932445]}, {"gosnr_load_qot_27": [7.188359934605655, 11.014912433913103, 10.588161226945816, 8.47244991957992, 9.669986174718247, 9.034619354835613, 8.263780715161658, 11.477729926887164, 8.403835001848277, 7.711380289077273, 9.959947668358044, 9.503045397702602, 10.45843561643353, 6.843853667106972, 10.879544263887432, 11.069470030716012, 7.1002083879116675, 11.524692771578323, 8.561804612050532, 11.151715983299074, 10.983542106577481, 9.182041402501518, 8.813325015046185, 11.102865032890767, 10.365026324299214, 9.43855049162586, 8.112718207628717]}]}