{"tests_qot": [{"osnr_load_qot_54": [10.0736315887092, 10.074766142096012, 10.077034359901658, 10.080434466510212, 10.082699725984202, 10.083831912704227, 10.0849638042849, 10.086095400880028, 10.087226702643331, 10.089488422288593, 10.090618840477363, 10.091748964447882, 10.092878794353261, 10.09400833034648, 10.096266521207717, 10.098523538253083, 10.10077938270209, 10.104160953420573, 10.105287558679812, 10.106413871701815, 10.108665621640196, 10.109791058859336, 10.110916204446758, 10.112041058553533, 10.113165621330653, 10.11428989292894, 10.115413873499135, 10.117660962157629, 10.119906888509654, 10.121029416196322, 10.12215165375685, 10.123273601341168, 10.124395259099042, 10.12775849491042, 10.12887899485829, 10.129999205727003, 10.131119127665656, 10.132238760823247, 10.13671440861878, 10.138950503695458, 10.14118544780662, 10.142302488620249, 10.143419242136403, 10.144535708502808, 10.145651887867091, 10.146767780376745, 10.150113738251259, 10.151228484815158, 10.152342945260227, 10.153457119733304, 10.156797928787073, 10.157910960838109, 10.159023707649578, 10.160136169367597]}, {"gosnr_load_qot_54": [9.709562744302914, 9.679549348509106, 9.81015658669653, 9.806914997867061, 9.735222116525808, 9.665288318058286, 9.70227713962026, 9.798008870770207, 9.795078074228542, 9.797942220860637, 9.814558456646768, 9.714257296763265, 9.656618880722274, 9.793330150878406, 9.755141268269572, 9.756901372410777, 9.677612803636853, 9.727065468242818, 9.72776615630367, 9.689378887487033, 9.67936317777983, 9.699297426636392, 9.818492366398328, 9.856172604414926, 9.704381155915604, 9.695280714485353, 9.715238899269004, 9.765336095348061, 9.673311090026285, 9.66810161751157, 9.755077583086058, 9.707473000322599, 9.679192893983444, 9.760102022356373, 9.76743235690465, 9.701885670423438, 9.657868759750103, 9.69477713917987, 9.700707287400697, 9.669852109179184, 9.726933079985766, 9.740904013991827, 9.654765362777729, 9.726446666361218, 9.752144143746245, 9.720137185412009, 9.709580249060792, 9.682309413364298, 9.809281397460932, 9.772930558150893, 9.787639845780134, 9.712843196454127, 9.782797110635126, 9.69062802964783]}]}