{"tests_qot": [{"osnr_load_qot_81": [10.070226148753642, 10.071361592193108, 10.072496738793241, 10.0736315887092, 10.074766142096012, 10.075900399108564, 10.077034359901658, 10.078168024629955, 10.079301393448002, 10.080434466510212, 10.081567243970886, 10.082699725984202, 10.083831912704227, 10.0849638042849, 10.086095400880028, 10.087226702643331, 10.088357709728367, 10.089488422288593, 10.090618840477363, 10.091748964447882, 10.092878794353261, 10.09400833034648, 10.09513757258038, 10.096266521207717, 10.09739517638113, 10.098523538253083, 10.099651606975975, 10.10077938270209, 10.101906865583567, 10.103034055772419, 10.104160953420573, 10.105287558679812, 10.106413871701815, 10.107539892638126, 10.108665621640196, 10.109791058859336, 10.110916204446758, 10.112041058553533, 10.113165621330653, 10.11428989292894, 10.115413873499135, 10.116537563191876, 10.117660962157629, 10.118784070546802, 10.119906888509654, 10.121029416196322, 10.12215165375685, 10.123273601341168, 10.124395259099042, 10.125516627180193, 10.126637705734158, 10.12775849491042, 10.12887899485829, 10.129999205727003, 10.131119127665656, 10.132238760823247, 10.133358105348655, 10.134477161390631, 10.135595929097827, 10.13671440861878, 10.137832600101886, 10.138950503695458, 10.140068119547674, 10.14118544780662, 10.142302488620249, 10.143419242136403, 10.144535708502808, 10.145651887867091, 10.146767780376745, 10.147883386179167, 10.148998705421604, 10.150113738251259, 10.151228484815158, 10.152342945260227, 10.153457119733304, 10.154571008381092, 10.15568461135019, 10.156797928787073, 10.157910960838109, 10.159023707649578, 10.160136169367597]}, {"gosnr_load_qot_81": [9.572561987928056, 9.616130050900978, 9.554867799984212, 9.553910076098544, 9.557244515334624, 9.550701164529, 9.556638134482926, 9.551813885514472, 9.619298580209287, 9.551879426599253, 9.660361830812864, 9.562228147923364, 9.596713502844526, 9.550610588311024, 9.55082323561675, 9.681726607091349, 9.593604561183003, 9.700399120445818, 9.607701264594281, 9.566038480196012, 9.555974382635446, 9.6000379834094, 9.550518472996023, 9.635337799612408, 9.55964566593276, 9.554957943153578, 9.576377160376635, 9.563263601337335, 9.550421761915013, 9.574419115990924, 9.786818669687857, 9.551343282201866, 9.626558374290596, 9.56679776756333, 9.560348451834702, 9.576412707730249, 9.569572999000517, 9.558695605386355, 9.713437743745914, 9.66778602249588, 9.611605309536444, 9.550471018847311, 9.647436898986786, 9.554213804917596, 9.585364769297454, 9.552917367039328, 9.598755071981945, 9.550407086688946, 9.552393053896388, 9.557574936345665, 9.585645239728231, 9.550974367116323, 9.558577114956472, 9.567542412917007, 9.561987214723803, 9.580623122041935, 9.572751625873604, 9.564365307788899, 9.553533538274628, 9.551106772395435, 9.656671409030787, 9.552365757806182, 9.56461318146677, 9.57844266199732, 9.551459348766988, 9.587947483317121, 9.555765968360408, 9.590688800758292, 9.607447207530301, 9.728640639843144, 9.591571447470384, 9.639544545959144, 9.560781851264524, 9.569128328243778, 9.582927169494367, 9.570800059688722, 9.553088721830083, 9.580661974884721, 9.621086251630974, 9.603604942172318, 9.632659289163689]}]}