{"tests": [{"osnr_load_27": [5.518594820521379, 5.854093408715894, 5.96461636575103, 6.613891316594883, 7.136666899177544, 7.341095685710519, 7.542843266598087, 7.642710965917332, 7.741907801077243, 8.035473892274101, 8.323009306251327, 8.51135607062589, 8.880054780953877, 8.970570150532, 9.149618833248375, 9.49983198462467, 10.08772721539993, 10.249945747971246, 10.409645630030475, 10.798027382554354, 11.171196377374304, 11.387970986667163, 11.529577714857933, 11.599519365701504, 11.66889162239416, 12.332166091264858, 12.395537944534603]}, {"gosnr_load_27": [5.911886120234544, 10.362832341267778, 9.997407382069946, 7.505357587290797, 8.93709958598912, 8.176263640996739, 7.240306715470833, 10.677854621731981, 7.418213072578118, 6.553587927488746, 9.274090360553945, 8.745791851998057, 9.852372508865962, 5.480567263656846, 10.314997621848097, 10.5004346694158, 5.803019996272965, 10.722771716259809, 7.609962897907103, 10.506953404295626, 10.308196559668044, 8.353529055878168, 7.9077836982062, 10.503882571004144, 9.745194288488841, 8.667686550261104, 7.051491988659457]}]}