{"tests": [{"osnr_load_54": [9.392349997237972, 9.39348456738156, 9.39575281870076, 9.399152975579629, 9.401418268567161, 9.402550472043963, 9.4036823803814, 9.404813993733303, 9.40594531225336, 9.40820706541216, 9.409337500357694, 9.41046764108498, 9.41159748774712, 9.412727040497103, 9.414985264871865, 9.417242315430748, 9.41949819339327, 9.422879814382023, 9.424006436398011, 9.425132766176764, 9.427384549628652, 9.428510003604543, 9.429635165948712, 9.43076003681224, 9.431884616346109, 9.433008904701142, 9.434132902028088, 9.436380024200073, 9.438625984065586, 9.439748528508996, 9.440870782826266, 9.441992747167317, 9.443114421681935, 9.44647770776353, 9.44759822446814, 9.448718452093583, 9.449838390788974, 9.450958040703297, 9.455433755525757, 9.457669884115894, 9.459904861740513, 9.46102191931087, 9.462138689583753, 9.463255172706882, 9.464371368827893, 9.465487278094264, 9.468833286238949, 9.469948049559562, 9.471062526761356, 9.472176717991152, 9.47551757731507, 9.476630626122821, 9.477743389691003, 9.478855868165736]}, {"gosnr_load_54": [9.028545983615013, 8.998547551806439, 9.129070990908975, 9.125872129770972, 9.054197294900158, 8.984287063714005, 9.0212476804675, 9.116967416648754, 9.114040206668406, 9.116893575160086, 9.133500848865278, 9.033243860146827, 8.975622158482048, 9.112251462363984, 9.074118740453418, 9.07586865011917, 8.996597594380583, 9.046032800744836, 9.04675358865417, 9.008373109088987, 8.998343827578395, 9.018270473074331, 9.13744294228148, 9.175107026298633, 9.023371190693208, 9.014265059226805, 9.034231574990091, 9.084282646840164, 8.992296765859255, 8.987101259376457, 9.074027847315817, 9.026450578487504, 8.998173066904531, 9.07907773558018, 9.086401900950932, 9.020877405857014, 8.976872556606994, 9.013760059928646, 9.01969242704961, 8.98883993976106, 9.045889833537954, 9.05987155634022, 8.97377003759228, 9.04542427142093, 9.071118061265134, 9.039126506143688, 9.028550730260335, 9.001305798669382, 9.128194494739986, 9.091874649400026, 9.106566735719928, 9.031836432229753, 9.101761127820193, 9.0096023270342]}]}