{"tests": [{"osnr_load_81": [9.388944507012019, 9.390079967208266, 9.39121513056518, 9.392349997237915, 9.393484567381499, 9.394618841150834, 9.395752818700704, 9.396886500185776, 9.398019885760593, 9.399152975579572, 9.400285769797016, 9.401418268567104, 9.402550472043902, 9.403682380381342, 9.404813993733246, 9.405945312253301, 9.407076336095106, 9.408207065412103, 9.409337500357632, 9.41046764108492, 9.411597487747061, 9.412727040497042, 9.413856299487707, 9.414985264871806, 9.416113936801976, 9.41724231543069, 9.418370400910337, 9.419498193393213, 9.420625693031443, 9.421752899977054, 9.422879814381966, 9.424006436397955, 9.425132766176707, 9.426258803869773, 9.427384549628595, 9.428510003604483, 9.429635165948655, 9.430760036812183, 9.43188461634605, 9.433008904701083, 9.43413290202803, 9.435256608477516, 9.436380024200012, 9.437503149345932, 9.438625984065524, 9.43974852850894, 9.440870782826208, 9.441992747167259, 9.443114421681875, 9.444235806519771, 9.445356901830472, 9.446477707763473, 9.44759822446808, 9.448718452093525, 9.449838390788916, 9.450958040703242, 9.452077401985381, 9.453196474784097, 9.454315259248025, 9.4554337555257, 9.45655196376554, 9.457669884115836, 9.458787516724783, 9.459904861740455, 9.461021919310813, 9.462138689583695, 9.463255172706823, 9.464371368827836, 9.465487278094207, 9.466602900653351, 9.467718236652516, 9.468833286238889, 9.469948049559505, 9.4710625267613, 9.472176717991095, 9.4732906233956, 9.474404243121407, 9.475517577315014, 9.476630626122764, 9.477743389690946, 9.47885586816568]}, {"gosnr_load_81": [8.891613092615167, 8.935169551474946, 8.873908132528374, 8.872951378588615, 8.876282698089845, 8.869747134145303, 8.875689990951422, 8.870857744734979, 8.938300880042618, 8.870929683013939, 8.97934406552715, 8.881262459529598, 8.915759082776963, 8.869659276309735, 8.869872362936817, 9.000740629196072, 8.912651006536471, 9.019405138047695, 8.926709434158465, 8.885090382130215, 8.87501367751271, 8.919082600504474, 8.86956506077418, 8.954332164858545, 8.878697772255753, 8.874009486865985, 8.89542761748627, 8.882315682947743, 8.869468928922261, 8.893469919594944, 9.105785770521502, 8.870387890096602, 8.945594235223917, 8.885828928970376, 8.879384153487113, 8.89543788027843, 8.888602361010737, 8.877732593581257, 9.032394638324668, 8.986805863525891, 8.930646316693986, 8.869519234499952, 8.966464914104943, 8.873265149044908, 8.904413320157158, 8.87196822557193, 8.917767882896811, 8.86945479579785, 8.871436115175035, 8.876626905663802, 8.904665124229126, 8.870019677564837, 8.877629167706791, 8.886594172629914, 8.8810393362353, 8.899672737665448, 8.891779003748804, 8.883398111779167, 8.872584654045504, 8.8701563070159, 8.975695768476404, 8.871416329998013, 8.883665190262972, 8.897492724244533, 8.870509259516448, 8.906995406281201, 8.874817682888576, 8.909736024284152, 8.92648955495836, 9.047634210730775, 8.91058808513817, 8.958575602321275, 8.879833980737999, 8.888179908868235, 8.901976282826752, 8.889851422629874, 8.872130932267323, 8.899684672106781, 8.940124049681197, 8.92264848675152, 8.951692926663629]}]}