{"tests_qot": [{"osnr_load_qot_27": [8.153164691622685, 8.375134944531853, 8.448473291848904, 8.88164720303457, 9.233635952223679, 9.372142514780364, 9.509341859327376, 9.577451623220034, 9.64523498650363, 9.846628611292799, 10.045092571347263, 10.175778167099391, 10.433265381611074, 10.496830446717036, 10.622995749790745, 10.871481776960772, 11.294097939197359, 11.412011938970375, 11.528677702965924, 11.814924849917983, 12.093522873384899, 12.257060240311562, 12.36459332215193, 12.417915523015669, 12.470942958268466, 12.985257016377984, 13.035118503417216]}, {"gosnr_load_qot_27": [8.376711465657147, 11.643408217707101, 11.211516621348443, 9.413932303668311, 10.420546184196347, 9.888907153456998, 9.25119025796176, 12.150031502340283, 9.360425923150576, 8.806597023671953, 10.670388070659584, 10.274073984582412, 11.096743778583495, 8.101175402270936, 11.473283067952046, 11.653957795634932, 8.30482553245917, 12.19531055028082, 9.491319762579172, 11.768785415575456, 11.625563379337603, 10.011924730709614, 9.705968927271835, 11.699947150915897, 11.016589441242647, 10.220916152693322, 9.130631760195861]}]}