{"tests_qot": [{"osnr_load_qot_54": [10.782895091681288, 10.784029624592531, 10.78629780144704, 10.789697846628899, 10.791963065151766, 10.793095231396228, 10.794227102501342, 10.795358678620914, 10.796489959908657, 10.79875163860281, 10.799882036316028, 10.801012139810993, 10.802141949240822, 10.803271464758488, 10.805529614668632, 10.807786590762907, 10.810042394260826, 10.813423903552689, 10.814550488336387, 10.815676780882853, 10.817928489870166, 10.819053906613775, 10.820179031725663, 10.821303865356906, 10.822428407658496, 10.823552658781255, 10.824676618875923, 10.826923666583365, 10.829169551984341, 10.83029205919549, 10.8314142762805, 10.832536203389296, 10.833657840671655, 10.837021015056486, 10.838141494528841, 10.839261684922043, 10.840381586385186, 10.84150119906727, 10.845976764960772, 10.848212819086442, 10.850447722246606, 10.851564742584738, 10.852681475625392, 10.853797921516302, 10.85491408040509, 10.856029952439247, 10.859375848887288, 10.860490574975696, 10.861605014945276, 10.862719168942867, 10.866059916570181, 10.867172928145736, 10.868285654481724, 10.869398095724263]}, {"gosnr_load_qot_54": [10.420213859701866, 10.390310136788854, 10.520311122665476, 10.5173645818698, 10.445812033297909, 10.376055957701151, 10.412842383650268, 10.50847019924725, 10.505564767257775, 10.508354025870881, 10.524904785126225, 10.424930275909754, 10.367419630207326, 10.503536050590457, 10.465742561786806, 10.467432048596521, 10.38828161939045, 10.43760314403836, 10.43844213754608, 10.400110093484544, 10.390003084939634, 10.409880585766357, 10.528894178283355, 10.566454594735681, 10.415080224276501, 10.405942586130513, 10.425953768266742, 10.475722120136178, 10.383986943206802, 10.378874817290304, 10.465491468912836, 10.418085578241207, 10.389829553342608, 10.470690094039481, 10.477976296572042, 10.41259700317335, 10.368672813173347, 10.405429311936025, 10.411373442594968, 10.380543561271207, 10.437397912091617, 10.451440069472484, 10.365576139764563, 10.437055242416564, 10.462721617591168, 10.430827861522962, 10.420143474650736, 10.393057073716216, 10.519427128548536, 10.483297939886647, 10.49788544757677, 10.423562451889195, 10.493299542081122, 10.401221709567729]}]}