{"tests_qot": [{"osnr_load_qot_81": [10.779489713152445, 10.780625136116342, 10.781760262240903, 10.782895091681288, 10.784029624592531, 10.785163861129515, 10.78629780144704, 10.787431445699774, 10.788564794042255, 10.789697846628899, 10.79083060361401, 10.791963065151766, 10.793095231396228, 10.794227102501342, 10.795358678620914, 10.796489959908657, 10.797620946518137, 10.79875163860281, 10.799882036316028, 10.801012139810993, 10.802141949240822, 10.803271464758488, 10.804400686516843, 10.805529614668632, 10.806658249366494, 10.807786590762907, 10.808914639010254, 10.810042394260826, 10.811169856666762, 10.812297026380072, 10.813423903552689, 10.814550488336387, 10.815676780882853, 10.816802781343629, 10.817928489870166, 10.819053906613775, 10.820179031725663, 10.821303865356906, 10.822428407658496, 10.823552658781255, 10.824676618875923, 10.82580028809314, 10.826923666583365, 10.828046754497018, 10.829169551984341, 10.83029205919549, 10.8314142762805, 10.832536203389296, 10.833657840671655, 10.834779188277288, 10.835900246355742, 10.837021015056486, 10.838141494528841, 10.839261684922043, 10.840381586385186, 10.84150119906727, 10.842620523117168, 10.843739558683636, 10.844858305915325, 10.845976764960772, 10.847094935968375, 10.848212819086442, 10.849330414463159, 10.850447722246606, 10.851564742584738, 10.852681475625392, 10.853797921516302, 10.85491408040509, 10.856029952439247, 10.857145537766176, 10.858260836533125, 10.859375848887288, 10.860490574975696, 10.861605014945276, 10.862719168942867, 10.863833037115171, 10.864946619608782, 10.866059916570181, 10.867172928145736, 10.868285654481724, 10.869398095724263]}, {"gosnr_load_qot_81": [10.283710343039647, 10.327189113564819, 10.265945712119336, 10.264994874074286, 10.268307111523924, 10.26181879766437, 10.267795062275546, 10.26291674306078, 10.330100680658722, 10.263026342682709, 10.371016804012708, 10.273263014044336, 10.307818625560634, 10.261746968562102, 10.261962597340622, 10.39259589330818, 10.304716313246624, 10.411209167660218, 10.318546300397218, 10.277193719508503, 10.26704491068868, 10.31113575887247, 10.261640403662007, 10.346081772413687, 10.270803675116515, 10.266113073573122, 10.287520239226168, 10.274420669842165, 10.261547703630072, 10.285565000264862, 10.497341441414454, 10.262451397585998, 10.337590111181465, 10.277809957580464, 10.271393294546606, 10.287381587369017, 10.280572200778625, 10.269749663199741, 10.423906527585618, 10.37869844227062, 10.322675726646294, 10.261604174584038, 10.35841006085372, 10.2653677185297, 10.296492792872687, 10.264068210774717, 10.309634005310553, 10.261536766247312, 10.263490291110063, 10.26873244231459, 10.296575714644518, 10.262087400992659, 10.269734982478154, 10.278696351762868, 10.273144829997172, 10.291759495877367, 10.283736480260671, 10.27538933234387, 10.264686023259422, 10.262248879928, 10.367617378741338, 10.263514746056778, 10.275769460774606, 10.289582579038598, 10.262603972686723, 10.299070627929831, 10.266922103771048, 10.301806539202385, 10.318527753418545, 10.43935871447015, 10.302478284947938, 10.350540372029432, 10.271939778064027, 10.280280695031973, 10.294059589932576, 10.281950570088405, 10.264179949500647, 10.29161289332183, 10.332132515839962, 10.314694562103195, 10.343674388701915]}]}