{"tests_qot": [{"osnr_load_qot_27": [6.376859325119958, 6.671259181892974, 6.768341102767668, 7.339730650559439, 7.801276130792499, 7.9821607834502615, 8.160909247886611, 8.249482235394751, 8.337521094709736, 8.598434288628658, 8.854548016136919, 9.022629620843947, 9.352428451065165, 9.433556693312578, 9.59423374376898, 9.909300153887235, 10.440707273047137, 10.587930555751775, 10.733131150551618, 11.087383775662428, 11.429345976433389, 11.628740655641616, 11.75930096727214, 11.823877778544574, 11.887989105699933, 12.504087091098938, 12.563255910639837]}, {"gosnr_load_qot_27": [6.710411322058225, 10.772711469492656, 10.358345176629875, 8.10480763374912, 9.386700317070243, 8.705866995533254, 7.8758631276174835, 11.197414382337334, 8.029525366145942, 7.275476688589154, 9.693905703844091, 9.210909334893941, 10.222657962378205, 6.335053596778902, 10.660751233217216, 10.851777979411093, 6.614923803653237, 11.244246813820908, 8.199569242326593, 10.913086642761042, 10.734210523447835, 8.864048373404792, 8.467600622167197, 10.87700131279501, 10.123833708130764, 9.141461004267192, 7.71127547960483]}]}