{"tests_qot": [{"osnr_load_qot_54": [9.808280406691601, 9.809414966919164, 9.81168319840631, 9.815083325537108, 9.817348598692593, 9.818480792253364, 9.819612690674784, 9.820744294110662, 9.821875602714705, 9.82413733604146, 9.825267761070975, 9.826397891882237, 9.827527728628361, 9.828657271462326, 9.83091547600505, 9.833172506731898, 9.83542836486239, 9.838809956103098, 9.839936568203075, 9.841062888065816, 9.843314651685677, 9.844440095745558, 9.845565248173717, 9.846690109121228, 9.847814678739086, 9.848938957178111, 9.850062944589045, 9.852310046929011, 9.854555986962506, 9.855678521489912, 9.856800765891176, 9.857922720316225, 9.859044384914833, 9.862407641248412, 9.863528148037018, 9.86464836574646, 9.865768294525846, 9.86688793452417, 9.871363609682625, 9.873599718440765, 9.875834676233383, 9.876951723887743, 9.878068484244622, 9.879184957451757, 9.880301143656768, 9.881417043007147, 9.88476302140384, 9.885877774808465, 9.886992242094262, 9.888106423408065, 9.891447252984007, 9.892560291875764, 9.893673045527956, 9.8947855140867]}, {"gosnr_load_qot_54": [9.444775393209243, 9.414802180071689, 9.545186497584536, 9.542054827166016, 9.470412555045929, 9.400543371899147, 9.437457605624136, 9.533152864905258, 9.530231454070664, 9.533067751021553, 9.549659975586296, 9.449478206436785, 9.391886076135116, 9.528378807619918, 9.490336419202825, 9.492070239403807, 9.412831304068034, 9.462236239311139, 9.46298850294706, 9.424620920581594, 9.414570942195983, 9.434484501485993, 9.553614664382977, 9.59125114278086, 9.439611559575388, 9.430497038616858, 9.450475447977713, 9.500451236676914, 9.408532113772095, 9.403358809439881, 9.49020286754313, 9.442671233821, 9.414399443685657, 9.495292361995448, 9.502606418579369, 9.437120587604326, 9.393137215784897, 9.429989835899876, 9.435925335385566, 9.40507886753788, 9.462076692028255, 9.476074507567171, 9.390036253289468, 9.461643853979421, 9.487330343844327, 9.455364830503779, 9.44476013382759, 9.417557415395608, 9.544308004733198, 9.50803892994233, 9.522703167902005, 9.44808132408834, 9.517956064232116, 9.42581882382067]}]}