{"tests_qot": [{"osnr_load_qot_81": [9.804874946213792, 9.80601039649401, 9.807145549934894, 9.808280406691601, 9.809414966919164, 9.810549230772468, 9.81168319840631, 9.812816869975357, 9.813950245634151, 9.815083325537108, 9.816216109838528, 9.817348598692593, 9.818480792253364, 9.819612690674784, 9.820744294110662, 9.821875602714705, 9.823006616640487, 9.82413733604146, 9.825267761070975, 9.826397891882237, 9.827527728628361, 9.828657271462326, 9.829786520536969, 9.83091547600505, 9.832044138019203, 9.833172506731898, 9.834300582295532, 9.83542836486239, 9.836555854584608, 9.837683051614203, 9.838809956103098, 9.839936568203075, 9.841062888065816, 9.842188915842872, 9.843314651685677, 9.844440095745558, 9.845565248173717, 9.846690109121228, 9.847814678739086, 9.848938957178111, 9.850062944589045, 9.851186641122522, 9.852310046929011, 9.853433162158922, 9.854555986962506, 9.855678521489912, 9.856800765891176, 9.857922720316225, 9.859044384914833, 9.86016575983672, 9.861286845231417, 9.862407641248412, 9.863528148037018, 9.86464836574646, 9.865768294525846, 9.86688793452417, 9.86800728589031, 9.869126348773017, 9.870245123320945, 9.871363609682625, 9.87248180800646, 9.873599718440765, 9.874717341133707, 9.875834676233383, 9.876951723887743, 9.878068484244622, 9.879184957451757, 9.880301143656768, 9.881417043007147, 9.882532655650296, 9.88364798173346, 9.88476302140384, 9.885877774808465, 9.886992242094262, 9.888106423408065, 9.889220318896577, 9.890333928706399, 9.891447252984007, 9.892560291875764, 9.893673045527956, 9.8947855140867]}, {"gosnr_load_qot_81": [9.307956830900398, 9.351492604449124, 9.290235982870072, 9.289280804102344, 9.29260704279182, 9.286084059686116, 9.292035811615868, 9.28719129804292, 9.354565417813848, 9.287273264005464, 9.395574769869532, 9.29758045150179, 9.332092781052342, 9.28600046964885, 9.286214233146172, 9.417019935264552, 9.328986239514993, 9.435670801881127, 9.342983841429875, 9.301435741117475, 9.291339838049872, 9.335414598863505, 9.285902965981931, 9.37058333757504, 9.295043814323542, 9.290354912239087, 9.311770123344651, 9.298661481132095, 9.28580774788419, 9.309813080164588, 9.521985302084625, 9.28672264401474, 9.361910981469897, 9.302141721912017, 9.29570443173507, 9.31174073582381, 9.304912174767324, 9.29405498290503, 9.448582511548679, 9.403095105305374, 9.346971991776956, 9.285859695049659, 9.38276815298137, 9.28961030357424, 9.320752324970107, 9.288312692014815, 9.334050080195366, 9.285794465655414, 9.287768384471878, 9.292972850225231, 9.320959161926599, 9.28635555401819, 9.293975186320068, 9.302939223224856, 9.297385269377212, 9.31601368230798, 9.308085525609748, 9.299713618465764, 9.288929488992832, 9.286498799873462, 9.391992740391697, 9.287760378643188, 9.300010797704592, 9.313834493379463, 9.28685232223617, 9.32333327920788, 9.291163330367656, 9.326072643998938, 9.342817570080866, 9.463878698937508, 9.32687669348409, 9.374884066101991, 9.296179994706312, 9.304524588573626, 9.318316308581242, 9.306195666016363, 9.288461828005673, 9.315983404294636, 9.356444148228446, 9.33897859918245, 9.368005835011454]}]}