{"tests": [{"osnr_load_27": [9.561179019443069, 9.736553110337596, 9.794576055202942, 10.13814666182366, 10.418480828998879, 10.529096337251602, 10.638845810667764, 10.693396153174554, 10.747730448652568, 10.909438837448729, 11.069209624819358, 11.174649952196525, 11.382963011254475, 11.434507933954784, 11.536959801751205, 11.73932045560802, 12.085350328996473, 12.182336981100008, 12.278494533477904, 12.515284380672968, 12.746972695504567, 12.883562910142688, 12.973622339111335, 13.018353476405913, 13.062886305549725, 13.497435226311321, 13.539825375155704]}, {"gosnr_load_27": [9.709120945162281, 12.387492524924529, 11.992177537179742, 10.512321512281266, 11.334804472860021, 10.9046923478438, 10.394128272691765, 12.878594874425396, 10.47348185866245, 10.052418141530152, 11.544410935764112, 11.208454547119837, 11.893928638883919, 9.498948498974244, 12.218251863744033, 12.378382199204509, 9.652400493318666, 12.919527781376772, 10.578677052330406, 12.497936386605385, 12.377251343488734, 11.004084404262816, 10.758702722622104, 12.425567619816231, 11.828690665056136, 11.166501252663663, 10.302888806914705]}]}