{"tests": [{"osnr_load_54": [11.659462670357776, 11.660597172876985, 11.66286528894744, 11.66626524295322, 11.668530400692052, 11.669662536544497, 11.670794377257598, 11.671925922985162, 11.67305717388089, 11.675318791791032, 11.676449159112249, 11.677579232215214, 11.678709011253044, 11.67983849637871, 11.68209658550487, 11.684353500815162, 11.686609243529116, 11.689990661645037, 11.691117216036758, 11.692243478191248, 11.694495126394624, 11.695620512746265, 11.696745607466186, 11.697870410705473, 11.698994922615096, 11.7001191433459, 11.701243073048612, 11.70349005997215, 11.705735884589224, 11.706858361408425, 11.707980548101496, 11.709102444818347, 11.71022405170877, 11.71358713491779, 11.71470758399822, 11.71582774399949, 11.716947615070705, 11.718067197360861, 11.722542641686683, 11.724778635028528, 11.727013477404881, 11.728130467351104, 11.729247169999855, 11.730363585498864, 11.731479713995752, 11.732595555638008, 11.73594136091037, 11.737056056606889, 11.73817046618459, 11.73928458979029, 11.742625246241962, 11.743738227425645, 11.744850923369757, 11.745963334220427]}, {"gosnr_load_54": [11.296218387059644, 11.2662813290507, 11.396468594650049, 11.393427758416987, 11.321834619962178, 11.252025802507548, 11.288874850014157, 11.384530159322663, 11.381616782792378, 11.384429851068159, 11.401000562875756, 11.300927519312065, 11.243379383797958, 11.379678102220243, 11.341760301750698, 11.343472299280828, 11.264282384355571, 11.313642953395956, 11.314437608121299, 11.27609017519809, 11.266013004742852, 11.285907492412164, 11.404971944838724, 11.442568412149214, 11.29106970323192, 11.281944522510777, 11.301937536090474, 11.351808187671836, 11.25998570984915, 11.254842714386058, 11.341569235015026, 11.29410257361476, 11.265840523487967, 11.346711768258213, 11.354011660786465, 11.288582703273878, 11.244631434572918, 11.281434384772666, 11.287373682843103, 11.256537537208487, 11.313461059492004, 11.327479564210627, 11.24153279129864, 11.313072381083515, 11.338747167887606, 11.306819084035798, 11.296176150403458, 11.269032306457722, 11.395587474018127, 11.359389517073561, 11.374015131337272, 11.299544958444653, 11.369347266138455, 11.277245764152681]}]}