{"tests": [{"osnr_load_81": [11.656057383004994, 11.65719277557685, 11.658327871309375, 11.659462670357728, 11.660597172876933, 11.66173137902189, 11.662865288947389, 11.663998902808094, 11.665132220758549, 11.666265242953171, 11.667397969546265, 11.668530400692003, 11.66966253654445, 11.67079437725755, 11.67192592298511, 11.67305717388084, 11.674188130098313, 11.675318791790982, 11.676449159112197, 11.677579232215162, 11.678709011252993, 11.679838496378657, 11.68096768774502, 11.68209658550482, 11.683225189810686, 11.684353500815114, 11.685481518670478, 11.68660924352907, 11.687736675543018, 11.688863814864348, 11.689990661644988, 11.691117216036712, 11.6922434781912, 11.693369448260007, 11.694495126394575, 11.695620512746217, 11.696745607466138, 11.697870410705423, 11.698994922615045, 11.700119143345848, 11.701243073048564, 11.70236671187382, 11.703490059972099, 11.704613117493798, 11.705735884589172, 11.706858361408376, 11.707980548101444, 11.709102444818296, 11.71022405170872, 11.711345368922412, 11.712466396608932, 11.713587134917741, 11.71470758399817, 11.715827743999439, 11.716947615070655, 11.718067197360813, 11.719186491018789, 11.720305496193342, 11.72142421303311, 11.722542641686637, 11.723660782302328, 11.724778635028478, 11.72589620001329, 11.727013477404828, 11.728130467351054, 11.729247169999805, 11.730363585498814, 11.731479713995704, 11.732595555637959, 11.733711110572994, 11.734826378948053, 11.73594136091032, 11.737056056606841, 11.738170466184537, 11.739284589790241, 11.740398427570662, 11.74151197967239, 11.742625246241914, 11.743738227425595, 11.744850923369707, 11.745963334220377]}, {"gosnr_load_81": [11.159563685348157, 11.203068515141588, 11.141822642606378, 11.140869654359713, 11.144188810325236, 11.137683246091267, 11.143646581274316, 11.13878585991092, 11.20606220049202, 11.138881343551187, 11.247023026223207, 11.14915330642867, 11.18368440973085, 11.137605417412198, 11.137820078925618, 11.26853220507908, 11.180580155395978, 11.287163339504435, 11.194494747908037, 11.153045235120324, 11.142924142343944, 11.187003702290765, 11.137503486117497, 11.222060967146952, 11.14665467374926, 11.141965265431612, 11.16337505001521, 11.150271760320514, 11.137409506909302, 11.161419026182903, 11.373382405856074, 11.138318857509956, 11.213477653143231, 11.153707248395502, 11.147280500233824, 11.163292192510287, 11.156473490805825, 11.145634012920208, 11.299969219657173, 11.25462176696846, 11.198551756495362, 11.13746366432573, 11.234315134464852, 11.141220343154103, 11.172351903294002, 11.13992189362319, 11.185572118607732, 11.137397373121411, 11.13936117471856, 11.14458372193733, 11.172498083790334, 11.137953306807301, 11.145586088316794, 11.154548196746195, 11.148995819258008, 11.167616207540137, 11.159642181310392, 11.151282973510511, 11.140539144798575, 11.138105465637224, 11.24353061606593, 11.13936905510043, 11.151620725859742, 11.165438282553623, 11.138459732016115, 11.174931150715913, 11.142773927008582, 11.177668633885736, 11.194400782393004, 11.31534065052735, 11.17840787982366, 11.22643865193885, 11.147790737324277, 11.156132951594376, 11.16991743387538, 11.157803324290409, 11.14005271779554, 11.167529004418482, 11.2080157260589, 11.190564909339308, 11.21956690083588]}]}