{"tests": [{"osnr_load_27": [6.613349365725522, 6.897163055130884, 6.990779069404195, 7.542042482414274, 7.987705116335104, 8.16246557033134, 8.335221374161838, 8.420847458586248, 8.505972404099767, 8.758341936734727, 9.006209090872723, 9.168957768305345, 9.488484671424656, 9.567126631411568, 9.722928591651781, 10.028631871344425, 10.544874065494449, 10.688043854376053, 10.829312497475449, 11.174256391599194, 11.507632308264304, 11.70220959931627, 11.82969341347042, 11.89277171323565, 11.955410661411449, 12.558160969018882, 12.616126371356415]}, {"gosnr_load_27": [6.93130237065978, 10.888484128125464, 10.46434093515211, 8.274071543278689, 9.516734905550326, 8.856956450484102, 8.054565219407635, 11.335363388153981, 8.201891327296154, 7.4766206963096815, 9.81598640762017, 9.345073854856874, 10.331311098788362, 6.5704189620537985, 10.762106980828271, 10.953666723144277, 6.839261408048397, 11.382414995537246, 8.366290855389117, 11.027349334137782, 10.853900994366047, 9.010135157488836, 8.62658875828261, 10.983809844564021, 10.234796329195802, 9.277908073059724, 7.896292091022936]}]}