{"tests": [{"osnr_load_54": [9.929346627862346, 9.930481185020618, 9.932749410369183, 9.936149528292113, 9.938414795309022, 9.939546985800504, 9.940678881152635, 9.941810481519225, 9.942941787053977, 9.945203514242158, 9.946333936202386, 9.947464063944361, 9.948593897621198, 9.94972343738587, 9.951981635790023, 9.954238660378302, 9.956494512370217, 9.959876094403066, 9.96100270343376, 9.962129020227213, 9.964380777708504, 9.965506218699097, 9.96663136805797, 9.9677562259362, 9.968880792484772, 9.970005067854512, 9.971129052196163, 9.97337614839756, 9.97562208229249, 9.976744613750606, 9.977866855082587, 9.978988806438355, 9.98011046796768, 9.98347371509341, 9.984594218812736, 9.985714433452896, 9.986834359162996, 9.987953996092036, 9.992429658973364, 9.994665761592941, 9.996900713247, 9.998017757832079, 9.999134515119678, 10.000250985257534, 10.001367168393262, 10.002483064674362, 10.005829033863218, 10.006943784198562, 10.008058248415079, 10.0091724266596, 10.012513247027709, 10.013626282850186, 10.014739033433104, 10.015851498922565]}, {"gosnr_load_54": [9.566430859325, 9.536502595698863, 9.666638149072414, 9.663628074683677, 9.59204301771375, 9.522246488674547, 9.559077610015475, 9.65473087451742, 9.65181989349761, 9.65462534534448, 9.671190727029263, 9.571142726266412, 9.513602767014584, 9.649851482530691, 9.61197174657938, 9.613676472084205, 9.53449378944271, 9.5838450955768, 9.584654378299904, 9.546309226727223, 9.536221525849232, 9.556111865016668, 9.675168322413509, 9.712755745765948, 9.561286748036789, 9.55215681453273, 9.572157244463336, 9.621997915084387, 9.530197462977881, 9.525064242520383, 9.611760940488146, 9.564310795615118, 9.536048687040498, 9.616922282693324, 9.62421821162994, 9.558800810064682, 9.514855279396446, 9.551645609313645, 9.557586924233432, 9.526750617151498, 9.583655519263644, 9.597682817115246, 9.511757061835544, 9.583281931655339, 9.608955825788794, 9.57703669679107, 9.566379369727397, 9.539252443221185, 9.665756018887045, 9.629577990336905, 9.644192158297887, 9.569764907889983, 9.639550882465068, 9.547450449019836]}]}