{"tests": [{"osnr_load_81": [9.92594117659235, 9.927076623803279, 9.928211774174873, 9.92934662786229, 9.93048118502056, 9.931615445804576, 9.932749410369128, 9.933883078868885, 9.93501645145839, 9.936149528292058, 9.937282309524191, 9.938414795308967, 9.939546985800446, 9.94067888115258, 9.94181048151917, 9.94294178705392, 9.944072797910415, 9.9452035142421, 9.946333936202326, 9.947464063944304, 9.94859389762114, 9.949723437385812, 9.950852683391174, 9.951981635789966, 9.95311029473483, 9.954238660378245, 9.955366732872587, 9.956494512370162, 9.957621999023093, 9.958749192983396, 9.959876094403011, 9.961002703433703, 9.962129020227156, 9.96325504493492, 9.964380777708447, 9.96550621869904, 9.966631368057913, 9.967756225936144, 9.968880792484715, 9.970005067854457, 9.971129052196105, 9.972252745660297, 9.9733761483975, 9.97449926055813, 9.975622082292432, 9.976744613750553, 9.977866855082532, 9.978988806438297, 9.980110467967622, 9.981231839820229, 9.982352922145644, 9.983473715093357, 9.984594218812678, 9.98571443345284, 9.986834359162938, 9.987953996091983, 9.98907334438884, 9.990192404202267, 9.991311175680913, 9.99242965897331, 9.993547854227867, 9.994665761592884, 9.995783381216551, 9.996900713246944, 9.998017757832024, 9.999134515119621, 10.000250985257477, 10.001367168393207, 10.002483064674305, 10.003598674248178, 10.00471399726206, 10.005829033863158, 10.006943784198503, 10.008058248415024, 10.009172426659546, 10.010286319078784, 10.011399925819322, 10.012513247027652, 10.013626282850133, 10.014739033433049, 10.015851498922512]}, {"gosnr_load_81": [9.429816098811214, 9.473315432803188, 9.412066062870231, 9.411113714611448, 9.414430829067301, 9.407930478926954, 9.41389847928357, 9.409031635662645, 9.476282345812157, 9.409131764517921, 9.517231400120851, 9.419392848529824, 9.45393443162669, 9.40785461629179, 9.408069610634517, 9.538765095610255, 9.450830596536697, 9.557391704202109, 9.464718369757678, 9.423297791890592, 9.413166883404676, 9.457253248897388, 9.407751155267915, 9.49227644087916, 9.416906953081027, 9.41221682484175, 9.433627248430238, 9.420524262575295, 9.4076575898409, 9.431671345196834, 9.64358854070493, 9.408565145128767, 9.483722634314454, 9.423944809658723, 9.417520925595248, 9.433526050872064, 9.42670993177082, 9.415875261604764, 9.570162849948868, 9.524857926082282, 9.468799462229295, 9.40771251127164, 9.50455583828854, 9.411471708313313, 9.442603319801849, 9.410172820354358, 9.455798505995133, 9.407645848347899, 9.409606410078501, 9.414835764116336, 9.442728723498305, 9.40820007959242, 9.415838257687124, 9.424800750582444, 9.419248265465729, 9.437868079262316, 9.429877395009097, 9.421521564269852, 9.410790299087218, 9.408355311654544, 9.51376929566719, 9.409619737456387, 9.42187326518549, 9.435690332521311, 9.408709874315296, 9.445182284647696, 9.413025664054654, 9.447919444073296, 9.464649180534103, 9.585561933941687, 9.448636561223667, 9.496681026562243, 9.418043109066653, 9.426385481252952, 9.4401690953091, 9.428055807536058, 9.410297382134472, 9.437761351120304, 9.478261742943433, 9.460813917561337, 9.489810681607436]}]}