{"tests": [{"osnr_load_27": [12.44850117719709, 12.553557981716086, 12.588398723743449, 12.795577623338122, 12.965792853678654, 13.033262074415891, 13.100379904673705, 13.133807286964673, 13.167147110445555, 13.26664222286955, 13.365352939175528, 13.430725703724033, 13.560432621241672, 13.592643622497643, 13.656807548992653, 13.784106378485426, 14.003598092848009, 14.065547857691262, 14.127160786486852, 14.279726471918515, 14.430210698185908, 14.519509472830785, 14.57863116908377, 14.60806921347896, 14.637425587485653, 14.926530948533118, 14.95499905869859]}, {"gosnr_load_27": [12.470686830358769, 14.1578971309259, 13.881938127531585, 12.91589751344409, 13.451964301007832, 13.18283086441965, 12.868047670756992, 14.543201237702636, 12.900222800122405, 12.685574717267109, 13.595799367995326, 13.357914579362102, 13.813276366758762, 12.361668488912647, 14.040205549786736, 14.150398099321658, 12.436676954311288, 14.57291441597083, 12.966190785574128, 14.238347272884065, 14.15175764185596, 13.245229177149264, 13.094315716296265, 14.183591205638336, 13.774747253910087, 13.333904294217172, 12.822614188594969]}]}