{"tests": [{"osnr_load_54": [13.718602975226808, 13.71973737687437, 13.722005291201569, 13.725404942592531, 13.727669898588209, 13.728801933569091, 13.729933673410635, 13.731065118266656, 13.732196268290851, 13.734457684457954, 13.735587950907668, 13.736717923139139, 13.73784760130549, 13.738976985559678, 13.741234872942925, 13.743491586510338, 13.745747127481462, 13.749128242983197, 13.75025469650355, 13.751380857786675, 13.753632304247354, 13.754757589727667, 13.755882583576264, 13.757007285944244, 13.75813169698256, 13.759255816842073, 13.760379645673504, 13.76262643085451, 13.764872053729086, 13.76599442967706, 13.767116515498907, 13.768238311344543, 13.769359817363771, 13.77272259795924, 13.77384294616851, 13.774963005298629, 13.776082775498708, 13.777202256917732, 13.781677297759128, 13.783913089358823, 13.786147729993068, 13.787264619068246, 13.788381220845967, 13.789497535473958, 13.790613563099834, 13.791729303871092, 13.795074806530515, 13.796189401356072, 13.797303710062822, 13.798417732797583, 13.801758086636493, 13.802870966949282, 13.803983562022498, 13.80509587200229]}, {"gosnr_load_54": [13.35512605030899, 13.325200712235416, 13.455328628494378, 13.452306865912822, 13.380734283329186, 13.310947898811982, 13.34777829252806, 13.44341147348932, 13.44050017335894, 13.443308064520476, 13.459871919714361, 13.359835798156087, 13.302304944643673, 13.438544137603417, 13.400657438003075, 13.4023647111297, 13.323196298581397, 13.372540657436396, 13.373343889118603, 13.335006121836164, 13.324924821878046, 13.344812540680863, 13.463846136953803, 13.501428811832577, 13.349981215655852, 13.340855163399867, 13.360848288504542, 13.410690132687078, 13.318900755285101, 13.31376471038283, 13.40045460600669, 13.353008152567277, 13.324752163837672, 13.405607264008111, 13.412903185354093, 13.347495388608372, 13.303557003678003, 13.340344497232676, 13.346283719218503, 13.315454116369217, 13.37235420784385, 13.386374919944664, 13.30045927779527, 13.371974640472533, 13.397643296184377, 13.365727524036126, 13.355078288155777, 13.327950422073723, 13.45444709920952, 13.418269047851885, 13.432884597050187, 13.358456373628151, 13.428233664608399, 13.336152868294251]}]}