{"tests": [{"osnr_load_81": [13.715197990489024, 13.716333282189208, 13.717468277050074, 13.718602975226768, 13.719737376874328, 13.720871482147652, 13.72200529120153, 13.723138804190622, 13.724272021269467, 13.725404942592492, 13.726537568314004, 13.727669898588168, 13.72880193356905, 13.729933673410592, 13.731065118266613, 13.732196268290814, 13.733327123636755, 13.734457684457917, 13.735587950907629, 13.7367179231391, 13.737847601305447, 13.738976985559635, 13.740106076054538, 13.741234872942885, 13.742363376377305, 13.743491586510297, 13.744619503494246, 13.745747127481422, 13.746874458623967, 13.748001497073902, 13.749128242983158, 13.75025469650351, 13.751380857786637, 13.752506726984093, 13.753632304247315, 13.754757589727626, 13.755882583576224, 13.757007285944203, 13.758131696982517, 13.759255816842032, 13.760379645673464, 13.761503183627443, 13.76262643085447, 13.763749387504912, 13.764872053729043, 13.765994429677018, 13.767116515498866, 13.7682383113445, 13.769359817363728, 13.770481033706227, 13.771601960521567, 13.772722597959199, 13.773842946168472, 13.774963005298588, 13.776082775498665, 13.777202256917693, 13.778321449704551, 13.77944035400799, 13.780558969976655, 13.781677297759089, 13.782795337503696, 13.783913089358784, 13.785030553472534, 13.786147729993026, 13.787264619068207, 13.78838122084593, 13.789497535473918, 13.790613563099793, 13.791729303871051, 13.792844757935093, 13.793959925439179, 13.795074806530472, 13.796189401356031, 13.797303710062781, 13.798417732797542, 13.799531469707034, 13.800644920937842, 13.801758086636454, 13.802870966949241, 13.80398356202246, 13.805095872002253]}, {"gosnr_load_81": [13.218524366915938, 13.262016735696829, 13.200781659569936, 13.19982925324469, 13.203146494404624, 13.196645408094774, 13.202610288011805, 13.197746920148477, 13.264993772500793, 13.197845162394419, 13.30593882953973, 13.208108470577711, 13.242638585886084, 13.196568771655722, 13.196783587439025, 13.32745805695012, 13.23953523702523, 13.346082467320207, 13.253430849244607, 13.212007369031276, 13.201882522845933, 13.24595689357869, 13.196465946628997, 13.280986345740631, 13.205617979531958, 13.200929121037559, 13.222334802930645, 13.2092344424734, 13.196372234542654, 13.220379261899831, 13.432269421855372, 13.197280321431656, 13.272422506798236, 13.212660274019566, 13.206236584618358, 13.22224099269651, 13.215425266528877, 13.204590934188733, 13.35886480012017, 13.313552561862824, 13.257501405147242, 13.196426837650526, 13.293252992442117, 13.200184238216938, 13.23130930145667, 13.198885797681362, 13.244511759401366, 13.196360337939549, 13.198321791579877, 13.203547318984798, 13.231443023522637, 13.196915137251652, 13.204549551835214, 13.213510013981047, 13.207958734982812, 13.226574873981997, 13.218592558344168, 13.210237122743813, 13.199503056039017, 13.197069102574243, 13.302465294091125, 13.198332928446666, 13.210583147718353, 13.2243975133012, 13.19742347220857, 13.233887836941742, 13.20173771987106, 13.236624549889726, 13.253351723564602, 13.374249434743072, 13.237350403704003, 13.285379189043878, 13.206753860698905, 13.215094422189752, 13.228875490684022, 13.216764416868859, 13.199012848667323, 13.226476010273222, 13.26696235878557, 13.249517026365286, 13.278509742013105]}]}