{"tests_qot": [{"osnr_load_qot_27": [5.752898105769118, 6.076747303001798, 6.183462842732146, 6.810702634744121, 7.31619378923283, 7.5139871580546895, 7.709259408943705, 7.805949616269835, 7.90200912534608, 8.186404399667493, 8.465130572173269, 8.647804909955363, 9.005637130614272, 9.093534939868112, 9.267466473714657, 9.607912718233777, 10.180182261378139, 10.338269862743585, 10.493983064082169, 10.87301315752714, 11.237676051098134, 11.44973448052786, 11.588352331544733, 11.656844966021328, 11.72479796879128, 12.375429452171069, 12.437683124574432]}, {"gosnr_load_qot_27": [6.1294744277438955, 10.477788277586145, 10.093546738412302, 7.666888217742093, 9.056844514725416, 8.318195685575285, 7.411934563283545, 10.83090831642141, 7.5830590159609015, 6.749491635655616, 9.385661657294266, 8.869839595240824, 9.95091389510086, 5.713964865105733, 10.407667906139672, 10.596078070049742, 6.024395876136576, 10.87663692199631, 7.76871232404549, 10.621268772336252, 10.428348493983489, 8.490141963428707, 8.058154349813183, 10.607013183284062, 9.845824272860854, 8.794124329359937, 7.22991676586492]}]}