{"tests_qot": [{"osnr_load_qot_54": [9.502218329601849, 9.503352897217695, 9.50562114348142, 9.509021292777076, 9.511286580709136, 9.512418781658196, 9.513550687467898, 9.514682298292064, 9.515813614284387, 9.518075362387714, 9.51920579480551, 9.52033593300506, 9.521465777139465, 9.522595327361712, 9.524853546681, 9.52711059218441, 9.529366465091464, 9.532748078497011, 9.533874697985267, 9.535001025236285, 9.537252803632704, 9.53837825508086, 9.539503414897297, 9.540628283233087, 9.541752860239223, 9.542877146066521, 9.544001140865731, 9.546248257982251, 9.548494212792294, 9.549616754707973, 9.550739006497512, 9.551860968310832, 9.552982640297715, 9.556345918796112, 9.557466432972987, 9.558586658070698, 9.559706594238358, 9.560826241624952, 9.565301946336483, 9.56753806987116, 9.569773042440314, 9.570890097482941, 9.57200686522809, 9.57312334582349, 9.574239539416766, 9.575355446155411, 9.578701446716902, 9.57981620750979, 9.580930682183853, 9.582044870885916, 9.585385722626647, 9.586498768906669, 9.587611529947118, 9.588724005894123]}, {"gosnr_load_qot_54": [9.138940665885412, 9.108982320330613, 9.239283892024243, 9.23619350265941, 9.164569681839685, 9.09472423688678, 9.131610726801576, 9.227293034493348, 9.224375127491902, 9.227200981272206, 9.243784315122035, 9.143646620295149, 9.086071437172784, 9.222483112347703, 9.184495473825125, 9.186219430207824, 9.106998527184365, 9.156385910900056, 9.157157562627532, 9.118797078941052, 9.108734144168864, 9.12864008309454, 9.247746844169834, 9.285367180853122, 9.133783464263095, 9.124663581117902, 9.144649746871124, 9.194580303870222, 9.102700251844807, 9.097540499714093, 9.18433566546773, 9.136831072715777, 9.108562187835215, 9.189449647666253, 9.196757644833857, 9.131294169073264, 9.087323060232414, 9.12415501125732, 9.130092568003302, 9.099249133969575, 9.156216156083673, 9.170224183567484, 9.08422298871319, 9.155803448269467, 9.181486011014623, 9.149535821625301, 9.138913093564883, 9.11173576205617, 9.238404150713107, 9.202165513280542, 9.216812938499224, 9.14225619763347, 9.212101734609115, 9.119975735697736]}]}