{"tests_qot": [{"osnr_load_qot_81": [9.498812846959169, 9.499948304627676, 9.50108346545685, 9.502218329601849, 9.503352897217695, 9.504487168459288, 9.50562114348142, 9.506754822438756, 9.507888205485836, 9.509021292777076, 9.510154084466784, 9.511286580709136, 9.512418781658196, 9.513550687467898, 9.514682298292064, 9.515813614284387, 9.516944635598456, 9.518075362387714, 9.51920579480551, 9.52033593300506, 9.521465777139465, 9.522595327361712, 9.523724583824634, 9.524853546681, 9.525982216083435, 9.52711059218441, 9.528238675136325, 9.529366465091464, 9.530493962201959, 9.531621166619837, 9.532748078497011, 9.533874697985267, 9.535001025236285, 9.536127060401618, 9.537252803632704, 9.53837825508086, 9.539503414897297, 9.540628283233087, 9.541752860239223, 9.542877146066521, 9.544001140865731, 9.545124844787486, 9.546248257982251, 9.547371380600433, 9.548494212792294, 9.549616754707973, 9.550739006497512, 9.551860968310832, 9.552982640297715, 9.554104022607874, 9.555225115390842, 9.556345918796112, 9.557466432972987, 9.558586658070698, 9.559706594238358, 9.560826241624952, 9.561945600379358, 9.56306467065034, 9.564183452586537, 9.565301946336483, 9.56642015204859, 9.56753806987116, 9.568655699952371, 9.569773042440314, 9.570890097482941, 9.57200686522809, 9.57312334582349, 9.574239539416766, 9.575355446155411, 9.576471066186823, 9.577586399658257, 9.578701446716902, 9.57981620750979, 9.580930682183853, 9.582044870885916, 9.58315877376269, 9.584272390960773, 9.585385722626647, 9.586498768906669, 9.587611529947118, 9.588724005894123]}, {"gosnr_load_qot_81": [9.002189522759599, 9.045713492344111, 8.984458521391614, 8.983504291936784, 8.986827473757359, 8.980312096136135, 8.986269448347631, 8.981417282331295, 9.048750357648746, 8.981505421776971, 9.089739769468883, 8.991797077650677, 9.026319806474598, 8.980231131045464, 8.980445315644927, 9.111215311795855, 9.023214143326182, 9.129858188367331, 9.03717460775914, 8.995669292385788, 8.98556135984938, 9.02964064885176, 8.980131601570546, 9.064760395581162, 8.989277650856588, 8.984588270195717, 9.006002137524375, 8.992895244030137, 8.980036943854907, 9.004045455801046, 9.216133890157662, 8.980949357359725, 9.05612821105289, 8.996355244713307, 8.989922425359174, 9.005948345880135, 8.999123922633744, 8.98827424097864, 9.142722304280511, 9.097296294756648, 9.041194396783363, 8.980089902466679, 9.07697751784551, 8.983843479119448, 9.014982375066115, 8.982545416682798, 9.02824545030205, 8.980024185048315, 8.98199359066145, 8.98720658299919, 9.015161540659, 8.980582950509895, 8.988208985841455, 8.997172616505019, 8.991619088354717, 9.010244825653613, 9.0022953146564, 8.993928760112732, 8.983162453478254, 8.98073027159554, 9.086198447263984, 8.981992834517111, 8.994244471743192, 9.008066097922502, 8.981084152147888, 9.017562687532394, 8.98539684208861, 9.020301339283382, 9.037041326518235, 9.1580536704305, 9.02107585652629, 9.069096476883512, 8.990413837954133, 8.998757787145163, 9.012546935276998, 9.000428631437192, 8.98268620343943, 9.01018856660799, 9.050663323817394, 9.03320356447579, 9.062220833363305]}]}