{"tests": [{"osnr_load_27": [5.986825286783222, 6.299409116019135, 6.402440292475738, 7.008330298933764, 7.497037805005055, 7.6883780005037, 7.877346836304606, 7.970941642675232, 8.0639433455797, 8.33939100828861, 8.60950832150299, 8.786631314174361, 9.133809801808448, 9.219137231119303, 9.388038926875794, 9.71886541867579, 10.27568365226633, 10.429672011525552, 10.58142269602537, 10.95113066018648, 11.307276910437444, 11.514595755417883, 11.65020270786578, 11.717233515224148, 11.783753308746547, 12.421548256751242, 12.482659863493176]}, {"gosnr_load_27": [6.348425845214405, 10.575468875585393, 10.189204002142496, 7.831864911951117, 9.179587727766117, 8.463467676532975, 7.586502556789089, 10.946513822820688, 7.751194837245591, 6.947359638829083, 9.499761890056934, 8.997144661678979, 10.049621012102392, 5.947981137689206, 10.497631110844223, 10.684666296349203, 6.247010276427866, 10.991763474986145, 7.930823320466023, 10.71690417432517, 10.528583893068514, 8.630081312731999, 8.211783780745566, 10.698438493527362, 9.947416866319141, 8.923878632640337, 7.41099015465026]}]}