{"tests": [{"osnr_load_54": [9.614938424306445, 9.616072989261625, 9.61834123020401, 9.621741371517661, 9.624006654128383, 9.625138852416775, 9.626270755565809, 9.627402363729306, 9.628533677060961, 9.63079541984295, 9.631925849600082, 9.633055985138965, 9.6341858266127, 9.63531537417428, 9.637573588172238, 9.639830628354314, 9.642086495940033, 9.645468101363582, 9.64659471819117, 9.647721042781525, 9.64997281585661, 9.651098264644101, 9.65222342179987, 9.653348287474998, 9.65447286182047, 9.655597144987103, 9.65672113712565, 9.658968248920837, 9.661214198409557, 9.662336737664566, 9.66345898679344, 9.664580945946097, 9.665702615272318, 9.669065885788722, 9.670186397304937, 9.671306619741987, 9.67242655324898, 9.673546197974908, 9.678021892043791, 9.680258010257143, 9.682492977504975, 9.683610029886939, 9.684726794971429, 9.685843272906165, 9.686959463838782, 9.688075367916763, 9.691421360496273, 9.692536118628498, 9.6936505906419, 9.694764776683304, 9.698105620442053, 9.699218664061416, 9.70033142244121, 9.701443895727552]}, {"gosnr_load_54": [9.252214859652362, 9.22229871934722, 9.352366705554072, 9.349390513912217, 9.27782040207034, 9.208043167689329, 9.244851612892388, 9.340494514901826, 9.337586402252214, 9.340383288149571, 9.356941418082656, 9.256929318879664, 9.199403113573704, 9.335585664032651, 9.297750770157439, 9.299447402001217, 9.220279301840952, 9.26961633585666, 9.270441539194119, 9.232102108379207, 9.222003741530347, 9.241887879675826, 9.360925461777184, 9.39849974149163, 9.247076179123182, 9.237941817436763, 9.25794867183391, 9.3077523468645, 9.215983714630777, 9.210861606977875, 9.297518406143732, 9.250090328639383, 9.22183052634813, 9.302699867952333, 9.309990842660376, 9.244591610906044, 9.200656026340624, 9.237429488302539, 9.24337250895748, 9.212538606696551, 9.269418378413292, 9.283454100082992, 9.197558531738807, 9.269061317198311, 9.294732059599726, 9.26282542203565, 9.252153260538284, 9.225047101889267, 9.351483547888165, 9.315330404440457, 9.329930810980622, 9.25555680035737, 9.325318995682393, 9.233227531640395]}]}