{"tests": [{"osnr_load_81": [9.611532949645717, 9.612668404653554, 9.61380356282206, 9.614938424306388, 9.616072989261566, 9.617207257842493, 9.618341230203955, 9.61947490650062, 9.62060828688703, 9.621741371517604, 9.622874160546646, 9.624006654128328, 9.625138852416718, 9.626270755565754, 9.627402363729251, 9.628533677060904, 9.629664695714304, 9.630795419842896, 9.631925849600021, 9.633055985138906, 9.634185826612644, 9.63531537417422, 9.636444627976482, 9.637573588172177, 9.638702254913946, 9.639830628354257, 9.640958708645503, 9.642086495939978, 9.643213990389807, 9.644341192147014, 9.645468101363527, 9.646594718191116, 9.647721042781466, 9.648847075286131, 9.649972815856554, 9.651098264644045, 9.652223421799814, 9.653348287474943, 9.65447286182041, 9.655597144987047, 9.656721137125592, 9.657844838386682, 9.658968248920779, 9.6600913688783, 9.661214198409496, 9.662336737664512, 9.663458986793383, 9.664580945946039, 9.665702615272258, 9.666823994921756, 9.667945085044064, 9.669065885788669, 9.67018639730488, 9.67130661974193, 9.672426553248922, 9.673546197974854, 9.6746655540686, 9.675784621678918, 9.676903400954455, 9.678021892043736, 9.679140095095182, 9.680258010257084, 9.68137563767764, 9.682492977504918, 9.683610029886882, 9.68472679497137, 9.685843272906109, 9.686959463838726, 9.688075367916708, 9.68919098528746, 9.690306316098233, 9.691421360496213, 9.69253611862844, 9.693650590641843, 9.694764776683249, 9.695878676899364, 9.696992291436784, 9.698105620442, 9.699218664061359, 9.700331422441153, 9.701443895727497]}, {"gosnr_load_81": [9.115655078165673, 9.159144838710159, 9.097896657023586, 9.096945085672301, 9.100259699103809, 9.093765576281328, 9.09973819127469, 9.094865050945264, 9.162082243483262, 9.094970249199076, 9.203015038903615, 9.105218607881756, 9.139768823974112, 9.093691868819548, 9.093907209517376, 9.224573735576966, 9.136665701652813, 9.243193835837214, 9.150523019625542, 9.109137459205082, 9.0989966457044, 9.143086849386856, 9.09358674409705, 9.178069911147402, 9.102746837288114, 9.098056303369386, 9.11946568170135, 9.10636409613283, 9.093493638553799, 9.117510069942655, 9.329359060950962, 9.094399157784444, 9.169549065001492, 9.109768033216714, 9.10334780270318, 9.119344445571649, 9.112531705451714, 9.101703172491701, 9.255925940975395, 9.210671300187371, 9.154630101443026, 9.09354939064561, 9.190375868802867, 9.09731103504148, 9.128440164795027, 9.096011773342086, 9.141606911470221, 9.093482326818032, 9.095439188012946, 9.100675557509666, 9.128542847906342, 9.094034652199236, 9.101678108605542, 9.11064029225249, 9.10508814160851, 9.123705809028321, 9.115697568929027, 9.107346110476756, 9.096629450665148, 9.0941932309079, 9.19958634816734, 9.095458468235352, 9.107713029440774, 9.121528435050859, 9.094548088643485, 9.131018609710912, 9.098865271032144, 9.13375519112375, 9.15048091803129, 9.271353951289784, 9.13444806141422, 9.182503536285635, 9.103883001868788, 9.112224867350417, 9.126006407118028, 9.113895006729813, 9.096129479799147, 9.123577747542283, 9.164089756468014, 9.146646637148324, 9.175635297011866]}]}