{"tests_qot": [{"osnr_load_qot_81": [27.22125576911843, 27.222385338761903, 27.223514611574306, 27.22464358771078, 27.225772267326363, 27.226900650575956, 27.228028737614345, 27.22915652859619, 27.23028402367603, 27.231411223008294, 27.232538126747286, 27.233664735047178, 27.234791048062025, 27.235917065945785, 27.237042788852253, 27.238168216935144, 27.23929335034803, 27.24041818924437, 27.2415427337775, 27.242666984100644, 27.2437909403669, 27.244914602729242, 27.246037971340535, 27.247161046353522, 27.248283827920822, 27.249406316194932, 27.25052851132825, 27.25165041347303, 27.252772022781425, 27.25389333940546, 27.255014363497047, 27.256135095207974, 27.25725553468992, 27.25837568209444, 27.259495537572963, 27.26061510127682, 27.26173437335721, 27.26285335396522, 27.26397204325181, 27.265090441367835, 27.26620854846403, 27.267326364691012, 27.268443890199272, 27.269561125139205, 27.270678069661063, 27.271794723915008, 27.272911088051064, 27.274027162219152, 27.27514294656907, 27.276258441250505, 27.277373646413025, 27.27848856220608, 27.27960318877901, 27.280717526281034, 27.281831574861258, 27.282945334668675, 27.284058805852162, 27.28517198856047, 27.286284882942255, 27.28739748914604, 27.28850980732025, 27.289621837613176, 27.290733580173008, 27.29184503514782, 27.292956202685566, 27.29406708293409, 27.29517767604113, 27.296287982154293, 27.297398001421087, 27.29850773398889, 27.29961718000499, 27.300726339616542, 27.301835212970595, 27.302943800214084, 27.304052101493824, 27.30516011695654, 27.30626784674881, 27.307375291017127, 27.308482449907856, 27.309589323567266, 27.310695912141483]}, {"gosnr_load_qot_81": [26.809747175769594, 26.848167141019616, 26.788391434025833, 26.787812047478784, 26.789924853458274, 26.786397297236224, 26.7944076276307, 26.786705099593373, 26.837492414440767, 26.78914537572171, 26.870344864018247, 26.79337684966287, 26.831382252582237, 26.787318114672146, 26.787689897906564, 26.903043282191483, 26.828654578524098, 26.91838733421892, 26.82829054966184, 26.803644943925292, 26.789091730304413, 26.834285130687334, 26.786447670180095, 26.850287639852894, 26.79745047118046, 26.792643349416107, 26.813248546443464, 26.800989974344347, 26.78656793467899, 26.811456811662154, 26.98872528900568, 26.786521476859093, 26.85704308354721, 26.796690562261325, 26.792048805068035, 26.8039008640962, 26.798745380701305, 26.790904922373606, 26.913038787937843, 26.891530119840148, 26.8442890326044, 26.787005753027103, 26.874606631901102, 26.791839276827837, 26.821355348942078, 26.790387191606104, 26.82123470278124, 26.786754889677322, 26.786976940899038, 26.795368446190437, 26.810996657747577, 26.786420492470782, 26.79638245692347, 26.805067215570894, 26.79975285062985, 26.817100358304508, 26.801127462371817, 26.79491387783472, 26.791087164340738, 26.788119327325916, 26.88230639093571, 26.78973973554257, 26.802286654004742, 26.815127696576297, 26.7886049023867, 26.823655167232452, 26.793499396821435, 26.826083955588025, 26.840708752619662, 26.941470827550468, 26.81560630551832, 26.867995279632694, 26.79857351680014, 26.806556192402212, 26.81917354357848, 26.80811499183126, 26.787343438916302, 26.80715123346709, 26.852395658516045, 26.837385082188053, 26.862200929823864]}]}