{"tests_qot": [{"osnr_load_qot_27": [7.902067624583861, 8.133301587277723, 8.209680938921922, 8.660604063603111, 9.02672777585702, 9.170720198859199, 9.313309047901994, 9.384077394247074, 9.454495214834647, 9.663647436171999, 9.869652935079895, 10.005245814629355, 10.272259500044305, 10.33814635984883, 10.468883758749591, 10.72622945645777, 11.163447902526018, 11.285326089537808, 11.405864948792871, 11.701401622140203, 11.988738561590708, 12.157261284750206, 12.268012612168853, 12.322912747729024, 12.377497512484144, 12.906283848679696, 12.957485807618474]}, {"gosnr_load_qot_27": [8.140034797209552, 11.514302560347144, 11.081167823562941, 9.22326728078913, 10.2656971916614, 9.714514916598912, 9.051909301046873, 12.016935645609228, 9.166926164239955, 8.587174061572812, 10.523189904784394, 10.115327037458513, 10.963431588654855, 7.851642929462792, 11.34897947959467, 11.532053033205479, 8.065133117938842, 12.062738251660113, 9.302872709033265, 11.642181908478904, 11.494160900720837, 9.842116407958718, 9.524388954213455, 11.576235629351576, 10.88069728148583, 10.060031027005504, 8.925639675908085]}]}