{"tests_qot": [{"osnr_load_qot_54": [10.635975897437772, 10.637110434869264, 10.63937862076427, 10.64277867950687, 10.645043907070233, 10.64617607783494, 10.6473079534603, 10.64843953410012, 10.649570819908107, 10.651832507642752, 10.652962909876214, 10.654093017891421, 10.655222831841495, 10.656352351879407, 10.658610510830037, 10.660867495964798, 10.663123308503202, 10.66650483135579, 10.66763142065973, 10.668757717726434, 10.671009435754229, 10.672134857018076, 10.673259986650205, 10.674384824801688, 10.675509371623518, 10.676633627266515, 10.67775759188142, 10.680004648629339, 10.68225054307079, 10.683373054802177, 10.684495276407425, 10.685617208036458, 10.686738849839053, 10.690102037784591, 10.691222521777181, 10.692342716690618, 10.693462622673994, 10.694582239876311, 10.699057823850751, 10.701293887016888, 10.703528799217516, 10.704645824075879, 10.705762561636762, 10.706879012047906, 10.707995175456924, 10.709111052011313, 10.712456962020042, 10.713571692628683, 10.714686137118495, 10.715800295636313, 10.719141056824313, 10.720254072920092, 10.721366803776311, 10.722479249539077]}, {"gosnr_load_qot_54": [10.27257387625421, 10.242614944634616, 10.372921424449517, 10.3698256348102, 10.29820277098886, 10.228357432724103, 10.265245917415935, 10.360925396050042, 10.358007158854722, 10.360834280211705, 10.3774180069634, 10.277279185544089, 10.219704433453387, 10.356120527787567, 10.318127353126233, 10.319852553168305, 10.240632981316075, 10.290020391533403, 10.290789400010926, 10.252429776812207, 10.242369057368865, 10.262275083211012, 10.381379289775573, 10.418999963253395, 10.267416026904002, 10.258297295263002, 10.278281473393164, 10.328215731928395, 10.236334784775057, 10.23117345263634, 10.317971082417595, 10.270465113420212, 10.242197170666802, 10.323081527746545, 10.330389989395616, 10.264926623904893, 10.220955933002077, 10.257788933190584, 10.263725933145745, 10.232883542645652, 10.28985201710495, 10.303858005083965, 10.217855886610156, 10.289436622542553, 10.31511848959533, 10.283167761206114, 10.272547960621573, 10.245368498056578, 10.37204189358118, 10.335800911387452, 10.350449892452671, 10.2758879602802, 10.34573408898697, 10.25361096559529]}]}