{"tests_qot": [{"osnr_load_qot_81": [10.632570505348184, 10.63370593283233, 10.63484106347714, 10.635975897437772, 10.637110434869264, 10.638244675926497, 10.63937862076427, 10.640512269537252, 10.641645622399981, 10.64277867950687, 10.64391144101223, 10.645043907070233, 10.64617607783494, 10.6473079534603, 10.64843953410012, 10.649570819908107, 10.650701811037832, 10.651832507642752, 10.652962909876214, 10.654093017891421, 10.655222831841495, 10.656352351879407, 10.657481578158004, 10.658610510830037, 10.659739150048143, 10.660867495964798, 10.661995548732389, 10.663123308503202, 10.664250775429378, 10.665377949662933, 10.66650483135579, 10.66763142065973, 10.668757717726434, 10.669883722707452, 10.671009435754229, 10.672134857018076, 10.673259986650205, 10.674384824801688, 10.675509371623518, 10.676633627266515, 10.67775759188142, 10.678881265618873, 10.680004648629339, 10.68112774106323, 10.68225054307079, 10.683373054802177, 10.684495276407425, 10.685617208036458, 10.686738849839053, 10.68786020196492, 10.688981264563608, 10.690102037784591, 10.691222521777181, 10.692342716690618, 10.693462622673994, 10.694582239876311, 10.695701568446445, 10.696820608533148, 10.697939360285071, 10.699057823850751, 10.700175999378587, 10.701293887016888, 10.702411486913837, 10.703528799217516, 10.704645824075879, 10.705762561636762, 10.706879012047906, 10.707995175456924, 10.709111052011313, 10.71022664185847, 10.711341945145652, 10.712456962020042, 10.713571692628683, 10.714686137118495, 10.715800295636313, 10.716914168328843, 10.718027755342685, 10.719141056824313, 10.720254072920092, 10.721366803776311, 10.722479249539077]}, {"gosnr_load_qot_81": [10.135820039403093, 10.179343590183109, 10.118091214477264, 10.11713690096476, 10.120460341979257, 10.113944239320517, 10.119900566621178, 10.11504965098873, 10.182385147779966, 10.115136956420193, 10.223375331643025, 10.125430230206954, 10.159949975389967, 10.113862925013628, 10.114077043226192, 10.24484578271623, 10.15684433729634, 10.263488855029987, 10.170809150358346, 10.129299992240743, 10.11919413925773, 10.16327079572794, 10.113763672438594, 10.198395501963446, 10.122908604786785, 10.118219502740995, 10.139632570377803, 10.126526042402496, 10.113668943700972, 10.137675929838835, 10.349765658137471, 10.114581649352157, 10.18975831778548, 10.129988605876557, 10.123555479802599, 10.139582062199718, 10.132757395601608, 10.121907200772402, 10.276358761205467, 10.23092663758738, 10.174824499852239, 10.11372176391313, 10.210607711643831, 10.11747477019962, 10.148612659412056, 10.116176827642693, 10.161879786278467, 10.113656115105114, 10.11562603762833, 10.120837645541577, 10.148795537021588, 10.114215167375493, 10.121839993598796, 10.130803268758687, 10.125249937570688, 10.14387518077573, 10.135928905604475, 10.127562014715236, 10.116793804028008, 10.114361933846226, 10.21982870223928, 10.115624306837125, 10.127875220317378, 10.141696491102884, 10.114715750094337, 10.15119293945906, 10.119028017031315, 10.153931561011191, 10.170671439955917, 10.291684670425514, 10.154710013026715, 10.202726628497427, 10.124044739030676, 10.132388392960593, 10.146177254074939, 10.134059192029358, 10.116318730482629, 10.143822417317265, 10.18429342247978, 10.166833692705833, 10.19585095701088]}]}