{"tests": [{"osnr_load_27": [7.492631797504879, 7.739679670559838, 7.821246857047376, 8.302412138029396, 8.692568403640697, 8.845874055520785, 8.997604283957612, 9.072878809025656, 9.147759779588, 9.37004324529264, 9.588792917976699, 9.732667244504643, 10.015730405105135, 10.085523066302699, 10.223944773406359, 10.496152795066413, 10.95777712031595, 11.086259552707139, 11.213241285100432, 11.52418956020798, 11.82596616032735, 12.002698431045806, 12.118737742028342, 12.176227149106527, 12.233365067079589, 12.785758715957492, 12.839135422417451]}, {"gosnr_load_27": [7.756536117021962, 11.303425422944635, 10.875704418393, 8.918763700031365, 10.020943077020167, 9.437119405849327, 8.732434699451515, 11.789561766086447, 8.857505243312477, 8.23304996537812, 10.290897126529936, 9.864342989948543, 10.753425551169183, 7.445956762466257, 11.152419549784362, 11.337533456710261, 7.6764837470670475, 11.835480298144539, 9.00197036959211, 11.434535248260989, 11.278266617660073, 9.572408499687313, 9.234841125616573, 11.376688258038278, 10.666697259404696, 9.805473518622437, 8.59631347948483]}]}