{"tests": [{"osnr_load_54": [10.403111322112897, 10.404245866402892, 10.406514066014903, 10.409914145333008, 10.412179386613369, 10.413311564236576, 10.414443446720439, 10.415575034218756, 10.416706326885238, 10.418968028336879, 10.420098437428837, 10.421228552302546, 10.422358373111118, 10.423487900007522, 10.425746072675146, 10.428003071526895, 10.430258897782288, 10.433640441210354, 10.434767037372787, 10.435893341297984, 10.438145073042762, 10.439270501165097, 10.440395637655712, 10.44152048266569, 10.442645036346006, 10.443769298847494, 10.44489327032089, 10.447140340785783, 10.449386248944212, 10.450508767534078, 10.45163099599781, 10.452752934485332, 10.453874583146414, 10.457237791667403, 10.458358282518486, 10.459478484290399, 10.460598397132257, 10.461718021193056, 10.466193632601419, 10.468429709484518, 10.470664635402107, 10.471781667118949, 10.472898411538312, 10.474014868807933, 10.475131039075425, 10.47624692248829, 10.479592853072452, 10.480707590539565, 10.481822041887854, 10.482936207264146, 10.48627698902757, 10.487390011981823, 10.488502749696515, 10.489615202317752]}, {"gosnr_load_54": [10.040640914858955, 10.010749674867949, 10.140680906663782, 10.137769675110155, 10.066232325880147, 9.996496000361777, 10.033258976648991, 10.128876496924804, 10.125974039846376, 10.128754382720688, 10.145297670618096, 10.045360058662805, 9.987863451731492, 10.123911608720144, 10.086164669284006, 10.087845726662179, 10.008710083436068, 10.058016987363958, 10.058872584164112, 10.020546302736818, 10.010428120811596, 10.030299260673242, 10.149293808177418, 10.18684072520319, 10.0355129145603, 10.026370611520683, 10.046388597186633, 10.096118641672454, 10.004416155557248, 9.999315589310346, 10.085891098976598, 10.038507964560957, 10.01025419589801, 10.091110728299544, 10.09839180443469, 10.033031108516969, 9.989117058670525, 10.025856162829907, 10.031802103129447, 10.000974567581897, 10.05780301624625, 10.071854030611025, 9.986021122920116, 10.057477575078039, 10.083140800401136, 10.051259898901057, 10.040559989241176, 10.013495098758531, 10.139795836577308, 10.103692398301533, 10.118265636859057, 10.043997753114223, 10.113710421658492, 10.021641452467025]}]}