{"tests": [{"osnr_load_81": [10.399705909447743, 10.400841343790393, 10.401976481293705, 10.403111322112844, 10.404245866402835, 10.405380114318575, 10.406514066014847, 10.407647721646331, 10.40878108136756, 10.409914145332952, 10.411046913696815, 10.412179386613316, 10.413311564236523, 10.414443446720385, 10.415575034218701, 10.416706326885183, 10.417837324873409, 10.418968028336826, 10.420098437428782, 10.421228552302493, 10.42235837311106, 10.423487900007466, 10.424617133144562, 10.425746072675093, 10.42687471875169, 10.428003071526842, 10.429131131152921, 10.430258897782235, 10.431386371566905, 10.432513552658946, 10.433640441210299, 10.434767037372733, 10.435893341297929, 10.437019353137435, 10.438145073042707, 10.439270501165044, 10.440395637655659, 10.441520482665636, 10.44264503634595, 10.44376929884744, 10.444893270320835, 10.446016950916775, 10.447140340785728, 10.448263440078103, 10.449386248944155, 10.450508767534028, 10.451630995997759, 10.452752934485277, 10.453874583146355, 10.454995942130713, 10.456117011587885, 10.457237791667351, 10.458358282518427, 10.459478484290345, 10.460598397132202, 10.461718021193002, 10.46283735662162, 10.463956403566804, 10.46507516217721, 10.466193632601367, 10.467311814987685, 10.468429709484466, 10.469547316239895, 10.470664635402052, 10.471781667118893, 10.472898411538257, 10.474014868807878, 10.475131039075373, 10.476246922488237, 10.477362519193878, 10.47847782933953, 10.479592853072395, 10.480707590539511, 10.481822041887801, 10.482936207264093, 10.484050086815103, 10.485163680687412, 10.486276989027516, 10.487390011981772, 10.488502749696462, 10.489615202317701]}, {"gosnr_load_81": [9.904194013194232, 9.9476630249858, 9.886420548916123, 9.88547051608101, 9.888780162678932, 9.88229830876483, 9.888279415230294, 9.883394505919794, 9.95054384077603, 9.883509391733615, 9.991443224505385, 9.893732847074961, 9.92829763644872, 9.88222872640113, 9.882444717404233, 10.013048493150992, 9.925196051387427, 10.031655079389408, 9.93899435573007, 9.897678073731612, 9.88751888574199, 9.93161396116059, 9.88212042629495, 9.966518313812376, 9.891288222940043, 9.886597174552685, 9.908003359458714, 9.894905183270971, 9.88202820529242, 9.906048414418777, 10.11775485220535, 9.88292978093409, 9.95806097418919, 9.8982771698457, 9.891864283482343, 9.907843813714608, 9.90103791542547, 9.890221721637788, 10.04431180224216, 9.999155905444216, 9.943150900714938, 9.882085542626715, 9.978874358632016, 9.88585165744539, 9.916974302964437, 9.884551753402615, 9.930085930528866, 9.882017715942883, 9.883967392350176, 9.889216884911837, 9.917033535648999, 9.882566366327064, 9.890219490154777, 9.899180582641618, 9.893629381330328, 9.912241904264032, 9.904200543077257, 9.895857911325097, 9.885169776088556, 9.882731335482179, 9.988078619395184, 9.883998054184772, 9.896253908815957, 9.910065364959928, 9.88308673770649, 9.919551609114931, 9.887406342793243, 9.922286931738908, 9.93900405125859, 10.059794229328766, 9.922933400095822, 9.971007213900057, 9.892424340631923, 9.900764771780963, 9.914541574299243, 9.902434460479373, 9.88465634496036, 9.912073057815478, 9.952605000998766, 9.935171864204982, 9.964143390482272]}]}