{"tests_qot": [{"osnr_load_qot_27": [17.267311947106503, 17.309908802366664, 17.324071106552395, 17.40866163273993, 17.478654158518818, 17.50652465427606, 17.534323113737397, 17.5481953835713, 17.562049708793978, 17.603505231741195, 17.644800027098007, 17.67224088429157, 17.726909757750498, 17.740532759757738, 17.76772585476881, 17.821901011368475, 17.91603406074306, 17.94277262156051, 17.969441899800657, 18.035813114150066, 18.10175507886292, 18.14111533675915, 18.167270483494377, 18.1803226138228, 18.19335781079557, 18.32278317471214, 18.335633523201448]}, {"gosnr_load_qot_27": [17.15617764632285, 17.85750706176303, 17.75427880051502, 17.28134666580165, 17.555798626174468, 17.437952873153662, 17.29963934683292, 18.075640096037503, 17.28744898933205, 17.262714209954723, 17.63547427615768, 17.492554608345753, 17.717109707076897, 17.140976927457004, 17.837041596852128, 17.882933383159717, 17.141853328284483, 18.090713791477672, 17.31854835304518, 17.90378331419763, 17.847585398722764, 17.466167986859706, 17.402037270777726, 17.88765871875885, 17.707132867574103, 17.485637225105876, 17.296668121517477]}]}