{"tests_qot": [{"osnr_load_qot_54": [17.770515400902077, 17.771649390571326, 17.773916480942184, 17.777314896399307, 17.77957902843953, 17.780710651442828, 17.781841979306876, 17.782973012185483, 17.78410375023236, 17.786364342445097, 17.787494196917756, 17.78862375717227, 17.789753023361744, 17.790881995639158, 17.793139059069112, 17.79539494868359, 17.79764966570214, 17.80102954527569, 17.80215558682016, 17.803281336127494, 17.805531958636852, 17.806656832141638, 17.80778141401481, 17.808905704407437, 17.8100297034705, 17.811153411354848, 17.81227682821121, 17.814522789442325, 17.816767588367387, 17.817889552340734, 17.819011226188046, 17.820132610059233, 17.8212537041041, 17.824615248777043, 17.82573518501231, 17.826854832168518, 17.82797419039478, 17.829093259840082, 17.833566652787457, 17.835801620440684, 17.838035437128813, 17.839151914231074, 17.840268104035967, 17.841384006691214, 17.842499622344437, 17.843614951143138, 17.846959217885406, 17.848073400738762, 17.8491872974734, 17.85030090823614, 17.85364002615952, 17.854752494500644, 17.855864677602288, 17.8569765756106]}, {"gosnr_load_qot_54": [17.406088454226285, 17.376210969817382, 17.50609656355621, 17.503152676589384, 17.431664023306187, 17.361969234425846, 17.398723462922472, 17.494266293871565, 17.49136347157974, 17.49415022487715, 17.51068608510291, 17.410800715591478, 17.353340426495674, 17.48933657609876, 17.45157685970171, 17.453264843041055, 17.374184225777242, 17.42346239742663, 17.42430064920625, 17.38600234758755, 17.375904186450335, 17.395764267461008, 17.51467187850677, 17.55219824055847, 17.400959336064375, 17.391829725254944, 17.41182330572569, 17.461547528790867, 17.369893301329846, 17.364785636426433, 17.451325990224838, 17.40396204616156, 17.375730806578712, 17.456519987506436, 17.463799694499073, 17.39847829811969, 17.354592519254318, 17.391316901467057, 17.397255812793087, 17.366452924781942, 17.423257346897287, 17.43728707175637, 17.35149853922752, 17.42291498011038, 17.448558602381112, 17.41669309948481, 17.40601813114547, 17.37895550401458, 17.505213365805538, 17.469116586763835, 17.48369104117359, 17.40943409699525, 17.4791092439871, 17.387112989335137]}]}