{"tests_qot": [{"osnr_load_qot_81": [17.767111652099786, 17.768246531821394, 17.769381114703776, 17.770515400902077, 17.771649390571326, 17.772783083866436, 17.773916480942184, 17.775049581953233, 17.776182387054135, 17.777314896399307, 17.778447110143045, 17.77957902843953, 17.780710651442828, 17.781841979306876, 17.782973012185483, 17.78410375023236, 17.785234193601077, 17.786364342445097, 17.787494196917756, 17.78862375717227, 17.789753023361744, 17.790881995639158, 17.792010674157368, 17.793139059069112, 17.79426715052702, 17.79539494868359, 17.796522453691207, 17.79764966570214, 17.798776584868534, 17.799903211342414, 17.80102954527569, 17.80215558682016, 17.803281336127494, 17.804406793349244, 17.805531958636852, 17.806656832141638, 17.80778141401481, 17.808905704407437, 17.8100297034705, 17.811153411354848, 17.81227682821121, 17.813399954190203, 17.814522789442325, 17.815645334117967, 17.816767588367387, 17.817889552340734, 17.819011226188046, 17.820132610059233, 17.8212537041041, 17.82237450847233, 17.823495023313495, 17.824615248777043, 17.82573518501231, 17.826854832168518, 17.82797419039478, 17.829093259840082, 17.830212040653294, 17.831330532983188, 17.832448736978396, 17.833566652787457, 17.834684280558786, 17.835801620440684, 17.836918672581334, 17.838035437128813, 17.839151914231074, 17.840268104035967, 17.841384006691214, 17.842499622344437, 17.843614951143138, 17.8447299932347, 17.845844748766403, 17.846959217885406, 17.848073400738762, 17.8491872974734, 17.85030090823614, 17.851414233173696, 17.852527272432663, 17.85364002615952, 17.854752494500644, 17.855864677602288, 17.8569765756106]}, {"gosnr_load_qot_81": [17.269703255145863, 17.313144741932728, 17.251953750686297, 17.25100372053157, 17.254313142936482, 17.247830341430262, 17.253801529014954, 17.248927354610547, 17.316053798963072, 17.249036861163425, 17.356934470093304, 17.25926482946604, 17.29379091050288, 17.247758573306648, 17.247974019026064, 17.378494727104492, 17.290691258960603, 17.397091682198326, 17.304509369843604, 17.26319218765554, 17.253052015088844, 17.29710519669504, 17.247652098872, 17.33202108342898, 17.256807583300954, 17.252120969921236, 17.27350989917319, 17.260421499752248, 17.247559477533482, 17.271556329576256, 17.483147522588858, 17.24846240426845, 17.323536765113502, 17.263807900682515, 17.2573967011051, 17.273371365720408, 17.26656778948914, 17.25575446792817, 17.409777869503266, 17.364609415223917, 17.308635242685764, 17.24761590054923, 17.344338685777135, 17.251376248216527, 17.282474782501914, 17.25007784441196, 17.29560473236831, 17.247548549435404, 17.249500415592294, 17.254738112086393, 17.282557633313004, 17.24809871672128, 17.255739799692495, 17.264693539511928, 17.25914674601411, 17.277745533807412, 17.269729370065647, 17.261389337430472, 17.250695132097277, 17.248260058558408, 17.353538003019096, 17.249524849769994, 17.261769142128735, 17.275570477365626, 17.24861484981975, 17.28505041092979, 17.25292931255183, 17.28778397882775, 17.304490838817156, 17.42521641564947, 17.288455148981154, 17.336475821853405, 17.257942719634237, 17.266276532277352, 17.280043661185598, 17.267944983389363, 17.250189488227203, 17.277599056567936, 17.318083881501778, 17.30066094296209, 17.3296157828893]}]}