{"tests": [{"osnr_load_27": [9.106215560287733, 9.295703277515011, 9.35836845759841, 9.729135294143498, 10.031269018150928, 10.150383833699298, 10.268506512863716, 10.327196170883017, 10.385638263778436, 10.559481043640284, 10.73110308076759, 10.844287265615808, 11.067712519688996, 11.122957501890054, 11.232716243750769, 11.449319272352042, 11.819093143277943, 11.922590992056803, 12.025139809751737, 12.27738839677446, 12.523804370248255, 12.668886434116935, 12.764465574959821, 12.811914512079172, 12.859137286340792, 13.319085277251709, 13.363868585579253]}, {"gosnr_load_27": [9.279232731125406, 12.133937111694436, 11.728992525436976, 10.154066490954667, 11.031528348613914, 10.570811172432592, 10.021894913819903, 12.63067431014389, 10.110634573079128, 9.648462730357828, 11.25318405754087, 10.899291336336976, 11.625774039864476, 9.048828232374834, 11.965866741954272, 12.131990965817677, 9.217937756601012, 12.672823680670842, 10.223527814058276, 12.248924441396474, 12.120987306529553, 10.677319422590783, 10.41363458377424, 12.178374153341803, 11.556115619117566, 10.853950092796868, 9.921557208218024]}]}