{"tests": [{"osnr_load_54": [11.366757820744045, 11.367892334101091, 11.370160471847218, 11.373560458366505, 11.375825637781, 11.376957784471278, 11.37808963602221, 11.379221192587604, 11.38035245432116, 11.382614093906959, 11.383744472066002, 11.384874556006794, 11.38600434588245, 11.387133841845941, 11.389391952647747, 11.391648889633682, 11.393904654023277, 11.397286104652654, 11.39841266988219, 11.399538942874496, 11.4017906127535, 11.402916009942954, 11.404041115500688, 11.405165929577786, 11.406290452325221, 11.407414683893833, 11.408538624434355, 11.410785633033509, 11.413031479326197, 11.414153966983204, 11.415276164514074, 11.416398072068732, 11.417519689796958, 11.420882805519382, 11.422003265437608, 11.42312343627668, 11.424243318185692, 11.425362911313648, 11.42983839899065, 11.432074414008078, 11.434309278060013, 11.435426278844027, 11.436542992330565, 11.437659418667362, 11.438775558002037, 11.439891410482083, 11.4432372482678, 11.444351954802103, 11.445466375217585, 11.446580509661068, 11.449921198626082, 11.451034190647542, 11.452146897429433, 11.45325931911788]}, {"gosnr_load_54": [11.004666382915145, 10.974812420965632, 11.104538925517748, 11.101724940007054, 11.030236638183782, 10.960561556748425, 10.99725646225032, 11.092835984713421, 11.089941994279524, 11.092697571581523, 11.109218640553756, 11.009392539916627, 10.951940244631103, 11.087787207584066, 11.050171938773483, 11.05182968019033, 10.972742627285939, 11.022004424315167, 11.022905522308491, 10.984598926703818, 10.974451079873855, 10.994302760349765, 11.113232882938483, 11.150738837498153, 10.999554371830394, 10.990400179899924, 11.010434830050865, 11.060054645138447, 10.968451183567671, 10.963382866857662, 11.049836680489415, 11.002520828300266, 10.974276092436508, 11.055113448527496, 11.062379705873855, 10.997076701012274, 10.953194890822363, 10.989882558059312, 10.995832869307065, 10.965014865278775, 11.021766479898467, 11.035840388214229, 10.950101288845971, 11.021488375788584, 11.04714034752806, 11.015297974888922, 11.004556524126382, 10.977553415457164, 11.103650992569436, 11.067621963133051, 11.082154530849376, 11.008045524097865, 11.077684047485246, 10.985648754443023]}]}