{"tests": [{"osnr_load_81": [11.363352500877742, 11.36448790428744, 11.365623010857803, 11.366757820743993, 11.36789233410104, 11.369026551083834, 11.370160471847168, 11.37129409654571, 11.372427425334, 11.373560458366455, 11.374693195797382, 11.375825637780952, 11.376957784471228, 11.378089636022162, 11.379221192587552, 11.380352454321113, 11.381483421376412, 11.382614093906911, 11.38374447206595, 11.384874556006743, 11.386004345882398, 11.38713384184589, 11.388263044050076, 11.389391952647696, 11.390520567791388, 11.391648889633634, 11.392776918326817, 11.393904654023228, 11.395032096874997, 11.396159247034143, 11.397286104652602, 11.398412669882143, 11.399538942874447, 11.400664923781065, 11.401790612753448, 11.402916009942903, 11.404041115500638, 11.405165929577736, 11.406290452325168, 11.407414683893782, 11.408538624434305, 11.40966227409737, 11.410785633033457, 11.411908701392964, 11.413031479326145, 11.414153966983152, 11.415276164514026, 11.41639807206868, 11.417519689796906, 11.418641017848403, 11.41976205637272, 11.420882805519332, 11.42200326543756, 11.423123436276628, 11.42424331818564, 11.425362911313595, 11.426482215809369, 11.427601231821715, 11.42871995949928, 11.4298383989906, 11.430956550444085, 11.432074414008028, 11.43319198983063, 11.434309278059962, 11.435426278843977, 11.436542992330514, 11.437659418667314, 11.438775558001987, 11.439891410482034, 11.441006976254855, 11.442122255467698, 11.443237248267748, 11.444351954802052, 11.445466375217531, 11.44658050966102, 11.447694358279222, 11.44880792121873, 11.449921198626033, 11.451034190647494, 11.452146897429385, 11.453259319117828]}, {"gosnr_load_81": [10.868388476914424, 10.911826424321836, 10.850592490486443, 10.849644761064479, 10.852946971498444, 10.846483486189648, 10.852477305883193, 10.847574776353506, 10.914622518739908, 10.84770416612714, 10.955471881936594, 10.857890337004545, 10.892476944951321, 10.846420079815962, 10.846637044440614, 10.977146873592435, 10.889377661428997, 10.9957332277644, 10.903087613817855, 10.861875051959872, 10.851688354214541, 10.895790723427897, 10.846307025606274, 10.930577238027581, 10.855486355681393, 10.850794537042127, 10.872195940821236, 10.859102869083559, 10.84621612891469, 10.870241993977203, 11.081735013083158, 10.847111800324551, 10.922214975738434, 10.86242702044978, 10.856025129418859, 10.87197903945123, 10.865183384385462, 10.854385664248923, 11.008277097430291, 10.963269029114118, 10.9073182121269, 10.846275839633757, 10.943008269407073, 10.850048647467496, 10.881161584944145, 10.848747781721801, 10.894190690942292, 10.846206870820653, 10.848145790368536, 10.853414930442833, 10.881155765612265, 10.846750019098394, 10.85441761675366, 10.863377075578171, 10.857827295588077, 10.876432116313275, 10.868341167527198, 10.860011750673594, 10.849366321477698, 10.846924555865066, 10.952203220052407, 10.848193492449315, 10.860451283570116, 10.874256826661735, 10.847280773285473, 10.883737186165792, 10.851604005583637, 10.886470624166318, 10.903174856982343, 11.023840990196984, 10.88704762179882, 10.935148891542315, 10.856622403172334, 10.86496068686857, 10.878730396888653, 10.866629700817182, 10.848832738007442, 10.876202208345426, 10.916763996076334, 10.899345804736685, 10.92829167931985]}]}