{"tests_qot": [{"osnr_load_qot_27": [4.6594010131764065, 5.040419064555413, 5.1658031566403295, 5.900900327034031, 6.490727096494046, 6.7208206249082565, 6.94756765145244, 7.059684930120159, 7.170964348773788, 7.499775498878028, 7.821052929058839, 8.031061764917256, 8.441099274362951, 8.541538670765293, 8.739947023467687, 9.126947904220243, 9.773185069613275, 9.95070610627115, 10.125120228894621, 10.547790225141004, 10.951835885562154, 11.185585003171871, 11.337890425448805, 11.41300143453754, 11.487425439339942, 12.195146195120481, 12.262395389147766]}, {"gosnr_load_qot_27": [5.117230439863388, 9.945026230770093, 9.666699196912482, 6.928033042738298, 8.519862158366697, 7.674535836294848, 6.624169939582433, 10.081921044907624, 6.828152806069846, 5.843545185502023, 8.887469955918158, 8.31235013028729, 9.51343168406434, 4.624368532298023, 9.994424597079036, 10.163852640080389, 4.9935742228530575, 10.122508818592147, 7.043448577265485, 10.08908922257611, 9.869015266171756, 7.872154575471746, 7.373667208964796, 10.134679874909413, 9.398860953076634, 8.225167764649875, 6.409139400523433]}]}