{"tests_qot": [{"osnr_load_qot_54": [9.012795462568041, 9.013930040967995, 9.016198308799941, 9.019598490447914, 9.021863799948184, 9.022996011681354, 9.024127928275155, 9.025259549883431, 9.026390876659852, 9.028652646331386, 9.029783089533282, 9.030913238516936, 9.032043093435439, 9.033172654441792, 9.035430895329279, 9.037687962400886, 9.039943856876139, 9.043325502633978, 9.044452132906324, 9.045578470941438, 9.047830270906047, 9.048955733138296, 9.050080903738829, 9.051205782858712, 9.05233037064894, 9.053454667260329, 9.054578672843634, 9.056825811528338, 9.05907178790656, 9.060194340606333, 9.061316603179959, 9.06243857577736, 9.063560258548334, 9.066923569398993, 9.068044094359953, 9.069164330241748, 9.0702842771935, 9.071403935364174, 9.07587968321204, 9.078115828314878, 9.080350822452196, 9.081467888278901, 9.082584666808135, 9.083701158187612, 9.084817362564971, 9.085933280087689, 9.089279313001416, 9.090394084578378, 9.091508570036517, 9.092622769522658, 9.095963653615609, 9.097076710679708, 9.098189482504225, 9.099301969235306]}, {"gosnr_load_qot_54": [8.64874250847742, 8.618723081634135, 8.749362344952603, 8.746107544039015, 8.67440559955179, 8.604461194983616, 8.641460426656622, 8.737200540715072, 8.73426850272362, 8.73713608396112, 8.753755886767234, 8.653436275096327, 8.595789954769803, 8.732532960057387, 8.694325031548724, 8.69608833619025, 8.616790539315852, 8.666250947227251, 8.666945530728695, 8.628554313990627, 8.618542263064642, 8.638479803180436, 8.757687493945006, 8.795374560993345, 8.643558591707533, 8.634459444673926, 8.65441605876853, 8.704529806254156, 8.612488346935676, 8.60727435676472, 8.694269653145833, 8.646654391494685, 8.618372116657959, 8.699286567830821, 8.706619149078685, 8.641062465106106, 8.597039735566678, 8.633956279773473, 8.639886039128054, 8.60902854052487, 8.666121783529501, 8.68009010854878, 8.593935920732152, 8.665628977542454, 8.691328844828469, 8.659315609264395, 8.648763910688707, 8.621483835650219, 8.748487511149992, 8.712125396499983, 8.726840668018808, 8.652020067779118, 8.721986352639618, 8.62980960214701]}]}