{"tests_qot": [{"osnr_load_qot_81": [9.009389947573027, 9.010525416025647, 9.011660587638934, 9.012795462568041, 9.013930040967995, 9.015064322993698, 9.016198308799941, 9.017331998541385, 9.018465392372569, 9.019598490447914, 9.020731292921726, 9.021863799948184, 9.022996011681354, 9.024127928275155, 9.025259549883431, 9.026390876659852, 9.027521908758024, 9.028652646331386, 9.029783089533282, 9.030913238516936, 9.032043093435439, 9.033172654441792, 9.034301921688813, 9.035430895329279, 9.036559575515815, 9.037687962400886, 9.0388160561369, 9.039943856876139, 9.041071364770728, 9.042198579972707, 9.043325502633978, 9.044452132906324, 9.045578470941438, 9.046704516890872, 9.047830270906047, 9.048955733138296, 9.050080903738829, 9.051205782858712, 9.05233037064894, 9.053454667260329, 9.054578672843634, 9.055702387549482, 9.056825811528338, 9.05794894493061, 9.05907178790656, 9.060194340606333, 9.061316603179959, 9.06243857577736, 9.063560258548334, 9.06468165164258, 9.065802755209637, 9.066923569398993, 9.068044094359953, 9.069164330241748, 9.0702842771935, 9.071403935364174, 9.072523304902663, 9.073642385957731, 9.074761178678013, 9.07587968321204, 9.076997899708228, 9.078115828314878, 9.07923346918017, 9.080350822452196, 9.081467888278901, 9.082584666808135, 9.083701158187612, 9.084817362564971, 9.085933280087689, 9.087048910903178, 9.088164255158693, 9.089279313001416, 9.090394084578378, 9.091508570036517, 9.092622769522658, 9.093736683183506, 9.094850311165658, 9.095963653615609, 9.097076710679708, 9.098189482504225, 9.099301969235306]}, {"gosnr_load_qot_81": [8.511714438405418, 8.555288117525487, 8.49402270481764, 8.49306463956442, 8.496400188788906, 8.489854151442668, 8.495789603195592, 8.490967569371449, 8.558468160074831, 8.49103115974864, 8.599539512481156, 8.501385238823286, 8.535868786729887, 8.48976274072738, 8.489975263870468, 8.62089561448837, 8.53275943286898, 8.63957148062033, 8.54686849773477, 8.505190378712827, 8.495129656546714, 8.539193719616621, 8.489671262512562, 8.574510571484744, 8.498797200185406, 8.494109428183501, 8.515529989252096, 8.502415313906205, 8.489574369973422, 8.513571746324082, 8.726007169715857, 8.490496715240562, 8.565718051575965, 8.50595603642424, 8.499505029473639, 8.515573260578483, 8.508731948621662, 8.497851712114882, 8.65262574351124, 8.606952577292779, 8.550762699863748, 8.489623308953616, 8.586599975282654, 8.493365315835318, 8.524518606490055, 8.492068965182858, 8.537920461223107, 8.489559528490894, 8.49154700873475, 8.496726414765833, 8.524807845384494, 8.490127568213152, 8.497728615161924, 8.506694425943957, 8.501138854843887, 8.51977640911919, 8.511911331850465, 8.503522960056268, 8.492685086882597, 8.490258689604714, 8.59583604689342, 8.49151741741867, 8.503764980011523, 8.517595709321066, 8.490611167704074, 8.527101634893132, 8.494917439306624, 8.529843296177456, 8.546603990069364, 8.667818182327869, 8.530735326240391, 8.578706313781574, 8.499933432059983, 8.508280470941656, 8.5220807192409, 8.509952347931574, 8.492242969298028, 8.519823485097138, 8.560245075267126, 8.542761175876551, 8.571819938042472]}]}