{"tests": [{"osnr_load_27": [8.447895124707355, 8.659388080342744, 8.729285327247275, 9.1423560732311, 9.47830937918855, 9.610585471294463, 9.741659609575873, 9.806746281251371, 9.871532905060326, 10.064094452844998, 10.253963441709155, 10.37905060128307, 10.625655755829994, 10.686565692401848, 10.807498904545179, 11.045831943269684, 11.451667950520648, 11.565015445006155, 11.67721463480072, 11.952727145097091, 12.221196076541098, 12.378940232472189, 12.482727392488574, 12.534211079701622, 12.585422775034683, 13.082798920577524, 13.131085129468431]}, {"gosnr_load_27": [8.654664909442957, 11.790015899371628, 11.365899322336455, 9.639257621734249, 10.604574578993581, 10.095659003323313, 9.486504347662109, 12.295777066353038, 9.589040959591658, 9.064992250904307, 10.845521411755112, 10.462519212534037, 11.254694347946998, 8.393772714103614, 11.620003960772888, 11.79629223905739, 8.586197799178596, 12.340248417363123, 9.714156522613399, 11.912408013759046, 11.773828474268505, 10.213384244995186, 9.921016265800894, 11.842588635426539, 11.177896881057581, 10.411875536570207, 9.37251744040838]}]}