{"tests": [{"osnr_load_54": [10.959159675012998, 10.960294202295422, 10.9625623678923, 10.96596239618771, 10.968227603452947, 10.969359764068596, 10.970491629544899, 10.971623200035657, 10.972754475694584, 10.97501614313111, 10.976146535215518, 10.977276633081672, 10.97840643688269, 10.979535946771545, 10.98179408542407, 10.984051050260724, 10.986306842501028, 10.989688334906466, 10.990814914061357, 10.991941200979014, 10.994192898708715, 10.995318309823517, 10.996443429306597, 10.997568257309041, 10.998692793981824, 10.99981703947578, 11.000940993941644, 11.00318803039148, 11.005433904534849, 11.006556406117195, 11.007678617573402, 11.008800539053397, 11.009922170706956, 11.013285328205383, 11.014405802048943, 11.015525986813344, 11.016645882647687, 11.01776548970097, 11.02224103307928, 11.024477075947356, 11.026711967849934, 11.027828982559267, 11.028945709971126, 11.030062150233242, 11.031178303493235, 11.032294169898599, 11.035640049460255, 11.036754769919872, 11.037869204260666, 11.038983352629462, 11.042324083370403, 11.043437089317168, 11.044549810024368, 11.045662245638114]}, {"gosnr_load_54": [10.595074247111738, 10.565067145443777, 10.695640961757757, 10.692413161182515, 10.620729738274527, 10.550807008541812, 10.587784965907083, 10.683507948527463, 10.680578447579322, 10.683439009813348, 10.700051523018015, 10.599769619691184, 10.542139452729947, 10.678817603616562, 10.640648597541327, 10.64240536158887, 10.563126423422826, 10.6125710069763, 10.613278065862433, 10.574894917175593, 10.56487538909085, 10.584806203128789, 10.703987835760307, 10.741660946933628, 10.589895088669705, 10.580793296381641, 10.600753120367393, 10.650833043132657, 10.558825209465779, 10.553620451672847, 10.64057624327823, 10.592982805166715, 10.564704961911929, 10.645608535316063, 10.652936525172805, 10.587400272252074, 10.543389434273884, 10.580289292769564, 10.586219846818697, 10.55536709019371, 10.612435253519969, 10.626408910304047, 10.540286473392175, 10.611955511067396, 10.637650494311092, 10.605650087006694, 10.595087684417495, 10.56782649107575, 10.694765401590157, 10.65842632932277, 10.673129372105127, 10.59835771829729, 10.668298722223978, 10.576137645255738]}]}