{"tests": [{"osnr_load_81": [10.955754313370555, 10.956889730705633, 10.958024851201378, 10.959159675012947, 10.960294202295369, 10.96142843320354, 10.962562367892248, 10.963696006516166, 10.96482934922983, 10.965962396187658, 10.967095147543958, 10.968227603452895, 10.969359764068544, 10.970491629544847, 10.971623200035605, 10.972754475694533, 10.973885456675198, 10.975016143131063, 10.976146535215465, 10.97727663308162, 10.97840643688264, 10.97953594677149, 10.980665162901037, 10.981794085424019, 10.982922714493068, 10.984051050260675, 10.985179092879209, 10.986306842500976, 10.987434299278103, 10.988561463362602, 10.989688334906413, 10.990814914061307, 10.99194120097896, 10.993067195810928, 10.994192898708661, 10.995318309823466, 10.996443429306545, 10.99756825730899, 10.998692793981768, 10.999817039475726, 11.000940993941592, 11.00206465753, 11.003188030391426, 11.004311112676273, 11.005433904534796, 11.006556406117143, 11.00767861757335, 11.008800539053343, 11.009922170706902, 11.011043512683736, 11.012164565133386, 11.013285328205333, 11.01440580204889, 11.01552598681329, 11.01664588264763, 11.017765489700915, 11.018884808122017, 11.020003838059694, 11.021122579662581, 11.02224103307923, 11.023359198458035, 11.024477075947308, 11.025594665695229, 11.02671196784988, 11.027828982559216, 11.028945709971072, 11.03006215023319, 11.031178303493183, 11.032294169898545, 11.03340974959668, 11.034525042734838, 11.035640049460206, 11.03675476991982, 11.03786920426061, 11.03898335262941, 11.040097215172924, 11.041210792037742, 11.042324083370351, 11.043437089317118, 11.044549810024316, 11.045662245638063]}, {"gosnr_load_81": [10.458101996009226, 10.501664197797528, 10.44040524662168, 10.439447878997822, 10.442781159815643, 10.436240612768003, 10.442179167165648, 10.437352606401255, 10.50482071158034, 10.437420183307157, 10.545875506965444, 10.447763313115129, 10.48225055389166, 10.436150907458291, 10.436363684344174, 10.567249335904288, 10.479142042414178, 10.585918350222027, 10.493225845064924, 10.451579064321095, 10.441511444091848, 10.48557456239953, 10.436058127244998, 10.520856599731543, 10.445186630215815, 10.440498958807076, 10.461916773549373, 10.448804379523748, 10.435961605539513, 10.459958936368787, 10.672321055614, 10.436882264850563, 10.512090840254597, 10.452331703400022, 10.445884152681069, 10.461944259931881, 10.455106224375907, 10.44423179768912, 10.59894065175352, 10.553311310902966, 10.497140162236821, 10.436011194296903, 10.532965817648666, 10.439754793553732, 10.470903330158334, 10.438458264643764, 10.484281576792874, 10.43594710382406, 10.437931491978434, 10.44311595889732, 10.471174649562387, 10.436513591826932, 10.444118114772285, 10.453082877535591, 10.447528068520128, 10.466162257020642, 10.458284061894329, 10.449899887120825, 10.439074487575988, 10.436647337012449, 10.542198697999952, 10.437906591259598, 10.450153869925948, 10.463982047190443, 10.437000015944054, 10.47348571607756, 10.441306998712122, 10.476226674673248, 10.492982694536725, 10.614154461250468, 10.47709952864871, 10.525074830179708, 10.446322766973978, 10.45466865753357, 10.468466030343055, 10.45634023708306, 10.43862685451469, 10.466192527954245, 10.506619608487988, 10.489141001959378, 10.518190741145128]}]}