{"tests": [{"osnr_load_27": [5.013440358060588, 5.375122548909959, 5.494197690310435, 6.192903550269987, 6.754358589262376, 6.973609187995361, 7.1898044248306245, 7.296755264350602, 7.402941308471608, 7.716910949217148, 8.024004109653323, 8.224920639179347, 8.617640480961152, 8.713929653381477, 8.904250472652905, 9.275917535998193, 9.897943805916467, 10.069139814464068, 10.237483269562329, 10.646054031811092, 11.03746755824387, 11.26430202904368, 11.412261430758505, 11.485276133056514, 11.557653882422334, 12.247484884850849, 12.313184416679801]}, {"gosnr_load_27": [5.444133460316241, 10.123779396566611, 9.800628075435638, 7.163195489378943, 8.688153616794082, 7.8779351664179025, 6.8756164964908795, 10.347811927677606, 7.068655273833013, 6.134584638778922, 9.043185753496484, 8.487365493198645, 9.650465321316751, 4.977345614114009, 10.125378323143693, 10.303825068160663, 5.326751237335237, 10.390638561938106, 7.27404319975435, 10.2685585619838, 10.057803951550211, 8.067054038408726, 7.590622365996548, 10.29059940141093, 9.538601936132928, 8.403938831461241, 6.671616427378968]}]}