{"tests": [{"osnr_load_54": [9.164532380760622, 9.165666955946183, 9.167935217349338, 9.171335389354129, 9.173600692425609, 9.174732900944386, 9.175864814323795, 9.176996432717674, 9.178127756279702, 9.180389519522448, 9.181519959509952, 9.182650105279214, 9.183779956983324, 9.18490951477528, 9.187167749233984, 9.189424809876808, 9.191680697923275, 9.195062334037939, 9.196188961095896, 9.197315295916619, 9.199567089452444, 9.200692548470302, 9.201817715856441, 9.202942591761937, 9.204067176337777, 9.205191469734773, 9.206315472103688, 9.20856260435961, 9.210808574309056, 9.211931123794432, 9.21305338315367, 9.214175352536685, 9.215297032093268, 9.21866033330076, 9.219780855047334, 9.22090108771474, 9.2220210314521, 9.223140686408385, 9.2276164213987, 9.229852560072763, 9.232087547781306, 9.233204610393626, 9.234321385708474, 9.235437873873563, 9.236554075036535, 9.237669989344866, 9.241016012615436, 9.242130780978009, 9.243245263221764, 9.24435945949352, 9.247700333943316, 9.248813387793028, 9.249926156403166, 9.251038639919857]}, {"gosnr_load_54": [8.801201010652536, 8.771236463989473, 8.901571961278623, 8.898465698549188, 8.826833581766437, 8.756977864444652, 8.793875604902738, 8.889564504489059, 8.886645204522456, 8.88947510903966, 8.906062135966273, 8.805905840655738, 8.748323197429466, 8.884768244049848, 8.846758973685656, 8.848486739559029, 8.769257587879945, 8.818652529210512, 8.819416763900488, 8.781052913123316, 8.770994774944734, 8.790903968298236, 8.910021728881997, 8.9476489047697, 8.796041180535688, 8.78692319891749, 8.806906728838996, 8.856855467829469, 8.764958889994244, 8.759793858015744, 8.846609224946372, 8.799093464311335, 8.770822991183637, 8.851713909904177, 8.859024353988973, 8.793551200841137, 8.749574656082551, 8.786415144441623, 8.792352012624319, 8.761506898783546, 8.818486683347134, 8.832491034828813, 8.746474191478677, 8.81806625404406, 8.84375075778862, 8.811794153772825, 8.801178156556462, 8.773990639199306, 8.900692683232197, 8.864441758781533, 8.879095878131126, 8.804512918977231, 8.874370835590812, 8.782238965503616]}]}