{"tests": [{"osnr_load_81": [9.161126875408739, 9.162262340646961, 9.163397509045852, 9.164532380760566, 9.165666955946124, 9.166801234757434, 9.167935217349282, 9.169068903876328, 9.170202294493118, 9.17133538935407, 9.172468188613488, 9.173600692425552, 9.174732900944326, 9.175864814323734, 9.176996432717617, 9.178127756279642, 9.17925878516342, 9.180389519522391, 9.18151995950989, 9.182650105279153, 9.183779956983265, 9.18490951477522, 9.186038778807854, 9.187167749233925, 9.188296426206065, 9.189424809876748, 9.19055290039837, 9.191680697923216, 9.192808202603414, 9.193935414591, 9.195062334037882, 9.196188961095837, 9.197315295916558, 9.198441338651595, 9.199567089452383, 9.200692548470242, 9.20181771585638, 9.202942591761879, 9.204067176337714, 9.205191469734713, 9.206315472103629, 9.207439183595085, 9.208562604359546, 9.209685734547433, 9.210808574308993, 9.211931123794376, 9.21305338315361, 9.214175352536625, 9.215297032093208, 9.216418421973069, 9.217539522325735, 9.218660333300702, 9.219780855047274, 9.220901087714681, 9.222021031452039, 9.223140686408328, 9.224260052732433, 9.225379130573112, 9.226497920079007, 9.227616421398643, 9.228734634680444, 9.229852560072704, 9.230970197723614, 9.232087547781248, 9.233204610393567, 9.234321385708414, 9.235437873873504, 9.236554075036477, 9.237669989344807, 9.238785616945913, 9.239900957987041, 9.241016012615376, 9.24213078097795, 9.243245263221706, 9.244359459493463, 9.245473369939926, 9.246586994707691, 9.247700333943259, 9.24881338779297, 9.249926156403106, 9.2510386399198]}, {"gosnr_load_81": [8.664421760482332, 8.707950968427873, 8.646694361110598, 8.645739752322061, 8.6490641597196, 8.642545761427167, 8.648501064331857, 8.6436517520481, 8.71100166032837, 8.643737527040043, 8.751999393988175, 8.654035302699564, 8.688554611113512, 8.64246378905223, 8.642677815752966, 8.773463653834064, 8.685448560331006, 8.792109905454932, 8.699423486628962, 8.657901094304018, 8.647797607157566, 8.691875881890034, 8.64236503431739, 8.727014983709552, 8.651509239256299, 8.646819965654208, 8.66823469727599, 8.655126919603791, 8.642270160305735, 8.666277845040396, 8.878401942165572, 8.643183540069332, 8.718367261203017, 8.658594733401294, 8.652160095797363, 8.668190257223737, 8.661364136724407, 8.650511399990283, 8.804992477511679, 8.75954217627432, 8.703431216919903, 8.642322732158004, 8.739219927745193, 8.6460752323658, 8.677215834524043, 8.644777321604995, 8.69049241794087, 8.642257200698706, 8.644228367943422, 8.64943817743362, 8.677405607634554, 8.642816865457695, 8.650440571019066, 8.659404503498878, 8.653850721634194, 8.672477788551603, 8.664536331228653, 8.656167588825237, 8.645394276530835, 8.642962627172631, 8.748442412460374, 8.644224833463351, 8.656476203371225, 8.670298848420098, 8.643316376208137, 8.67979643523379, 8.647628491777892, 8.682535405163662, 8.699277560307458, 8.820310621288744, 8.683321252843395, 8.731337588606428, 8.652645442291224, 8.660989774631842, 8.674780133865166, 8.66266073555763, 8.644921310359392, 8.67243148537845, 8.71290153784711, 8.695439271810883, 8.724460839453316]}]}