{"tests_qot": [{"osnr_load_qot_27": [10.789474234165663, 10.931131704464281, 10.978050264633518, 11.256410677677149, 11.484261555646782, 11.574357402054037, 11.663857859949632, 11.708385151042325, 11.752764002789927, 11.885011389140379, 12.015928277421695, 12.102469227830227, 12.273788743697299, 12.316252547869361, 12.400742235927, 12.567975712791817, 12.855069581402304, 12.935804695269477, 13.015969357904192, 13.213899077140923, 13.408310650132805, 13.523283830602324, 13.599240210890919, 13.637011604119145, 13.67464555106122, 14.043496771612908, 14.079640401694483]}, {"gosnr_load_qot_27": [10.879537586153296, 13.100573681778442, 12.75131850296791, 11.511988484349816, 12.198504746962291, 11.84422934336598, 11.42689915689509, 13.552945097357398, 11.484048786795489, 11.160789631938371, 12.377369434725212, 12.08740610249573, 12.666523615205659, 10.717361204157756, 12.947127472654454, 13.086546815627786, 10.833742067637518, 13.589199303614665, 11.570497801043139, 13.197668916923117, 13.09365554790656, 11.926109842825666, 11.72549613536043, 13.129813669817272, 12.613297523684457, 12.053861817938534, 11.357322316673812]}]}