{"tests_qot": [{"osnr_load_qot_54": [12.494815413666684, 12.495949880918557, 12.49821792645436, 12.501617774658174, 12.503882861862383, 12.50501496244752, 12.506146767893311, 12.507278278353574, 12.508409493982008, 12.510671041357558, 12.511801373411481, 12.512931411247159, 12.514061155017703, 12.515190604876087, 12.517448623467695, 12.519705468243442, 12.521961140422873, 12.525342452737016, 12.526468971861487, 12.527595198748728, 12.529846776417612, 12.530972127502018, 12.5320971869547, 12.533221954926754, 12.534346431569144, 12.53547061703272, 12.53659451146821, 12.538841427857308, 12.541087181939947, 12.542209623491946, 12.543331774917807, 12.54445363636745, 12.545575207990678, 12.548938185398109, 12.550058599211349, 12.551178723945435, 12.55229855974947, 12.55341810677245, 12.557893410029578, 12.560129332837096, 12.562364104679132, 12.563481059358203, 12.564597726739803, 12.565714106971665, 12.566830200201407, 12.567946006576527, 12.571291706047482, 12.572406366476871, 12.573520740787442, 12.57463482912602, 12.577975379776339, 12.579088325692911, 12.580200986369913, 12.58131336195348]}, {"gosnr_load_qot_54": [12.132769354893632, 12.102932100627479, 12.232568626872132, 12.229794153835986, 12.158329651230202, 12.088683143424962, 12.125348512519448, 12.22090740217122, 12.218016999076378, 12.22076240042373, 12.237273557253395, 12.137498092707835, 12.080066843373928, 12.215824955345616, 12.178265053902383, 12.179913267758991, 12.100850195389505, 12.15009105826812, 12.151010522050818, 12.112713979721141, 12.102554676442953, 12.122397405155997, 12.241294902683734, 12.278782175988097, 12.12766409322592, 12.118505587118527, 12.138545891556083, 12.18811837355559, 12.096559988975619, 12.09150499796326, 12.177904848227016, 12.130618815924322, 12.10237926844782, 12.183204450361815, 12.190464309606401, 12.12518823077347, 12.08132184265458, 12.117986709143999, 12.123938466180668, 12.093125988973412, 12.14984342458899, 12.163925827518895, 12.078229351671975, 12.149584493618427, 12.175230504101819, 12.143405469757397, 12.1326477923592, 12.10567115412073, 12.2316795848182, 12.195682667977374, 12.210197971653635, 12.136157338388243, 12.205762027485056, 12.113745407865295]}]}