{"tests_qot": [{"osnr_load_qot_81": [12.491410232115962, 12.492545589420478, 12.493680649885668, 12.494815413666684, 12.495949880918557, 12.497084051796183, 12.49821792645436, 12.499351505047741, 12.500484787730874, 12.501617774658174, 12.502750465983956, 12.503882861862383, 12.50501496244752, 12.506146767893311, 12.507278278353574, 12.508409493982008, 12.509540414932179, 12.510671041357558, 12.511801373411481, 12.512931411247159, 12.514061155017703, 12.515190604876087, 12.51631976097517, 12.517448623467695, 12.518577192506289, 12.519705468243442, 12.520833450831548, 12.521961140422873, 12.52308853716956, 12.524215641223634, 12.525342452737016, 12.526468971861487, 12.527595198748728, 12.528721133550288, 12.529846776417612, 12.530972127502018, 12.5320971869547, 12.533221954926754, 12.534346431569144, 12.53547061703272, 12.53659451146821, 12.537718115026244, 12.538841427857308, 12.53996445011179, 12.541087181939947, 12.542209623491946, 12.543331774917807, 12.54445363636745, 12.545575207990678, 12.54669648993717, 12.547817482356496, 12.548938185398109, 12.550058599211349, 12.551178723945435, 12.55229855974947, 12.55341810677245, 12.554537365163247, 12.555656335070625, 12.556775016643222, 12.557893410029578, 12.559011515378103, 12.560129332837096, 12.56124686255475, 12.562364104679132, 12.563481059358203, 12.564597726739803, 12.565714106971665, 12.566830200201407, 12.567946006576527, 12.569061526244418, 12.570176759352345, 12.571291706047482, 12.572406366476871, 12.573520740787442, 12.57463482912602, 12.575748631639321, 12.57686214847393, 12.577975379776339, 12.579088325692911, 12.580200986369913, 12.58131336195348]}, {"gosnr_load_qot_81": [11.996567153925966, 12.039990223977812, 11.978762989334793, 11.977816242008732, 11.981115269120766, 11.974659558012116, 11.980658208256603, 11.975748804800464, 12.04275187988312, 11.975884058113921, 12.083578809075451, 11.986054602769325, 12.020648212989038, 11.974598654641216, 11.974816001935256, 12.105280849073587, 12.017550025437448, 12.123858006678923, 12.03122349049426, 11.990055090252485, 11.979857794489863, 12.023960784946631, 11.974483682190701, 12.058697751602882, 11.983667197730252, 11.97897531412943, 12.000373654899041, 11.987283339829723, 11.974393326274729, 11.998420215272745, 12.209815413405211, 11.97528656096354, 12.05037441723356, 11.990587955289715, 11.984190851678848, 12.000133551038557, 11.99334240047907, 11.98255272612486, 12.136355519838798, 12.091409721524762, 12.035483835379337, 11.974453994462962, 12.071158465551179, 11.978229313011308, 12.009336679988383, 11.976928126391647, 12.022331695842876, 11.9743845670058, 11.97631903097653, 11.981595846184659, 12.009304532081229, 11.974925459834068, 11.982598512555931, 11.991556838273365, 11.986007925973457, 12.004608647520342, 11.996498056259465, 11.988174427180374, 11.97754684292234, 11.975103859832592, 12.080349153802434, 11.976373627424117, 11.988631557382437, 12.002433978661383, 11.975460388485235, 12.01191145476235, 11.979784861655904, 12.014643985139116, 12.031342115086082, 12.151951533101323, 12.015192834947392, 12.063302652862031, 11.984803157011314, 11.99314013217407, 12.006906244152603, 11.99480878497667, 11.977005131030449, 12.00435403788348, 12.044925749767883, 12.027514535269548, 12.056448483692705]}]}