{"tests_qot": [{"osnr_load_qot_27": [11.493260676276414, 11.618203189497649, 11.659609304262338, 11.905517183605806, 12.107139042571118, 12.186950514315544, 12.266284878726005, 12.305773439547343, 12.345143081267418, 12.462539749802534, 12.578870780842282, 12.655834600064695, 12.808350934375346, 12.84618687118952, 12.921508056730023, 13.070752211508289, 13.327471933474035, 13.399785374982738, 13.47164154041052, 13.649291661025817, 13.824118846873102, 13.927671128308887, 13.996149613665544, 14.030222617494719, 14.06418509842964, 14.397782549352527, 14.430544824812836]}, {"gosnr_load_qot_27": [11.552983177019698, 13.533910754960448, 13.215841733512903, 12.100012684756226, 12.718092265104799, 12.40240888023584, 12.031810431905534, 13.958543812373861, 12.077635172447545, 11.80375242345923, 12.881176644552292, 12.614687155989163, 13.138216348990852, 11.414953033509478, 13.395074927776925, 13.521846108788115, 11.512584928490288, 13.991994374913876, 12.154734932753769, 13.62371900321634, 13.527586272096721, 12.475439913996063, 12.297421553249324, 13.561050091591689, 13.091546250220604, 12.585458928164144, 11.973199170805328]}]}