{"tests_qot": [{"osnr_load_qot_54": [13.001035896318722, 13.002170338653487, 13.004438334355083, 13.007838107807604, 13.010103145177629, 13.011235220845679, 13.012367001374383, 13.013498486917566, 13.014629677628914, 13.016891175170313, 13.018021482307162, 13.01915149522577, 13.020281214079247, 13.021410639020566, 13.023668607778049, 13.02592540271968, 13.028181025065011, 13.031562262628011, 13.032688756835443, 13.033814958805646, 13.036066486640458, 13.037191812807833, 13.038316847343488, 13.039441590398518, 13.040566042123878, 13.041690202670438, 13.042814072188907, 13.045060938743973, 13.047306642992588, 13.048429059627583, 13.049551186136444, 13.050673022669079, 13.051794569375312, 13.055157472031755, 13.056277860928008, 13.057397960745105, 13.05851777163216, 13.059637293738152, 13.064112497327379, 13.06634837030096, 13.068583092309067, 13.069700022071181, 13.070816664535823, 13.071933019850729, 13.073049088163515, 13.074164869621686, 13.077510494341805, 13.078625129854256, 13.07973947924789, 13.080853542669528, 13.084194018569056, 13.085306939568703, 13.08641957532878, 13.087531925995428]}, {"gosnr_load_qot_54": [12.638063547012505, 12.608164200383447, 12.738145939999823, 12.735199841841169, 12.663657950414786, 12.593912096754975, 12.630693152545112, 12.726306793536182, 12.723401796822127, 12.726190637569841, 12.742738911789392, 12.642779270237895, 12.585277023431749, 12.721373383913102, 12.683585528038586, 12.685274764083944, 12.606135978760225, 12.655450272611839, 12.656289142407072, 12.617962726214387, 12.607857193313883, 12.627731788716098, 12.746727704536166, 12.784282440963505, 12.632930665016865, 12.623794365740451, 12.643802612113877, 12.693563603744028, 12.601841928321484, 12.596730546448232, 12.68333447242509, 12.635935578013706, 12.607683687022856, 12.68853232567162, 12.695817444809332, 12.63044780804023, 12.58653002456472, 12.623281166668667, 12.629224426801812, 12.598399047648423, 12.655245070923621, 12.669285154687593, 12.58343380037854, 12.654902451767144, 12.680565031987612, 12.648675988260106, 12.637993172297348, 12.61091073656367, 12.737262078710307, 12.701138295692747, 12.715723626212643, 12.641411647269042, 12.711138405946746, 12.61907417978961]}]}