{"tests_qot": [{"osnr_load_qot_81": [12.997630789519334, 12.998766121906737, 12.999901157454817, 13.001035896318722, 13.002170338653487, 13.00330448461401, 13.004438334355083, 13.005571888031364, 13.0067051457974, 13.007838107807604, 13.00897077421629, 13.010103145177629, 13.011235220845679, 13.012367001374383, 13.013498486917566, 13.014629677628914, 13.01576057366201, 13.016891175170313, 13.018021482307162, 13.01915149522577, 13.020281214079247, 13.021410639020566, 13.022539770202584, 13.023668607778049, 13.024797151899584, 13.02592540271968, 13.027053360390736, 13.028181025065011, 13.029308396894647, 13.030435476031679, 13.031562262628011, 13.032688756835443, 13.033814958805646, 13.034940868690171, 13.036066486640458, 13.037191812807833, 13.038316847343488, 13.039441590398518, 13.040566042123878, 13.041690202670438, 13.042814072188907, 13.043937650829921, 13.045060938743973, 13.046183936081444, 13.047306642992588, 13.048429059627583, 13.049551186136444, 13.050673022669079, 13.051794569375312, 13.052915826404806, 13.054036793907141, 13.055157472031755, 13.056277860928008, 13.057397960745105, 13.05851777163216, 13.059637293738152, 13.060756527211975, 13.061875472202374, 13.062994128857994, 13.064112497327379, 13.06523057775893, 13.06634837030096, 13.06746587510165, 13.068583092309067, 13.069700022071181, 13.070816664535823, 13.071933019850729, 13.073049088163515, 13.074164869621686, 13.075280364372627, 13.076395572563612, 13.077510494341805, 13.078625129854256, 13.07973947924789, 13.080853542669528, 13.0819673202659, 13.083080812183576, 13.084194018569056, 13.085306939568703, 13.08641957532878, 13.087531925995428]}, {"gosnr_load_qot_81": [12.501579764202413, 12.545052316327507, 12.48381765614906, 12.482866952847804, 12.486178720790795, 12.479691326307707, 12.485666744148336, 12.480789116224749, 12.54796346477673, 12.480898700324182, 12.588873675157252, 12.49113392014758, 12.525684606409776, 12.479619507375734, 12.479835105622804, 12.610449623454352, 12.5225827378749, 12.629060175941355, 12.536410744230079, 12.495064067336468, 12.484916698913597, 12.529001264862016, 12.479512957563898, 12.563942253658825, 12.48867493026106, 12.483984993882908, 12.505389117976565, 12.492291411576872, 12.47942027065681, 12.503434157440747, 12.715179701374, 12.48032383665204, 12.555451817128581, 12.495680217838746, 12.489264466027512, 12.505250485867519, 12.498442068359408, 12.487621067874276, 12.641755672396926, 12.59655419708338, 12.540539577819679, 12.479476733615414, 12.576268759796134, 12.483239744470735, 12.514360392325418, 12.481940420837837, 12.52749972632646, 12.479409334822595, 12.481362583038617, 12.486603991265266, 12.514443302262029, 12.479959891602867, 12.487606389235147, 12.496566486039518, 12.491015752878186, 12.509627770528143, 12.501605897703916, 12.49325993651037, 12.482558145794009, 12.48012134767233, 12.585474743276537, 12.48138703452138, 12.49364001094738, 12.50745116397652, 12.48047639014591, 12.51693785934849, 12.484793909405061, 12.519673379779645, 12.536392199912017, 12.657205584151384, 12.520345029524623, 12.568400209277929, 12.489810871991903, 12.498150604064682, 12.511927536570123, 12.499820241628278, 12.482052143734109, 12.509481188873506, 12.549995007640756, 12.532559558233826, 12.561535217392947]}]}