{"tests": [{"osnr_load_27": [16.748616211144956, 16.79556371892143, 16.811169576752484, 16.904351716445817, 16.98141305300148, 17.01208805983988, 17.04267792668302, 17.05794099613446, 17.073182856852117, 17.11878144121855, 17.164190064228066, 17.19435728580668, 17.25444018434549, 17.269408653190908, 17.299283063350423, 17.35878249218972, 17.462110650653536, 17.491447944959972, 17.520703379026667, 17.5934851818694, 17.665759882248658, 17.708882640019795, 17.737530717995732, 17.751824706672, 17.766098696423654, 17.907744369822943, 17.92180008685137]}, {"gosnr_load_27": [16.653229503287417, 17.424074616820448, 17.306941673030202, 16.802163378267075, 17.092411721530198, 16.964336074137897, 16.814452713905936, 17.654260271221524, 16.80630399569184, 16.766027850079944, 17.17597794437906, 17.02784607246834, 17.26772813575899, 16.63023419660862, 17.394871740797072, 17.44576014377772, 16.637632574539147, 17.67038116284977, 16.839546627119656, 17.472538904633183, 17.414733054778612, 16.994803021434606, 16.92480735339937, 17.453089544193897, 17.25549335190515, 17.019656981698088, 16.807944313521112]}]}