{"tests": [{"osnr_load_54": [17.306364556235565, 17.307498614742983, 17.30976584279011, 17.313164464761485, 17.315428734477777, 17.316560426319075, 17.3176918230211, 17.318822924737674, 17.319953731622487, 17.322214461511045, 17.323344384821585, 17.324474013913957, 17.32560334894127, 17.3267323900565, 17.32898959116203, 17.331245618452, 17.333500473145964, 17.336880559232476, 17.33800666961456, 17.33913248775949, 17.34138324794397, 17.34250819028629, 17.343632840996968, 17.34475720022709, 17.345881268127624, 17.34700504484942, 17.348128530543214, 17.35037462944913, 17.352619566048904, 17.35374159885958, 17.3548633415442, 17.35598479425267, 17.35710595713481, 17.360467708319423, 17.361587713391877, 17.362707429385253, 17.363826856448654, 17.364945994731077, 17.369419663026743, 17.37165476835399, 17.37388872271606, 17.37500526865526, 17.37612152729707, 17.377237498789217, 17.378353183279316, 17.379468580914875, 17.382813054167595, 17.38392730585773, 17.38504127142912, 17.386154951028594, 17.38949427546206, 17.390606812639835, 17.391719064578112, 17.392831031423032]}, {"gosnr_load_54": [16.949849448656128, 16.920544426236507, 17.047257123811555, 17.04587442699109, 16.975108206863247, 16.9063349480636, 16.942027519733827, 17.037047636562434, 17.034278285815702, 17.03666929340922, 17.052863309237324, 16.954678873166213, 16.8978791159578, 17.03076411503889, 16.99508704758944, 16.996401509016227, 16.918029882257873, 16.966627537601834, 16.96819858324349, 16.93018187074121, 16.919597201969466, 16.939162364392654, 17.057144044980245, 17.094047078861777, 16.9449728784079, 16.935643621511566, 16.955923659794642, 17.00392059812748, 16.91377501779393, 16.909181605251693, 16.993843622707047, 16.947518305349007, 16.919406569517378, 16.999961576467868, 17.00700965760197, 16.942556100912007, 16.899149067546166, 16.935079276034006, 16.941093948264005, 16.910416296706728, 16.966036660999045, 16.980447610803612, 16.896089836009686, 16.966455477161368, 16.991941757091652, 16.96066669102062, 16.94931358418257, 16.92322019152762, 17.046327062264307, 17.01139314191478, 17.025327101626626, 16.95355700372773, 17.02210383122569, 16.930564341576975]}]}