{"tests": [{"osnr_load_81": [17.302960600918638, 17.304095549478472, 17.30523020119906, 17.306364556235543, 17.30749861474296, 17.308632376876215, 17.30976584279009, 17.310899012639243, 17.31203188657823, 17.313164464761464, 17.314296747343246, 17.315428734477752, 17.31656042631905, 17.31769182302108, 17.31882292473765, 17.319953731622466, 17.321084243829105, 17.32221446151102, 17.32334438482156, 17.324474013913935, 17.32560334894125, 17.326732390056478, 17.327861137412487, 17.32898959116201, 17.330117751457674, 17.33124561845198, 17.332373192297315, 17.333500473145943, 17.33462746115001, 17.335754156461544, 17.33688055923246, 17.338006669614536, 17.339132487759464, 17.340258013818787, 17.34138324794395, 17.342508190286267, 17.343632840996946, 17.34475720022707, 17.345881268127602, 17.3470050448494, 17.34812853054319, 17.349251725359593, 17.350374629449107, 17.351497242962118, 17.352619566048883, 17.353741598859557, 17.354863341544174, 17.35598479425265, 17.357105957134785, 17.35822683034026, 17.35934741401865, 17.3604677083194, 17.361587713391852, 17.362707429385228, 17.363826856448632, 17.364945994731055, 17.366064844381373, 17.367183405548346, 17.368301678380618, 17.369419663026726, 17.370537359635073, 17.371654768353967, 17.3727718893316, 17.37388872271604, 17.37500526865524, 17.376121527297048, 17.3772374987892, 17.378353183279298, 17.379468580914853, 17.380583691843256, 17.381698516211774, 17.382813054167574, 17.383927305857704, 17.385041271429095, 17.386154951028573, 17.38726834480284, 17.388381452898503, 17.389494275462035, 17.390606812639813, 17.391719064578087, 17.392831031423015]}, {"gosnr_load_81": [16.81606068980418, 16.859040973757452, 16.797932885293648, 16.797019090737916, 16.8002117494471, 16.794018881119452, 16.800200010031315, 16.795037876872474, 16.860589152048277, 16.79538095634606, 16.900701910068946, 16.805017830529387, 16.83992587354656, 16.794046467069382, 16.794277776476733, 16.923403683322856, 16.836860498184045, 16.94169206161827, 16.84926897996538, 16.809584312693172, 16.798992314604384, 16.843202139125736, 16.793863369346308, 16.87625296058164, 16.803212626702017, 16.79850945936907, 16.81984041996142, 16.80682255516671, 16.793791983970607, 16.817901180030585, 17.026251005605854, 16.794600667972894, 16.869291080183682, 16.80944197608691, 16.803202062577146, 16.818778559140867, 16.812133793717443, 16.801608217172145, 16.95257424111405, 16.909742989409537, 16.854590394320354, 16.793886662436663, 16.889788419224523, 16.797758081967814, 16.828727986550966, 16.79644304680204, 16.840541468797944, 16.79380086627348, 16.795581305041228, 16.80113991652687, 16.827763856784028, 16.794262951260595, 16.802143797272628, 16.81107918617444, 16.805550347524235, 16.8240416874038, 16.815220213235683, 16.80708546567416, 16.797069204893486, 16.794578450001765, 16.898846231015906, 16.795880063879615, 16.808166386602032, 16.82188480935093, 16.794946678132657, 16.83127846881915, 16.799323352463883, 16.833984140581183, 16.850498518117003, 16.969337595155174, 16.83353775530542, 16.882043451534617, 16.804347639868972, 16.812654283634572, 16.826319496645525, 16.81431335607123, 16.796238714126588, 16.82291223875626, 16.863913662891193, 16.84671564908043, 16.87528362834803]}]}