{"tests_qot": [{"osnr_load_qot_27": [17.700068969946653, 17.739295760022504, 17.75233968798895, 17.830272007804247, 17.89478383135031, 17.920479205636465, 17.946112309390617, 17.958905555245632, 17.971683287976052, 18.009923589054225, 18.048024925789925, 18.073348856568046, 18.123812666402294, 18.13639038054934, 18.161500049777032, 18.211536859342516, 18.29851868361318, 18.32323514863128, 18.347891663358613, 18.409271615937808, 18.470280038576316, 18.506707695310123, 18.530919184626768, 18.543002898723827, 18.555071949763576, 18.67495994508056, 18.68686888800734]}, {"gosnr_load_qot_27": [17.581552361523197, 18.2278206892778, 18.135184716505737, 17.690032955656903, 17.95000540905799, 17.840503572499145, 17.711706987105064, 18.434845514734313, 17.697247489680496, 17.68242721275876, 18.02593184316208, 17.888659138231912, 18.0999160532563, 17.571360417942014, 18.21336513621988, 18.25535677023726, 17.568265241385987, 18.44899271432237, 17.726467409988093, 18.27194544679616, 18.217624228008255, 17.866842028000715, 17.807425403044675, 18.25831059320072, 18.09153024310617, 17.882661861741965, 17.710952832943054]}]}