{"tests_qot": [{"osnr_load_qot_54": [18.160954170228884, 18.162088096014134, 18.164355058617044, 18.16775328242241, 18.1700172866949, 18.17114884581436, 18.17228010979459, 18.173411078789403, 18.174541752952507, 18.176802217397757, 18.177932007986705, 18.17906150435753, 18.18019070666334, 18.181319615057102, 18.183576550719824, 18.185832312567154, 18.18808690181864, 18.191466589741747, 18.192592567402777, 18.19371825282669, 18.19596874756928, 18.197093557190712, 18.19821807518054, 18.19934230168986, 18.20046623686963, 18.201589880870706, 18.202713233843816, 18.204959067308497, 18.2072037384672, 18.208325638557405, 18.209447248521588, 18.21056856850967, 18.21168959867146, 18.21505095169528, 18.21617082404754, 18.217290407320775, 18.21840970166408, 18.21952870722644, 18.224001844642284, 18.226236684529866, 18.228470373452435, 18.22958678667195, 18.23070291259411, 18.231818751366653, 18.23293430313719, 18.234049568053226, 18.237393643147627, 18.238507762118402, 18.239621594970476, 18.240735141850678, 18.24407406812657, 18.245186472585235, 18.246298591804443, 18.24741042593034]}, {"gosnr_load_qot_54": [17.79840113427791, 17.768682291858717, 17.897692983042035, 17.895171418923365, 17.823887673975932, 17.754451160760954, 17.790913670737105, 17.88630235411066, 17.883435994065128, 17.886115428423377, 17.902556647023648, 17.80314441863706, 17.745870223120118, 17.88100744656854, 17.84381565671748, 17.84540248873376, 17.766524033736836, 17.815611755419106, 17.81664788350819, 17.778430781317898, 17.76820252632397, 17.787980279436617, 17.9066215982967, 17.943974337306607, 17.793340932524956, 17.784158603263535, 17.804226901014083, 17.853477714686328, 17.762243421423708, 17.757275362778856, 17.843296625768264, 17.796219695774674, 17.768024508243908, 17.848739581101533, 17.855955717927902, 17.79087758681613, 17.747126974633392, 17.783631928151276, 17.789590515188898, 17.758825561922713, 17.815302478722778, 17.829433325837346, 17.744042790569903, 17.815165830021332, 17.840763484725144, 17.809061795459233, 17.798205038768934, 17.771407883233167, 17.896797239327704, 17.861019663934105, 17.87541903923186, 17.8018441051821, 17.871204992144737, 17.779344544317397]}]}