{"tests_qot": [{"osnr_load_qot_81": [18.157550613078733, 18.15868542891627, 18.15981994791461, 18.160954170228884, 18.162088096014134, 18.16322172542526, 18.164355058617044, 18.16548809574416, 18.166620836961137, 18.16775328242241, 18.16888543228227, 18.1700172866949, 18.17114884581436, 18.17228010979459, 18.173411078789403, 18.174541752952507, 18.17567213243747, 18.176802217397757, 18.177932007986705, 18.17906150435753, 18.18019070666334, 18.181319615057102, 18.182448229691683, 18.183576550719824, 18.184704578294145, 18.185832312567154, 18.186959753691227, 18.18808690181864, 18.18921375710153, 18.190340319691927, 18.191466589741747, 18.192592567402777, 18.19371825282669, 18.194843646165044, 18.19596874756928, 18.197093557190712, 18.19821807518054, 18.19934230168986, 18.20046623686963, 18.201589880870706, 18.202713233843816, 18.20383629593958, 18.204959067308497, 18.20608154810095, 18.2072037384672, 18.208325638557405, 18.209447248521588, 18.21056856850967, 18.21168959867146, 18.212810339156626, 18.21393079011475, 18.21505095169528, 18.21617082404754, 18.217290407320775, 18.21840970166408, 18.21952870722644, 18.22064742415674, 18.22176585260374, 18.222883992716074, 18.224001844642284, 18.22511940853078, 18.226236684529866, 18.227353672787725, 18.228470373452435, 18.22958678667195, 18.23070291259411, 18.231818751366653, 18.23293430313719, 18.234049568053226, 18.235164546262148, 18.236279237911223, 18.237393643147627, 18.238507762118402, 18.239621594970476, 18.240735141850678, 18.241848402905717, 18.242961378282185, 18.24407406812657, 18.245186472585235, 18.246298591804443, 18.24741042593034]}, {"gosnr_load_qot_81": [17.662735245269324, 17.706046512557695, 17.64488587298519, 17.64394575182238, 17.64722321163375, 17.640819550091354, 17.646846663101694, 17.641895351777528, 17.708587603865425, 17.64206792354048, 17.749255433542782, 17.652134932457272, 17.68675968603614, 17.640774623018757, 17.640994325070977, 17.77112120789632, 17.683669695522045, 17.78963232878646, 17.69710526574331, 17.65623439016782, 17.64597350709412, 17.690063271588052, 17.640647469306735, 17.72447080831975, 17.64985410090653, 17.645163622913028, 17.666534126959558, 17.653466472745432, 17.640560594971145, 17.66458468079797, 17.875272145042793, 17.64143795352164, 17.71639884350819, 17.656645295172805, 17.650281187463285, 17.66614624031102, 17.659386440909785, 17.648652235288775, 17.80182941897027, 17.7572984129586, 17.701553516707932, 17.640627342035224, 17.737115760877955, 17.644417200014406, 17.67547696493301, 17.64311447251632, 17.688249637691143, 17.640555018321827, 17.642460335871043, 17.647784022608132, 17.675277031130598, 17.641081326768028, 17.648786172965142, 17.657733797992613, 17.65219257158898, 17.67075993020091, 17.66252731092771, 17.654243804891752, 17.64373407598545, 17.641284279720576, 17.74627564211237, 17.642558851883862, 17.65481291147531, 17.668590065617135, 17.641642653918428, 17.678045467125685, 17.64597336002361, 17.680771145319095, 17.697423841388765, 17.817623839292146, 17.681140388557225, 17.72928577682705, 17.650989057134357, 17.65931445342449, 17.673052271700694, 17.660980155450403, 17.64314076814355, 17.67034798939194, 17.710967057734177, 17.693607146739733, 17.722453708099458]}]}