{"tests_qot": [{"osnr_load_qot_27": [8.44789512470739, 8.659388080342778, 8.729285327247323, 9.142356073231149, 9.478309379188598, 9.610585471294517, 9.74165960957592, 9.806746281251419, 9.87153290506038, 10.064094452845056, 10.25396344170921, 10.37905060128313, 10.625655755830053, 10.686565692401906, 10.807498904545238, 11.045831943269755, 11.451667950520703, 11.56501544500621, 11.677214634800778, 11.95272714509715, 12.221196076541158, 12.37894023247225, 12.482727392488634, 12.534211079701684, 12.585422775034745, 13.082798920577584, 13.131085129468492]}, {"gosnr_load_qot_27": [8.654664909443003, 11.790015899371655, 11.365899322336503, 9.639257621734291, 10.604574578993635, 10.095659003323362, 9.486504347662155, 12.295777066353056, 9.589040959591701, 9.064992250904355, 10.845521411755175, 10.462519212534085, 11.254694347947039, 8.393772714103648, 11.620003960772934, 11.796292239057433, 8.58619779917863, 12.34024841736314, 9.714156522613447, 11.912408013759075, 11.773828474268534, 10.21338424499524, 9.921016265800947, 11.842588635426575, 11.177896881057626, 10.411875536570257, 9.372517440408425]}]}