{"tests_qot": [{"osnr_load_qot_54": [10.95915967501293, 10.960294202295355, 10.962562367892232, 10.965962396187642, 10.968227603452883, 10.969359764068528, 10.97049162954483, 10.971623200035589, 10.972754475694517, 10.975016143131047, 10.976146535215454, 10.977276633081608, 10.978406436882624, 10.97953594677148, 10.981794085424001, 10.984051050260657, 10.986306842500962, 10.989688334906397, 10.99081491406129, 10.991941200978948, 10.994192898708647, 10.995318309823451, 10.996443429306533, 10.997568257308972, 10.998692793981755, 10.999817039475712, 11.000940993941576, 11.00318803039141, 11.00543390453478, 11.006556406117129, 11.007678617573335, 11.008800539053329, 11.009922170706886, 11.013285328205317, 11.014405802048874, 11.015525986813275, 11.01664588264762, 11.017765489700903, 11.022241033079217, 11.024477075947292, 11.026711967849865, 11.027828982559203, 11.028945709971062, 11.030062150233178, 11.03117830349317, 11.032294169898533, 11.035640049460191, 11.03675476991981, 11.0378692042606, 11.038983352629394, 11.042324083370339, 11.0434370893171, 11.0445498100243, 11.04566224563805]}, {"gosnr_load_qot_54": [10.595074247111684, 10.565067145443729, 10.695640961757704, 10.692413161182461, 10.620729738274477, 10.550807008541764, 10.587784965907034, 10.683507948527414, 10.68057844757927, 10.6834390098133, 10.700051523017963, 10.599769619691138, 10.542139452729899, 10.678817603616507, 10.640648597541277, 10.642405361588821, 10.563126423422776, 10.612571006976248, 10.613278065862385, 10.574894917175545, 10.5648753890908, 10.58480620312874, 10.703987835760255, 10.741660946933578, 10.589895088669653, 10.58079329638159, 10.600753120367346, 10.650833043132604, 10.558825209465732, 10.553620451672801, 10.640576243278176, 10.592982805166667, 10.564704961911877, 10.645608535316013, 10.652936525172759, 10.587400272252026, 10.543389434273836, 10.580289292769514, 10.586219846818645, 10.555367090193661, 10.61243525351992, 10.626408910303995, 10.540286473392129, 10.611955511067348, 10.637650494311043, 10.605650087006648, 10.595087684417447, 10.567826491075703, 10.6947654015901, 10.658426329322719, 10.67312937210507, 10.598357718297244, 10.66829872222393, 10.57613764525569]}]}