{"tests_qot": [{"osnr_load_qot_81": [10.955754313370543, 10.956889730705619, 10.958024851201362, 10.95915967501293, 10.960294202295355, 10.961428433203524, 10.962562367892232, 10.96369600651615, 10.964829349229817, 10.965962396187642, 10.96709514754394, 10.968227603452883, 10.969359764068528, 10.97049162954483, 10.971623200035589, 10.972754475694517, 10.973885456675186, 10.975016143131047, 10.976146535215454, 10.977276633081608, 10.978406436882624, 10.97953594677148, 10.980665162901024, 10.981794085424001, 10.982922714493053, 10.984051050260657, 10.985179092879198, 10.986306842500962, 10.987434299278087, 10.988561463362592, 10.989688334906397, 10.99081491406129, 10.991941200978948, 10.993067195810918, 10.994192898708647, 10.995318309823451, 10.996443429306533, 10.997568257308972, 10.998692793981755, 10.999817039475712, 11.000940993941576, 11.002064657529989, 11.00318803039141, 11.004311112676259, 11.00543390453478, 11.006556406117129, 11.007678617573335, 11.008800539053329, 11.009922170706886, 11.01104351268372, 11.012164565133373, 11.013285328205317, 11.014405802048874, 11.015525986813275, 11.01664588264762, 11.017765489700903, 11.018884808122005, 11.020003838059676, 11.021122579662567, 11.022241033079217, 11.023359198458023, 11.024477075947292, 11.025594665695216, 11.026711967849865, 11.027828982559203, 11.028945709971062, 11.030062150233178, 11.03117830349317, 11.032294169898533, 11.033409749596668, 11.034525042734824, 11.035640049460191, 11.03675476991981, 11.0378692042606, 11.038983352629394, 11.040097215172908, 11.041210792037727, 11.042324083370339, 11.0434370893171, 11.0445498100243, 11.04566224563805]}, {"gosnr_load_qot_81": [10.45810199600922, 10.501664197797517, 10.440405246621673, 10.439447878997811, 10.442781159815635, 10.436240612767998, 10.442179167165639, 10.437352606401245, 10.50482071158033, 10.437420183307148, 10.545875506965434, 10.44776331311512, 10.482250553891653, 10.436150907458279, 10.436363684344164, 10.567249335904279, 10.479142042414171, 10.585918350222016, 10.493225845064913, 10.451579064321084, 10.44151144409184, 10.485574562399522, 10.436058127244987, 10.520856599731534, 10.445186630215806, 10.440498958807067, 10.461916773549365, 10.44880437952374, 10.435961605539504, 10.459958936368782, 10.672321055613988, 10.436882264850556, 10.51209084025459, 10.452331703400013, 10.44588415268106, 10.46194425993187, 10.4551062243759, 10.444231797689111, 10.598940651753509, 10.553311310902956, 10.497140162236816, 10.436011194296892, 10.532965817648654, 10.439754793553725, 10.470903330158324, 10.438458264643753, 10.484281576792862, 10.435947103824052, 10.437931491978425, 10.443115958897309, 10.471174649562379, 10.436513591826921, 10.444118114772277, 10.453082877535579, 10.447528068520118, 10.466162257020633, 10.458284061894316, 10.449899887120814, 10.439074487575981, 10.436647337012442, 10.542198697999943, 10.437906591259587, 10.450153869925941, 10.463982047190433, 10.437000015944044, 10.473485716077551, 10.441306998712115, 10.476226674673239, 10.492982694536714, 10.614154461250456, 10.477099528648699, 10.5250748301797, 10.44632276697397, 10.45466865753356, 10.468466030343045, 10.456340237083047, 10.438626854514684, 10.466192527954234, 10.506619608487979, 10.48914100195937, 10.51819074114512]}]}