{"tests": [{"osnr_load_27": [12.074443032817248, 12.18699563012104, 12.224311645795392, 12.446097663760607, 12.628166049701154, 12.70029547539762, 12.772027311859766, 12.807744400222742, 12.84336241390712, 12.949623124974892, 13.05499625773158, 13.12475349690513, 13.26309278442075, 13.297433518670621, 13.365822999253417, 13.50143779676978, 13.735052122581692, 13.800937133554243, 13.86644128416174, 14.028543653686416, 14.188293649403658, 14.283023195455053, 14.345712237020782, 14.376918087256417, 14.40803172719519, 14.714136537171548, 14.744247939303353]}, {"gosnr_load_27": [12.110661343903306, 13.907594700612801, 13.616221880648709, 12.593896153067055, 13.160795658493418, 12.874213626078227, 12.538510828454095, 14.308350255480555, 12.575741317017368, 12.339007047712375, 13.31194922684845, 13.063120921905222, 13.544130373708514, 11.990749144174515, 13.782482135468314, 13.898843107282907, 12.074252925988283, 14.339514011631957, 12.645886222164979, 13.991720368701703, 13.901268038944515, 12.94060213705672, 12.779537519109548, 13.934133686077388, 13.502610645541628, 13.037171105388243, 12.488166859755513]}]}