{"tests": [{"osnr_load_54": [13.434336815609598, 13.435471234183737, 13.437739182364087, 13.441138884534762, 13.44340387438357, 13.444535926291017, 13.445667683059119, 13.446799144841698, 13.447930311792453, 13.450191761812665, 13.451322045188927, 13.452452034346948, 13.453581729439843, 13.454711130620575, 13.456969051856909, 13.459225799277394, 13.46148137410159, 13.46486254038291, 13.465989010829784, 13.467115189039431, 13.46936666935315, 13.470491971759976, 13.471616982535089, 13.472741701829582, 13.473866129794406, 13.474990266580429, 13.476114112338367, 13.478360931372379, 13.480606588099953, 13.481728980974424, 13.482851083722764, 13.48397289649489, 13.48509441944061, 13.488457250815538, 13.48957761595129, 13.490697692007888, 13.491817479134447, 13.492936977479948, 13.497412086027225, 13.499647911479851, 13.501882585967017, 13.502999491968657, 13.50411611067283, 13.505232442227275, 13.506348486779602, 13.50746424447731, 13.510809797916068, 13.511924409668069, 13.513038735301262, 13.514152774962458, 13.51749317958067, 13.518606076819886, 13.51971868881953, 13.52083101572575]}, {"gosnr_load_54": [13.069537721627382, 13.039508635808609, 13.170210195718909, 13.166909011565169, 13.095203811755747, 13.025249389416802, 13.062271317515888, 13.158002532228029, 13.155067222002796, 13.157946025665627, 13.17457182492303, 13.074226744922239, 13.016575112562066, 13.153377126526852, 13.115116112940875, 13.116890257767523, 13.037591331996868, 13.087059693462106, 13.08773193947242, 13.049342022701682, 13.039347226421317, 13.059288610709231, 13.178493479333564, 13.216189481129494, 13.064347493522167, 13.055256704101946, 13.07519955974309, 13.125352640452563, 13.033289140687238, 13.028060924361712, 13.115090768258671, 13.067456329170554, 13.039177644890415, 13.120078440999286, 13.12741612866937, 13.061850061326027, 13.01782403778799, 13.054755225259616, 13.06068118188848, 13.029827742305587, 13.086942232169713, 13.100895435671587, 13.014719956471376, 13.086426532237725, 13.112124541602395, 13.080101687755024, 13.069573195984884, 13.04227076757914, 13.169337009058628, 13.132949181614029, 13.147680007435143, 13.072803500142921, 13.142785857281531, 13.05061900854216]}]}