{"tests": [{"osnr_load_81": [13.430931780092061, 13.432067088718833, 13.43320210050628, 13.434336815609555, 13.435471234183696, 13.436605356383595, 13.437739182364048, 13.438872712279712, 13.44000594628513, 13.441138884534723, 13.4422715271828, 13.443403874383531, 13.444535926290976, 13.44566768305908, 13.446799144841659, 13.447930311792414, 13.44906118406491, 13.450191761812624, 13.451322045188885, 13.452452034346907, 13.4535817294398, 13.454711130620531, 13.455840238041976, 13.456969051856866, 13.458097572217822, 13.459225799277352, 13.460353733187837, 13.461481374101545, 13.46260872217062, 13.463735777547086, 13.464862540382867, 13.465989010829741, 13.467115189039392, 13.468241075163368, 13.469366669353107, 13.470491971759937, 13.471616982535048, 13.472741701829538, 13.473866129794365, 13.474990266580386, 13.476114112338324, 13.477237667218809, 13.478360931372338, 13.47948390494928, 13.480606588099908, 13.481728980974381, 13.482851083722721, 13.48397289649485, 13.485094419440568, 13.486215652709554, 13.48733659645138, 13.488457250815495, 13.48957761595125, 13.490697692007847, 13.491817479134404, 13.492936977479905, 13.494056187193237, 13.495175108423147, 13.496293741318283, 13.497412086027188, 13.49853014269826, 13.499647911479808, 13.500765392520025, 13.501882585966973, 13.502999491968614, 13.50411611067279, 13.505232442227236, 13.506348486779562, 13.50746424447727, 13.508579715467754, 13.509694899898289, 13.510809797916028, 13.51192440966803, 13.513038735301217, 13.514152774962415, 13.515266528798344, 13.516379996955584, 13.51749317958063, 13.518606076819847, 13.519718688819491, 13.52083101572571]}, {"gosnr_load_81": [12.932465666412128, 12.976042430155378, 12.914789736359575, 12.913830812652105, 12.91716906667072, 12.910615884262832, 12.916543529338629, 12.911731384792864, 12.97926280518677, 12.911787902852279, 13.020347039822118, 12.922157284885891, 12.956620735081483, 12.91052149443505, 12.910733485931337, 13.041663220517282, 12.953511120003508, 13.060343659218795, 12.96765926502224, 12.92594217383542, 12.915897588301501, 12.95994598802783, 12.910432353672936, 12.995310365991998, 12.919550185415076, 12.914864070833147, 12.93628108462662, 12.923167525513373, 12.910334843441271, 12.934322894260472, 13.146802334894359, 12.911259808608733, 12.98647403919153, 12.926730545764935, 12.920275958013686, 12.936352243913927, 12.929507827906834, 12.918621586962928, 13.073449135232298, 13.027716930947726, 12.971516364107627, 12.910382614605169, 13.007359916095961, 12.91412034314732, 12.94526980650466, 12.912824814702486, 12.958708107280358, 12.910319407113937, 12.912311576571916, 12.917480009237119, 12.945590609936787, 12.91088996794479, 12.918481895909622, 12.927446044646143, 12.921891305053965, 12.940527489271226, 12.93268869498017, 12.924296196144311, 12.913440516458213, 12.911016399689334, 13.016597933629512, 12.912273704709072, 12.924516973030471, 12.938346781420256, 12.911368384951189, 12.947852952593227, 12.915671714882265, 12.950594774805955, 12.96735710633872, 13.08859761726554, 12.951520352889432, 12.999464679676613, 12.920686140307785, 12.92903193560226, 12.94283184112529, 12.93070368196513, 12.913008322157868, 12.940604255068248, 12.981000154576549, 12.963513830585999, 12.992577006818157]}]}