{"tests_qot": [{"osnr_load_qot_27": [12.44850117719711, 12.553557981716107, 12.588398723743474, 12.79557762333815, 12.965792853678678, 13.033262074415923, 13.100379904673726, 13.133807286964698, 13.16714711044558, 13.266642222869576, 13.365352939175558, 13.430725703724065, 13.560432621241707, 13.592643622497677, 13.656807548992681, 13.784106378485454, 14.003598092848037, 14.06554785769129, 14.127160786486881, 14.27972647191855, 14.430210698185935, 14.51950947283082, 14.578631169083799, 14.60806921347899, 14.63742558748568, 14.926530948533145, 14.954999058698622]}, {"gosnr_load_qot_27": [12.470686830358792, 14.157897130925917, 13.88193812753161, 12.91589751344411, 13.451964301007857, 13.182830864419676, 12.868047670757022, 14.543201237702657, 12.900222800122425, 12.685574717267137, 13.595799367995351, 13.357914579362129, 13.813276366758785, 12.361668488912667, 14.040205549786764, 14.150398099321679, 12.436676954311308, 14.572914415970853, 12.966190785574152, 14.238347272884083, 14.151757641855978, 13.245229177149294, 13.09431571629629, 14.183591205638361, 13.77474725391011, 13.333904294217206, 12.822614188594992]}]}