{"tests_qot": [{"osnr_load_qot_54": [13.718602975226757, 13.719737376874317, 13.722005291201517, 13.725404942592478, 13.727669898588156, 13.72880193356904, 13.729933673410581, 13.731065118266603, 13.7321962682908, 13.734457684457906, 13.735587950907615, 13.736717923139086, 13.737847601305432, 13.738976985559624, 13.741234872942872, 13.743491586510284, 13.745747127481412, 13.749128242983144, 13.750254696503495, 13.751380857786621, 13.7536323042473, 13.754757589727616, 13.755882583576211, 13.757007285944189, 13.758131696982506, 13.759255816842018, 13.760379645673451, 13.762626430854457, 13.764872053729029, 13.765994429677006, 13.767116515498854, 13.768238311344486, 13.769359817363718, 13.772722597959186, 13.773842946168456, 13.774963005298575, 13.776082775498654, 13.777202256917683, 13.781677297759076, 13.78391308935877, 13.786147729993012, 13.787264619068198, 13.788381220845917, 13.789497535473904, 13.790613563099779, 13.79172930387104, 13.795074806530462, 13.796189401356022, 13.797303710062769, 13.79841773279753, 13.80175808663644, 13.802870966949229, 13.803983562022445, 13.80509587200224]}, {"gosnr_load_qot_54": [13.355126050308947, 13.325200712235377, 13.455328628494334, 13.45230686591278, 13.380734283329144, 13.310947898811943, 13.347778292528023, 13.44341147348928, 13.4405001733589, 13.443308064520433, 13.459871919714324, 13.35983579815605, 13.302304944643634, 13.438544137603369, 13.400657438003039, 13.40236471112966, 13.323196298581356, 13.372540657436353, 13.37334388911856, 13.335006121836127, 13.324924821878007, 13.344812540680824, 13.46384613695376, 13.501428811832534, 13.349981215655811, 13.34085516339983, 13.360848288504506, 13.410690132687035, 13.31890075528506, 13.313764710382792, 13.40045460600665, 13.353008152567236, 13.324752163837632, 13.40560726400807, 13.412903185354054, 13.347495388608333, 13.303557003677966, 13.340344497232635, 13.346283719218464, 13.315454116369178, 13.372354207843811, 13.386374919944622, 13.300459277795229, 13.371974640472493, 13.397643296184334, 13.36572752403609, 13.355078288155735, 13.327950422073684, 13.454447099209478, 13.418269047851846, 13.432884597050146, 13.358456373628115, 13.42823366460836, 13.33615286829421]}]}