{"tests_qot": [{"osnr_load_qot_81": [13.71519799048901, 13.716333282189195, 13.71746827705006, 13.718602975226757, 13.719737376874317, 13.720871482147638, 13.722005291201517, 13.723138804190608, 13.724272021269456, 13.725404942592478, 13.72653756831399, 13.727669898588156, 13.72880193356904, 13.729933673410581, 13.731065118266603, 13.7321962682908, 13.733327123636744, 13.734457684457906, 13.735587950907615, 13.736717923139086, 13.737847601305432, 13.738976985559624, 13.740106076054523, 13.741234872942872, 13.742363376377291, 13.743491586510284, 13.744619503494235, 13.745747127481412, 13.746874458623955, 13.748001497073897, 13.749128242983144, 13.750254696503495, 13.751380857786621, 13.75250672698408, 13.7536323042473, 13.754757589727616, 13.755882583576211, 13.757007285944189, 13.758131696982506, 13.759255816842018, 13.760379645673451, 13.761503183627433, 13.762626430854457, 13.763749387504902, 13.764872053729029, 13.765994429677006, 13.767116515498854, 13.768238311344486, 13.769359817363718, 13.770481033706217, 13.771601960521556, 13.772722597959186, 13.773842946168456, 13.774963005298575, 13.776082775498654, 13.777202256917683, 13.778321449704539, 13.779440354007978, 13.780558969976644, 13.781677297759076, 13.782795337503684, 13.78391308935877, 13.785030553472524, 13.786147729993012, 13.787264619068198, 13.788381220845917, 13.789497535473904, 13.790613563099779, 13.79172930387104, 13.792844757935079, 13.793959925439164, 13.795074806530462, 13.796189401356022, 13.797303710062769, 13.79841773279753, 13.799531469707023, 13.800644920937827, 13.80175808663644, 13.802870966949229, 13.803983562022445, 13.80509587200224]}, {"gosnr_load_qot_81": [13.218524366915931, 13.262016735696822, 13.200781659569927, 13.199829253244681, 13.203146494404617, 13.196645408094767, 13.202610288011796, 13.197746920148468, 13.264993772500786, 13.19784516239441, 13.305938829539718, 13.208108470577704, 13.242638585886075, 13.19656877165571, 13.196783587439015, 13.327458056950112, 13.239535237025223, 13.346082467320198, 13.253430849244602, 13.212007369031266, 13.201882522845924, 13.245956893578683, 13.19646594662899, 13.280986345740622, 13.20561797953195, 13.20092912103755, 13.222334802930636, 13.209234442473395, 13.196372234542647, 13.220379261899824, 13.432269421855361, 13.197280321431649, 13.272422506798227, 13.212660274019557, 13.206236584618349, 13.222240992696502, 13.215425266528872, 13.204590934188724, 13.358864800120159, 13.313552561862817, 13.257501405147234, 13.196426837650517, 13.293252992442108, 13.20018423821693, 13.231309301456662, 13.198885797681353, 13.244511759401355, 13.196360337939543, 13.198321791579868, 13.203547318984793, 13.23144302352263, 13.196915137251642, 13.204549551835207, 13.213510013981038, 13.207958734982801, 13.226574873981992, 13.21859255834416, 13.210237122743804, 13.199503056039008, 13.197069102574234, 13.302465294091114, 13.198332928446654, 13.210583147718344, 13.224397513301193, 13.19742347220856, 13.233887836941733, 13.201737719871055, 13.236624549889719, 13.25335172356459, 13.374249434743062, 13.237350403703994, 13.285379189043871, 13.206753860698896, 13.215094422189743, 13.228875490684013, 13.216764416868847, 13.199012848667312, 13.226476010273213, 13.26696235878556, 13.249517026365275, 13.278509742013096]}]}