{"tests_qot": [{"osnr_load_qot_27": [19.264169545802837, 19.293570316505416, 19.303351274045173, 19.36183510167142, 19.410308346387694, 19.429630940976285, 19.448915542916648, 19.45854362233546, 19.46816223440876, 19.49696136910292, 19.525675666572955, 19.544771536106705, 19.582850853497654, 19.592347321094483, 19.611312293396956, 19.649130670746427, 19.71495657613263, 19.733681091329554, 19.75236891595535, 19.798928483867194, 19.845260491898216, 19.872950987884984, 19.89136618939076, 19.900560281254272, 19.90974538044432, 20.00110395649351, 20.01019079011806]}, {"gosnr_load_qot_27": [19.124733868202433, 19.609214581600448, 19.5481143757409, 19.1854629446506, 19.402465856298583, 19.31749710446988, 19.21654027346287, 19.78208733076086, 19.195770028060142, 19.209077386202033, 19.46707810443056, 19.347032340325057, 19.51860034394, 19.128854491819975, 19.61244482095288, 19.6427973937637, 19.114456766482455, 19.793422123877477, 19.219473267539854, 19.64674973901707, 19.598254495036365, 19.33831515978897, 19.29269290189655, 19.640540146146495, 19.514835288035805, 19.343692761288228, 19.222063545779502]}]}