{"tests_qot": [{"osnr_load_qot_54": [19.600923768817026, 19.60205740248705, 19.604323780859858, 19.607721128320968, 19.609984548364558, 19.611115815369747, 19.612246787235822, 19.613377464116603, 19.614507846165793, 19.61676772638358, 19.61789722485897, 19.61902642911636, 19.62015533930885, 19.62128395558942, 19.623540307026108, 19.62579548464788, 19.62804948967429, 19.631428301260684, 19.63255398680971, 19.633679380121748, 19.63592929064093, 19.637053808150842, 19.638178034029274, 19.639301968427308, 19.640425611495914, 19.641548963385947, 19.642672024248135, 19.644917273491327, 19.64716136042902, 19.648282968408896, 19.64940428626288, 19.650525314140875, 19.651646052192692, 19.655006528887327, 19.656126109130106, 19.65724540029397, 19.658364402528026, 19.659483115981256, 19.663955084961778, 19.666189340632414, 19.66842244533852, 19.66953856644998, 19.67065440026421, 19.671769946928936, 19.67288520659178, 19.674000179400238, 19.677343378172637, 19.678457205036313, 19.67957074578141, 19.680684000554756, 19.68402205051079, 19.68513416286308, 19.68624598997603, 19.687357531995787]}, {"gosnr_load_qot_54": [19.246949671544055, 19.217958055828323, 19.34295997414767, 19.342372915720016, 19.27202815889489, 19.203775540893044, 19.238900887589104, 19.33358320027453, 19.330883913333416, 19.333071625603, 19.34907926426988, 19.251835155952136, 19.195414076355732, 19.326615394043554, 19.292025559264598, 19.29314882754256, 19.215196916841023, 19.263411767132936, 19.265354807397074, 19.227509927442703, 19.216685334455462, 19.2360857557626, 19.353506856420978, 19.390064235581832, 19.2422053695225, 19.232781386372125, 19.253192182354585, 19.30027348000194, 19.210963573260905, 19.206635503085508, 19.29027771005679, 19.244516004058895, 19.216486057105946, 19.29686147216143, 19.303786275099498, 19.23982312617858, 19.196692187795698, 19.23219122147529, 19.238239995655604, 19.207648929516694, 19.26262489093306, 19.277219113455807, 19.19365291766728, 19.263430973484134, 19.288817953897976, 19.2578670969486, 19.24617713125511, 19.220596804092434, 19.342006778040552, 19.307691236746788, 19.321288630819407, 19.250838784286383, 19.318759337495123, 19.227521255536182]}]}