{"tests_qot": [{"osnr_load_qot_81": [19.597521088013284, 19.598655611735232, 19.5997898386181, 19.600923768817026, 19.60205740248705, 19.60319073978306, 19.604323780859858, 19.6054565258721, 19.60658897497433, 19.607721128320968, 19.608852986066317, 19.609984548364558, 19.611115815369747, 19.612246787235822, 19.613377464116603, 19.614507846165793, 19.615637933536966, 19.61676772638358, 19.61789722485897, 19.61902642911636, 19.62015533930885, 19.62128395558942, 19.622412278110925, 19.623540307026108, 19.624668042487592, 19.62579548464788, 19.62692263365936, 19.62804948967429, 19.629176052844823, 19.630302323322983, 19.631428301260684, 19.63255398680971, 19.633679380121748, 19.63480448134834, 19.63592929064093, 19.637053808150842, 19.638178034029274, 19.639301968427308, 19.640425611495914, 19.641548963385947, 19.642672024248135, 19.643794794233095, 19.644917273491327, 19.646039462173214, 19.64716136042902, 19.648282968408896, 19.64940428626288, 19.650525314140875, 19.651646052192692, 19.652766500568013, 19.653886659416408, 19.655006528887327, 19.656126109130106, 19.65724540029397, 19.658364402528026, 19.659483115981256, 19.66060154080255, 19.661719677140653, 19.66283752514422, 19.663955084961778, 19.66507235674174, 19.666189340632414, 19.667306036781984, 19.66842244533852, 19.66953856644998, 19.67065440026421, 19.671769946928936, 19.67288520659178, 19.674000179400238, 19.675114865501705, 19.676229265043446, 19.677343378172637, 19.678457205036313, 19.67957074578141, 19.680684000554756, 19.681796969503054, 19.68290965277291, 19.68402205051079, 19.68513416286308, 19.68624598997603, 19.687357531995787]}, {"gosnr_load_qot_81": [19.114582342635625, 19.157296232505573, 19.096274821236335, 19.095380155486104, 19.098510995714115, 19.09247037794841, 19.098754063503357, 19.093448871176015, 19.158149834648967, 19.093910764548436, 19.19784193885171, 19.103239393364785, 19.138316776169766, 19.092548588926658, 19.09278781804621, 19.221108374656566, 19.135271105669705, 19.239225928224673, 19.146952189555947, 19.108128340744933, 19.097313691757382, 19.14157127312518, 19.092326565010016, 19.17364756061863, 19.101767848797408, 19.097059640250112, 19.118345612069277, 19.10537313406169, 19.092266055914195, 19.11641508346978, 19.32295880437286, 19.09302611807085, 19.167466496631334, 19.107599728807497, 19.10145162396181, 19.116813925385117, 19.110254906723057, 19.099883591986266, 19.24918123713325, 19.20757225999334, 19.152878939878246, 19.09238016659149, 19.187793538237237, 19.096305412431306, 19.127187311714927, 19.09498284830451, 19.138321290345907, 19.09228503001575, 19.09397680296514, 19.09969498523875, 19.125690290370873, 19.092701882970346, 19.100699258665944, 19.109618829539308, 19.104103144489187, 19.122526311095484, 19.113300787155254, 19.105276548000848, 19.09561307632047, 19.093095734439792, 19.19677255691484, 19.094415179971314, 19.106714050554096, 19.120380265515283, 19.093470546484717, 19.129723121216664, 19.09787577511854, 19.13241260453669, 19.14881682768208, 19.26660667039875, 19.131397001373475, 19.18011435582233, 19.102901978713152, 19.111188761538656, 19.12479210855556, 19.11284185109735, 19.094617598451084, 19.120896698890995, 19.162131484718387, 19.14506069098107, 19.173410575988353]}]}