{"tests_qot": [{"osnr_load_qot_27": [6.7318735874979305, 7.010513219619444, 7.102434438735999, 7.6438475782630455, 8.081724724983912, 8.25347997479396, 8.423293213086271, 8.507471556611554, 8.591164476514738, 8.83933231563608, 9.083139389786686, 9.243259935840268, 9.557718562819543, 9.635132463303465, 9.788524874356119, 10.089594098215073, 10.598311032486782, 10.739464689878282, 10.878775565263378, 11.219075618115227, 11.548155708848498, 11.740316934972874, 11.86625537677174, 11.928580230711711, 11.990478395930797, 12.586489281992232, 12.643844703675242]}, {"gosnr_load_qot_27": [7.0434878896815, 10.932750533996568, 10.515968997556165, 8.361379428023646, 9.583369575223683, 8.934708614308976, 8.146257748220973, 11.377970603233452, 8.290649948692378, 7.579028111958488, 9.878164605167454, 9.414057294536326, 10.384768509103735, 6.689431698735043, 10.80978646308317, 10.998478991761893, 6.953134332860675, 11.42422846348907, 8.452181137233358, 11.069941071885898, 10.8981522177371, 9.08529585163394, 8.708344981400952, 11.027718220070469, 10.290061381270155, 9.348113403435562, 7.99097436626664]}]}