{"tests_qot": [{"osnr_load_qot_54": [9.99116930841111, 9.992303863968731, 9.99457208611599, 9.997972199236969, 10.000237463052574, 10.001369651943406, 10.002501545694887, 10.003633144460824, 10.00476444839493, 10.007026172381806, 10.008156592741384, 10.00928671888271, 10.010416550958896, 10.011546089122918, 10.013804284325769, 10.016061305712746, 10.018317154503364, 10.021698731734265, 10.022825339164307, 10.023951654357113, 10.026203408637107, 10.02732884802705, 10.028453995785277, 10.029578852062855, 10.030703417010777, 10.03182769077987, 10.03295167352087, 10.03519876652097, 10.037444697214601, 10.038567227072075, 10.039689466803406, 10.040811416558526, 10.041933076487204, 10.04529631881099, 10.046416820929663, 10.047537033969178, 10.048656958078633, 10.049776593407028, 10.054252249885767, 10.056488349304049, 10.058723297756814, 10.059840340741244, 10.060957096428197, 10.062073564965406, 10.06318974650049, 10.064305641180944, 10.067651605567857, 10.068766354302559, 10.069880816918428, 10.070994993562305, 10.074335809128476, 10.075448843350308, 10.076561592332581, 10.077674056221397]}, {"gosnr_load_qot_54": [9.628560866075734, 9.598656048891556, 9.728661847223893, 9.725715195748178, 9.654159982393773, 9.584401350844594, 9.621189119578485, 9.716820479483673, 9.713914938654959, 9.716704301753982, 9.733255682384897, 9.633277455561071, 9.575764709751194, 9.711886146033855, 9.674091248735506, 9.675780798247944, 9.596627457535877, 9.645950790214197, 9.646789814655742, 9.608456363368735, 9.59834898584538, 9.618227213160965, 9.737245225672858, 9.774807062399907, 9.623427042258378, 9.61428906933368, 9.634300985545227, 9.684071177814706, 9.592332624887504, 9.587220312926352, 9.67384014654469, 9.626432506485274, 9.598175447920703, 9.679038964677186, 9.68632543810881, 9.62094373010691, 9.57701793818372, 9.613775776355082, 9.61972012468532, 9.588889117613471, 9.645745550701431, 9.65978822658223, 9.57392115244892, 9.645402868394406, 9.671070192482924, 9.639175258111921, 9.628490478440138, 9.60140308602398, 9.727777819893861, 9.691647279568093, 9.706235331652337, 9.63190958126835, 9.701649254817246, 9.609568020086334]}]}