{"tests_qot": [{"osnr_load_qot_81": [9.987763861943126, 9.988899307553403, 9.990034456324343, 9.99116930841111, 9.992303863968731, 9.993438123152092, 9.99457208611599, 9.995705753015098, 9.996839124003953, 9.997972199236969, 9.99910497886845, 10.000237463052574, 10.001369651943406, 10.002501545694887, 10.003633144460824, 10.00476444839493, 10.005895457650773, 10.007026172381806, 10.008156592741384, 10.00928671888271, 10.010416550958896, 10.011546089122918, 10.012675333527628, 10.013804284325769, 10.014932941669985, 10.016061305712746, 10.017189376606442, 10.018317154503364, 10.019444639555646, 10.020571831915303, 10.021698731734265, 10.022825339164307, 10.023951654357113, 10.025077677464234, 10.026203408637107, 10.02732884802705, 10.028453995785277, 10.029578852062855, 10.030703417010777, 10.03182769077987, 10.03295167352087, 10.034075365384414, 10.03519876652097, 10.036321877080947, 10.037444697214601, 10.038567227072075, 10.039689466803406, 10.040811416558526, 10.041933076487204, 10.043054446739157, 10.044175527463926, 10.04529631881099, 10.046416820929663, 10.047537033969178, 10.048656958078633, 10.049776593407028, 10.050895940103237, 10.052014998316015, 10.053133768194016, 10.054252249885767, 10.055370443539676, 10.056488349304049, 10.057605967327065, 10.058723297756814, 10.059840340741244, 10.060957096428197, 10.062073564965406, 10.06318974650049, 10.064305641180944, 10.065421249154165, 10.066536570567404, 10.067651605567857, 10.068766354302559, 10.069880816918428, 10.070994993562305, 10.072108884380896, 10.073222489520791, 10.074335809128476, 10.075448843350308, 10.076561592332581, 10.077674056221397]}, {"gosnr_load_qot_81": [9.492052415058733, 9.5355327404619, 9.474287153309698, 9.473336281572731, 9.476648636419828, 9.470160092675444, 9.476136569016758, 9.471258076948576, 9.538444412235792, 9.471367680451815, 9.579362014100225, 9.481604714762334, 9.516161557811571, 9.470088261030151, 9.470303897442886, 9.60094188878819, 9.513059134532938, 9.619555843730893, 9.526889616971056, 9.485535559820102, 9.475386390837146, 9.519478809859555, 9.469981692357326, 9.554426079812691, 9.479145288558705, 9.474454520694518, 9.495862446872485, 9.48276241165959, 9.469888989043596, 9.49390713829241, 9.7056913051553, 9.470792714995358, 9.545934112349766, 9.486151819788372, 9.479734928908412, 9.495723790077426, 9.48891416117336, 9.478091239252802, 9.632253669609232, 9.58704393149179, 9.531019191411586, 9.469945461996756, 9.566754813908943, 9.473709139238606, 9.504835320400426, 9.472409585444947, 9.517977002531424, 9.469878051273632, 9.471831645310308, 9.477073982292216, 9.504918245131593, 9.470428705513697, 9.478076558010507, 9.48703824547178, 9.481486526519982, 9.50010185457549, 9.492078553209804, 9.483731108559454, 9.47302741981566, 9.470590190166522, 9.57596246545881, 9.47185610112317, 9.484111250491017, 9.497924860151114, 9.470945295498757, 9.507413247482516, 9.475263579566468, 9.510149256482867, 9.52687106932711, 9.647706425380981, 9.510821026232852, 9.55888484045667, 9.480281431817536, 9.48862264506188, 9.502402030648629, 9.490292579502078, 9.472521328128993, 9.4999552467938, 9.540476320509478, 9.52303774057784, 9.552018609223774]}]}