{"tests": [{"osnr_load_27": [11.664815634261913, 11.785955459065304, 11.826106741457005, 12.06461928572023, 12.260253255770655, 12.337714019288583, 12.41472303275987, 12.453058416654699, 12.491281207650067, 12.605275229855266, 12.718260353126611, 12.793025003511637, 12.941218186375211, 12.97798895265289, 13.051198477673434, 13.196293771087234, 13.445990152307271, 13.516351923951603, 13.586280682528525, 13.759217735296787, 13.929481072778636, 14.03036588433354, 14.097095306326821, 14.130302503647789, 14.163404972220677, 14.488717082730588, 14.520681898729702]}, {"gosnr_load_27": [11.7176358246913, 13.644197716852435, 13.333090442078658, 12.245385903960102, 12.84790572196439, 12.540983664943006, 12.18097332177124, 14.061944348732144, 12.224255799419057, 11.961517464218236, 13.007345508174811, 12.746311816975815, 13.257142283624896, 11.585092132415468, 13.508455542462068, 13.632348688662718, 11.678459682659296, 14.094716195616845, 12.299236280151419, 13.732231826541446, 13.638068508573992, 12.612004620786943, 12.439106353595314, 13.670698146402241, 13.211932534681633, 12.718055538499915, 12.124836712854725]}]}