{"tests": [{"osnr_load_54": [13.127372975510504, 13.128507411160506, 13.130775393492573, 13.134175146890808, 13.136440170891316, 13.137572239874606, 13.138704013718554, 13.139835492576976, 13.140966676603568, 13.143228160775458, 13.144358461227554, 13.145488467461409, 13.146618179630135, 13.147747597886696, 13.15000555327468, 13.152262334846812, 13.154517943822642, 13.157899161331404, 13.15902564885409, 13.160151844139545, 13.162403358604875, 13.163528678087506, 13.164653705938417, 13.165778442308708, 13.16690288734933, 13.168027041211147, 13.169150904044876, 13.171397757230473, 13.173643448109615, 13.174765858059871, 13.175887977883995, 13.177009807731901, 13.1781313477534, 13.181494230355648, 13.18261461256717, 13.183734705699537, 13.184854509901863, 13.185974025323127, 13.190449202173443, 13.192685061777576, 13.194919770416242, 13.196036693493628, 13.19715332927355, 13.198269677903738, 13.199385739531806, 13.200501514305254, 13.203847118971218, 13.204961747798954, 13.206076090507874, 13.207190147244798, 13.210530603090184, 13.211643517405122, 13.212756146480487, 13.213868490462424]}, {"gosnr_load_54": [12.765031703542547, 12.735181490461752, 12.864891515846928, 12.862077893044177, 12.790598727312727, 12.72093240671115, 12.757622715773389, 12.853190081947897, 12.850296463527046, 12.8530516866142, 12.869570627171665, 12.769757264697592, 12.71231216888599, 12.848141953661457, 12.810531495303486, 12.812189025595387, 12.733111955739542, 12.782367555885784, 12.783268539869736, 12.744966770111198, 12.734820194587224, 12.754669385295172, 12.873584351176564, 12.91108543917936, 12.759920336221015, 12.750767295200152, 12.770799423338657, 12.82041294184424, 12.728821048542402, 12.72375336479672, 12.810196279707107, 12.762886419212847, 12.73464522904598, 12.815472375483745, 12.822737705769619, 12.75744297714719, 12.713566658869722, 12.750249738365053, 12.756199301875741, 12.72538515948388, 12.782129641570519, 12.796201766611704, 12.710473441975317, 12.781851572640424, 12.807500289944027, 12.775661954235149, 12.764921858596436, 12.737922141830074, 12.86400369737388, 12.82797929323529, 12.842509999919933, 12.768410418768827, 12.838040089706407, 12.746016466160059]}]}