{"tests": [{"osnr_load_81": [13.123967888765371, 13.12510321446801, 13.12623824333132, 13.127372975510461, 13.128507411160461, 13.129641550436219, 13.130775393492529, 13.131908940484049, 13.133042191565323, 13.134175146890765, 13.135307806614696, 13.13644017089127, 13.137572239874565, 13.138704013718511, 13.139835492576932, 13.140966676603528, 13.142097565951865, 13.143228160775415, 13.144358461227512, 13.145488467461366, 13.146618179630089, 13.14774759788665, 13.148876722383921, 13.150005553274635, 13.151134090711416, 13.152262334846768, 13.153390285833073, 13.154517943822599, 13.155645308967488, 13.156772381419767, 13.157899161331361, 13.159025648854046, 13.160151844139506, 13.161277747339286, 13.16240335860483, 13.163528678087461, 13.164653705938376, 13.165778442308664, 13.166902887349286, 13.168027041211104, 13.169150904044836, 13.17027447600111, 13.171397757230427, 13.172520747883159, 13.173643448109571, 13.174765858059827, 13.175887977883951, 13.177009807731856, 13.178131347753352, 13.179252598098117, 13.180373558915717, 13.181494230355604, 13.182614612567127, 13.183734705699495, 13.184854509901815, 13.185974025323084, 13.187093252112177, 13.188212190417847, 13.189330840388742, 13.190449202173403, 13.191567275920232, 13.192685061777532, 13.193802559893498, 13.194919770416195, 13.196036693493587, 13.197153329273508, 13.198269677903694, 13.199385739531763, 13.20050151430521, 13.201617002371435, 13.202732203877705, 13.203847118971177, 13.204961747798912, 13.20607609050783, 13.207190147244756, 13.208303918156412, 13.209417403389374, 13.210530603090142, 13.21164351740508, 13.212756146480444, 13.21386849046238]}, {"gosnr_load_81": [12.628770702734741, 12.672203319168352, 12.610976884991828, 12.610029270814685, 12.613331079587788, 12.606868380172179, 12.612861471118448, 12.607959537728439, 12.67499906860263, 12.60808891177713, 12.715843366375895, 12.618273843241854, 12.652856221071795, 12.606804981502254, 12.607021919765595, 12.737515650870751, 12.649757317982955, 12.756099672862826, 12.66346558543347, 12.622258072561479, 12.612072615430481, 12.65616959248548, 12.606691941028192, 12.690951815132836, 12.615870154687665, 12.611178906975205, 12.632577701494824, 12.619486227591114, 12.606601055379922, 12.630623993409696, 12.84209053596424, 12.607496617961855, 12.682590587718252, 12.622809973745284, 12.61640886282464, 12.632360826633972, 12.625566001446593, 12.614769597248873, 12.768641962898226, 12.723639541261491, 12.667695662731852, 12.606660758844574, 12.703381304418818, 12.610433108107797, 12.641542248699354, 12.609132400522409, 12.654569756585836, 12.606591798410669, 12.608530482343703, 12.613798981587781, 12.641536430080189, 12.607134880696371, 12.61480154586432, 12.623759913005525, 12.618210809504953, 12.636813358986272, 12.628723399124596, 12.620394998419826, 12.609750865081645, 12.607309396255237, 12.712575111569745, 12.608578178626466, 12.620834477744138, 12.634638335392793, 12.607665570389322, 12.644117534385407, 12.611988277060053, 12.646850637309115, 12.663552817858827, 12.78420388937526, 12.647427564183761, 12.69552290203813, 12.617006063845214, 12.625343331103327, 12.639111358315855, 12.627012141364386, 12.609217346480433, 12.636583479144592, 12.677140281572088, 12.65972423674441, 12.688666539473072]}]}