{"tests_qot": [{"osnr_load_qot_27": [13.767231724595504, 13.849514978390484, 13.876826854367842, 14.039485660796272, 14.17345378589123, 14.226640566712842, 14.27959929398044, 14.305993304000552, 14.33233050125688, 14.41100189626338, 14.489164441531893, 14.540991041043238, 14.643970562967237, 14.669575514255431, 14.720618012391496, 14.82203546384948, 14.997386875985047, 15.046992557390876, 15.09637950959694, 15.218894132807602, 15.340055764963573, 15.41210758273072, 15.459874701431955, 15.483678285875293, 15.507428666918841, 15.74202520770039, 15.76519604809237]}, {"gosnr_load_qot_27": [13.744115217175459, 15.083641497660466, 14.86311056518561, 14.072650359127705, 14.51402219519303, 14.299084026196073, 14.048453921043906, 15.415543034239917, 14.064764237051527, 13.918576647978867, 14.635135660885846, 14.430973884140988, 14.805324495998995, 13.668747752540508, 14.995611954145925, 15.084633938287737, 13.717363018836554, 15.440435448410819, 14.117989850057022, 15.152461158871013, 15.076947936592, 14.349165211984989, 14.229583828376374, 15.109244578843963, 14.776621464156854, 14.413055642868082, 14.018284392886988]}]}