{"tests_qot": [{"osnr_load_qot_54": [14.761515161383514, 14.76264949051802, 14.764917259819153, 14.768316693671089, 14.770581504640795, 14.77171346710871, 14.772845134437294, 14.773976506780365, 14.775107584291622, 14.77736885543288, 14.778499049369682, 14.779628949088258, 14.780758554741716, 14.781887866483029, 14.78414560884055, 14.786402177382277, 14.78865757332776, 14.792038471291104, 14.793164852298677, 14.79429094106904, 14.796542242504213, 14.79766745547179, 14.798792376807663, 14.799917006662923, 14.801041345188535, 14.80216539253535, 14.803289148854102, 14.805535789009763, 14.807781266859042, 14.808903570294383, 14.810025583603604, 14.811147306936622, 14.812268740443248, 14.815631303500966, 14.816751579197671, 14.817871565815235, 14.81899126350277, 14.820110672409266, 14.824585423200629, 14.826821069775367, 14.829055565384692, 14.830172381947433, 14.831288911212724, 14.832405153328292, 14.833521108441754, 14.834636776700613, 14.837982061822888, 14.839096584136087, 14.840210820330483, 14.841324770552903, 14.844664906854854, 14.845777714655341, 14.846890237216268, 14.848002474683783]}, {"gosnr_load_qot_54": [14.398179008202911, 14.368285130127829, 14.498242819931814, 14.495297274882468, 14.423768700424453, 14.354035619973635, 14.390809965269508, 14.48640589391156, 14.483501441108405, 14.486289759700417, 14.502834928674424, 14.402893865486476, 14.345402113851515, 14.481473407769354, 14.443692590695417, 14.44538151338999, 14.36625727810232, 14.41556253643951, 14.416401251645423, 14.378081867965317, 14.367978179014475, 14.387849143830241, 14.506822971162359, 14.544370609973825, 14.393047067683472, 14.3839124414424, 14.403917019323417, 14.453668813715366, 14.361964009588338, 14.356853557464627, 14.443441581641967, 14.396051429652433, 14.36780470434558, 14.44863847036062, 14.45592223570776, 14.390564665714844, 14.346654887767363, 14.383399336243073, 14.389341508577466, 14.358521755288255, 14.415357372561903, 14.429394865165815, 14.343559224926176, 14.415014816532691, 14.440672654638329, 14.40878949937883, 14.398108646403443, 14.371031165538534, 14.497359124620463, 14.461242096383991, 14.47582470635484, 14.401526493749158, 14.471240342338215, 14.379193118472388]}]}