{"tests_qot": [{"osnr_load_qot_81": [14.758110394184978, 14.75924561337208, 14.760380535719875, 14.761515161383514, 14.76264949051802, 14.763783523278304, 14.764917259819153, 14.766050700295224, 14.767183844861062, 14.768316693671089, 14.76944924687961, 14.770581504640795, 14.77171346710871, 14.772845134437294, 14.773976506780365, 14.775107584291622, 14.776238367124638, 14.77736885543288, 14.778499049369682, 14.779628949088258, 14.780758554741716, 14.781887866483029, 14.78301688446506, 14.78414560884055, 14.785274039762122, 14.786402177382277, 14.787530021853403, 14.78865757332776, 14.789784831957498, 14.79091179789464, 14.792038471291104, 14.793164852298677, 14.79429094106904, 14.79541673775374, 14.796542242504213, 14.79766745547179, 14.798792376807663, 14.799917006662923, 14.801041345188535, 14.80216539253535, 14.803289148854102, 14.804412614295408, 14.805535789009763, 14.806658673147554, 14.807781266859042, 14.808903570294383, 14.810025583603604, 14.811147306936622, 14.812268740443248, 14.813389884273152, 14.814510738575908, 14.815631303500966, 14.816751579197671, 14.817871565815235, 14.81899126350277, 14.820110672409266, 14.821229792683596, 14.822348624474524, 14.823467167930689, 14.824585423200629, 14.825703390432754, 14.826821069775367, 14.827938461376657, 14.829055565384692, 14.830172381947433, 14.831288911212724, 14.832405153328292, 14.833521108441754, 14.834636776700613, 14.83575215825226, 14.836867253243964, 14.837982061822888, 14.839096584136087, 14.840210820330483, 14.841324770552903, 14.842438434950065, 14.843551813668551, 14.844664906854854, 14.845777714655341, 14.846890237216268, 14.848002474683783]}, {"gosnr_load_qot_81": [14.261719884685087, 14.305184666311012, 14.243960929207937, 14.243010394282727, 14.246321575529553, 14.239835329900712, 14.245809689615534, 14.240932925530462, 14.308095291623644, 14.241042490232964, 14.34899811319024, 14.251275896212352, 14.28582042788095, 14.239763523677569, 14.239979083772482, 14.37057013652501, 14.282719113891487, 14.389177287799955, 14.29654464505016, 14.255205345780093, 14.24505977727856, 14.289136492949856, 14.239656992720032, 14.324071202847794, 14.24881734248816, 14.244128237301314, 14.265528560660925, 14.25243318224659, 14.239564322213791, 14.263573948045487, 14.475280883136602, 14.240467728309111, 14.31558229669834, 14.255821386855278, 14.249406773708444, 14.26538995322912, 14.25858274668603, 14.247763666954206, 14.401870455687272, 14.356677240157833, 14.300672738054601, 14.23962077518138, 14.336395481831264, 14.243383119886104, 14.274498236400625, 14.24208402633245, 14.287635223110675, 14.239553388314636, 14.241506290832424, 14.24674677063283, 14.274581131547945, 14.240103847669616, 14.247748990917328, 14.256707497629364, 14.251157749908474, 14.269766458330057, 14.261746013538685, 14.253401535274783, 14.242701641912843, 14.240265275165832, 14.345599797846472, 14.24153073798662, 14.253781542241192, 14.267590239512993, 14.240620254803007, 14.277075243528854, 14.244937009524461, 14.279810275565259, 14.29652610405679, 14.417317524471109, 14.2804818053481, 14.328528353732661, 14.249953082762481, 14.258291334189641, 14.27206581448705, 14.259960674982175, 14.242195729447962, 14.269619902793165, 14.310126469209411, 14.29269414920343, 14.321664600748278]}]}