{"tests_qot": [{"osnr_load_qot_27": [5.283598817005694, 5.631152491738351, 5.745612888858758, 6.417647252040894, 6.95823628813197, 7.169492912681859, 7.377897257149524, 7.4810290504617525, 7.583447076434413, 7.886419227091749, 8.182974815212303, 8.377121307518914, 8.756909806480467, 8.850092168986784, 9.034349373011771, 9.39448301948514, 9.99818472627148, 10.16456672689565, 10.328277924979563, 10.726040626182442, 11.10770334977117, 11.32916909588242, 11.473741431078556, 11.545118628002772, 11.615895505375413, 12.29161237752841, 12.356077866364037]}, {"gosnr_load_qot_27": [5.694068470536635, 10.247080333369498, 9.903533364815667, 7.3452699279265445, 8.819733871160384, 8.03629215272218, 7.069870328197857, 10.518475260502218, 7.254728915204388, 6.3581804909655055, 9.164983474406911, 8.624059151162193, 9.756180941925221, 5.246423035759419, 10.224196534000944, 10.405827123876662, 5.581285572759185, 10.56238677103686, 7.452741868066787, 10.391538676121197, 10.186824937741026, 8.218993168329908, 7.759174617699101, 10.400914029402788, 9.646984918998104, 8.54352376544626, 6.874075460070247]}]}