{"tests_qot": [{"osnr_load_qot_54": [9.285192684282107, 9.286327256830218, 9.288595512958473, 9.291995677050917, 9.2942609748475, 9.295393180728826, 9.296525091470787, 9.297656707227217, 9.2987880281518, 9.301049786119648, 9.302180223469705, 9.303310366601517, 9.30444021566818, 9.30556977082269, 9.307828000006497, 9.310085055374428, 9.312340938145999, 9.315722566348324, 9.316849190768835, 9.31797552295211, 9.320227311213044, 9.321352767593456, 9.322477932342151, 9.3236028056102, 9.324727387548592, 9.325851678308144, 9.326975678039611, 9.329222805020644, 9.331468769695197, 9.332591316543134, 9.333713573264927, 9.334835540010497, 9.335957216929634, 9.339320510224793, 9.34044102933392, 9.341561259363885, 9.342681200463801, 9.343800852782646, 9.348276577223187, 9.350512710622365, 9.352747693056022, 9.353864753030898, 9.3549815257083, 9.35609801123595, 9.357214209761478, 9.35833012143237, 9.36167613679061, 9.362790902515744, 9.363905382122056, 9.36501957575637, 9.368360442293843, 9.369473493506113, 9.37058625947881, 9.371698740358061]}, {"gosnr_load_qot_54": [8.920888036318507, 8.89085148157762, 9.021585930210765, 9.018283903127573, 8.946560551263762, 8.876588706631907, 8.913619820145357, 9.009375152790764, 9.006439095131773, 9.009318631835022, 9.025948674103267, 8.925578230550824, 8.867912288926483, 9.004748569526944, 8.966477863187315, 8.968252455576328, 8.888933702640546, 8.93841439019358, 8.939086804677263, 8.900687308573575, 8.890690032183524, 8.910636370402775, 9.029871331715626, 9.0675770229152, 8.915696513589218, 8.906603460334606, 8.9265512884603, 8.976716975579553, 8.88463044597206, 8.879400936394648, 8.966452512112742, 8.918806124503867, 8.890520408621882, 8.971441443548773, 8.978780985597322, 8.913198458997583, 8.86916152212929, 8.906101856749366, 8.912029288381683, 8.881168191204514, 8.938296899466565, 8.952253605077114, 8.866056675529796, 8.937781070314808, 8.963485537581107, 8.931454642253405, 8.920923519529879, 8.893614298198484, 9.020712520527312, 8.984315438927627, 8.999050001752662, 8.924154630226802, 8.994154608615107, 8.901964611696943]}]}