{"tests_qot": [{"osnr_load_qot_81": [9.281787186842633, 9.282922649443403, 9.284057815204845, 9.285192684282107, 9.286327256830218, 9.287461533004075, 9.288595512958473, 9.289729196848072, 9.290862584827414, 9.291995677050917, 9.293128473672885, 9.2942609748475, 9.295393180728826, 9.296525091470787, 9.297656707227217, 9.2987880281518, 9.29991905439813, 9.301049786119648, 9.302180223469705, 9.303310366601517, 9.30444021566818, 9.30556977082269, 9.306699032217873, 9.307828000006497, 9.308956674341193, 9.310085055374428, 9.311213143258602, 9.312340938145999, 9.313468440188752, 9.31459564953889, 9.315722566348324, 9.316849190768835, 9.31797552295211, 9.319101563049703, 9.320227311213044, 9.321352767593456, 9.322477932342151, 9.3236028056102, 9.324727387548592, 9.325851678308144, 9.326975678039611, 9.328099386893623, 9.329222805020644, 9.330345932571081, 9.331468769695197, 9.332591316543134, 9.333713573264927, 9.334835540010497, 9.335957216929634, 9.33707860417205, 9.33819970188727, 9.339320510224793, 9.34044102933392, 9.341561259363885, 9.342681200463801, 9.343800852782646, 9.344920216469305, 9.34603929167254, 9.347158078540991, 9.348276577223187, 9.349394787867544, 9.350512710622365, 9.351630345635828, 9.352747693056022, 9.353864753030898, 9.3549815257083, 9.35609801123595, 9.357214209761478, 9.35833012143237, 9.35944574639603, 9.360561084799716, 9.36167613679061, 9.362790902515744, 9.363905382122056, 9.36501957575637, 9.366133483565392, 9.367247105695721, 9.368360442293843, 9.369473493506113, 9.37058625947881, 9.371698740358061]}, {"gosnr_load_qot_81": [8.783782304487207, 8.82736965936225, 8.766102108592582, 8.765142953958335, 8.768482012111308, 8.761927251726156, 8.767856324049761, 8.763043020695605, 8.830590821317042, 8.76309955235763, 8.871685146589709, 8.77347143306472, 8.807943230802143, 8.761832839187127, 8.76204488169165, 8.89300660046244, 8.804832859808362, 8.911691681646689, 8.818984448473397, 8.777257235533204, 8.767210227389487, 8.811269292682889, 8.761743676977186, 8.846642312179835, 8.770863704808662, 8.766176460969413, 8.787598645781367, 8.77448191744548, 8.761646143284462, 8.785639981560925, 8.998172106203317, 8.762571331020709, 8.837803819560527, 8.778045797844026, 8.771589652412569, 8.78766982229224, 8.78082375093794, 8.76993488248653, 8.924800426589652, 8.879056857945052, 8.822842488321584, 8.761693925942094, 8.858694822788861, 8.76543255417254, 8.796589545546746, 8.764136713800392, 8.810031110723735, 8.76163070324319, 8.763623352122062, 8.7687930296105, 8.796910426790044, 8.76220140135855, 8.76979515776013, 8.77876146953859, 8.773205389065973, 8.79184607873018, 8.784005386991133, 8.775610860471872, 8.76475256378843, 8.762327863526693, 8.867935115620693, 8.763585471143202, 8.77583169064901, 8.789664842676018, 8.762679933492336, 8.799173318343108, 8.766984299557244, 8.80191580616873, 8.818682216127392, 8.939952699458669, 8.802841609043204, 8.850797645627525, 8.77199993362673, 8.780347743634058, 8.794150989024384, 8.78201989402984, 8.76432026543364, 8.791922863125967, 8.832328595483943, 8.814838003879482, 8.843908282577887]}]}