{"tests_qot": [{"osnr_load_qot_27": [4.7778557430286135, 5.152304459769249, 5.275545844545602, 5.998291711149539, 6.578500519812582, 6.8049214644102385, 7.028096394442996, 7.138465397819855, 7.248021752065439, 7.5718150212107, 7.888301227719047, 8.09524134516025, 8.499440085753227, 8.598481490962913, 8.79416713146915, 9.176011902006238, 9.81412684611145, 9.98953039200519, 10.161914128768533, 10.57987665862081, 10.979715715278918, 11.211167292717816, 11.362030715015464, 11.436446780841454, 11.510192832552786, 12.212005433766954, 12.278744669839538]}, {"gosnr_load_qot_27": [5.22649444703525, 10.005164360849594, 9.710918998341528, 7.0062123955922795, 8.575482251217618, 7.741976567131973, 6.707852740480815, 10.172887905830219, 6.9081364334908715, 5.9406354953286815, 8.938876760373178, 8.370228976318813, 9.55865732061705, 4.7424827714395885, 10.037784483961737, 10.210489385175956, 5.104968851403594, 10.214279452442101, 7.120080344645261, 10.149566881408134, 9.93262759611241, 7.93672849274646, 7.44568441827014, 10.186910701522633, 9.444964813260757, 8.284309609360971, 6.496554174628319]}]}