{"tests_qot": [{"osnr_load_qot_54": [9.062787686999501, 9.0639222643528, 9.066190530091436, 9.069590708599444, 9.071856016006405, 9.072988226692921, 9.074120142240067, 9.07525176280169, 9.076383088531456, 9.07864485610968, 9.079775298264924, 9.080905446201923, 9.082035300073771, 9.083164860033468, 9.085423098827647, 9.087680163805947, 9.089936056187891, 9.093317698805768, 9.094444328031464, 9.095570665019922, 9.097822462891225, 9.09894792407682, 9.100073093630698, 9.101197971703929, 9.102322558447504, 9.103446854012239, 9.10457085854889, 9.106817995140286, 9.109063969425202, 9.11018652107832, 9.111308782605294, 9.112430754156044, 9.113552435880363, 9.116915743591065, 9.11803626750537, 9.119156502340513, 9.120276448245612, 9.121396105369632, 9.125871849030888, 9.128107992040421, 9.130342984084434, 9.131460048864488, 9.13257682634707, 9.133693316679894, 9.1348095200106, 9.135925436486666, 9.139271466260437, 9.140386236790746, 9.141500721202235, 9.142614919641725, 9.14595580059472, 9.147068856612165, 9.148181627390032, 9.149294113074461]}, {"gosnr_load_qot_54": [8.698969678245245, 8.668968119128222, 8.799508481292827, 8.796302042518017, 8.724622832655541, 8.65470730267899, 8.69167349104062, 8.787396930593633, 8.784469039884979, 8.787324354203681, 8.803933485665565, 8.703667046860243, 8.646041458285328, 8.782687453542248, 8.744544205082859, 8.746295938992322, 8.667020491601656, 8.716459584927009, 8.717176845430213, 8.678794538421926, 8.668767482520767, 8.688695793513567, 8.807874204591329, 8.84554177190321, 8.693793603555145, 8.684688324401204, 8.70465370168276, 8.754713725543201, 8.662719436951653, 8.657521386421275, 8.744458101392572, 8.696875235473126, 8.668596803026258, 8.749503592517385, 8.756828966335398, 8.69129947824551, 8.647291785349566, 8.684183567561204, 8.690115641395407, 8.659262174995053, 8.716318478168127, 8.730298532763817, 8.644189061264616, 8.715849236677633, 8.741544101903632, 8.709549304373294, 8.698976671508369, 8.671726731244116, 8.79863220048391, 8.762306288075008, 8.77700164923315, 8.702258420817774, 8.772189423206921, 8.680027284922861]}]}