{"tests_qot": [{"osnr_load_qot_81": [9.059382175144453, 9.060517642550415, 9.06165281311705, 9.062787686999501, 9.0639222643528, 9.06505654533185, 9.066190530091436, 9.067324218786224, 9.068457611570755, 9.069590708599444, 9.070723510026603, 9.071856016006405, 9.072988226692921, 9.074120142240067, 9.07525176280169, 9.076383088531456, 9.077514119582974, 9.07864485610968, 9.079775298264924, 9.080905446201923, 9.082035300073771, 9.083164860033468, 9.084294126233837, 9.085423098827647, 9.086551777967529, 9.087680163805947, 9.088808256495307, 9.089936056187891, 9.091063563035828, 9.092190777191153, 9.093317698805768, 9.094444328031464, 9.095570665019922, 9.096696709922702, 9.097822462891225, 9.09894792407682, 9.100073093630698, 9.101197971703929, 9.102322558447504, 9.103446854012239, 9.10457085854889, 9.105694572208083, 9.106817995140286, 9.107941127495904, 9.109063969425202, 9.11018652107832, 9.111308782605294, 9.112430754156044, 9.113552435880363, 9.114673827927957, 9.11579493044836, 9.116915743591065, 9.11803626750537, 9.119156502340513, 9.120276448245612, 9.121396105369632, 9.12251547386147, 9.123634553869886, 9.124753345543516, 9.125871849030888, 9.126990064480424, 9.128107992040421, 9.129225631859063, 9.130342984084434, 9.131460048864488, 9.13257682634707, 9.133693316679894, 9.1348095200106, 9.135925436486666, 9.137041066255502, 9.138156409464367, 9.139271466260437, 9.140386236790746, 9.141500721202235, 9.142614919641725, 9.14372883225592, 9.144842459191421, 9.14595580059472, 9.147068856612165, 9.148181627390032, 9.149294113074461]}, {"gosnr_load_qot_81": [8.562022616998807, 8.605581817773565, 8.54431927181794, 8.54336233187748, 8.546694253682428, 8.540157214709241, 8.546099129324883, 8.541268214553005, 8.6087197474564, 8.541339027496457, 8.64976713132965, 8.551674776019578, 8.586169966397007, 8.54006887680041, 8.540281889450924, 8.671158446891887, 8.583061687908911, 8.689824671319936, 8.597127081260869, 8.55549966211825, 8.545425017096475, 8.589493707021433, 8.539975029595587, 8.62475268852077, 8.54910691447034, 8.544418653599008, 8.565837316798943, 8.552724887099693, 8.539878794221323, 8.56387952663301, 8.776213590357683, 8.540798220619507, 8.6160073106554, 8.556241872910261, 8.549796195309789, 8.565852032090545, 8.559015666016894, 8.548144382582057, 8.702823035328816, 8.657222428917335, 8.60105824482987, 8.539928915942351, 8.636879709121134, 8.543674339093991, 8.574823498805296, 8.542377480523689, 8.588184569016352, 8.539864565414183, 8.541846734688075, 8.547036039063421, 8.575080354737329, 8.540429878528625, 8.548038302355323, 8.557003501626664, 8.551448513040189, 8.570082652989633, 8.56219270881393, 8.5538107277508, 8.542993873493325, 8.540565766317297, 8.646111357238134, 8.541825626604751, 8.554074428728933, 8.567902526079301, 8.540918658190225, 8.577405736832969, 8.545226832388634, 8.580146521902329, 8.59690118018818, 8.718056401151701, 8.581003982241743, 8.62898973384123, 8.550243136955718, 8.558589294680534, 8.57238632343624, 8.560260873431334, 8.542541712641498, 8.570099327657283, 8.610536695680256, 8.593059839414671, 8.622106492224358]}]}