{"tests_qot": [{"osnr_load_qot_27": [10.480456288743161, 10.630022882319004, 10.679548101911564, 10.973235906004629, 11.213449823950262, 11.30838655087398, 11.402668302981143, 11.449563909562341, 11.496296198091514, 11.635514707559263, 11.773269157869237, 11.864294451205922, 12.044405537416655, 12.089030439996293, 12.17779831272875, 12.35341274636206, 12.654614835340714, 12.739251465503195, 12.823260610252136, 13.030553902294136, 13.233979177386457, 13.354194817492242, 13.433577848291854, 13.473042210035718, 13.512355618204586, 13.89726960040241, 13.934947471789476]}, {"gosnr_load_qot_27": [10.584279919792772, 12.913879600054463, 12.553018650257833, 11.256731047599706, 11.975259169723786, 11.603093148590364, 11.163871125572886, 13.377132450217704, 11.226233462135408, 10.880009428268412, 12.161461909162428, 11.860497956790454, 12.464953548361342, 10.410809406489767, 12.756228562184507, 12.900784300196468, 10.5359294199064, 13.414595433587044, 11.317079842309987, 13.014334602770045, 12.90622813371819, 11.689099065898933, 11.477955306299137, 12.9451304413156, 12.408877768792895, 11.824974400536943, 11.08920460470982]}]}