{"tests_qot": [{"osnr_load_qot_54": [12.278651005212351, 12.2797854822506, 12.282053547359148, 12.285453424922078, 12.287718531699026, 12.288850642070532, 12.28998245730269, 12.291113977549317, 12.292245202964116, 12.294506769912395, 12.295637111752683, 12.296767159374722, 12.297896912931627, 12.299026372576371, 12.301284410740696, 12.303541275089158, 12.305796966841298, 12.309178308514499, 12.31030483742532, 12.31143107409891, 12.313682671340496, 12.314808032211248, 12.315933101450277, 12.317057879208678, 12.318182365637412, 12.319306560887334, 12.320430465109165, 12.322677401070944, 12.324923174726266, 12.326045626064603, 12.327167787276803, 12.328289658512784, 12.329411239922345, 12.33277424668878, 12.333894670288352, 12.33501480480877, 12.336134650399138, 12.337254207208446, 12.341729549610887, 12.343965491991051, 12.346200283405736, 12.34731724787113, 12.348433925039048, 12.349550315057234, 12.350666418073292, 12.351782234234731, 12.355127963064636, 12.356242633280342, 12.357357017377225, 12.358471115502116, 12.361811695511369, 12.36292465121425, 12.36403732167756, 12.365149707047436]}, {"gosnr_load_qot_54": [11.915521851561241, 11.885600759223141, 12.015701011386206, 12.012700284661012, 11.941128842585211, 11.871346681817625, 11.908166943979932, 12.003804612233646, 12.000894783461778, 12.00369759453087, 12.02025880690912, 11.92023377420539, 11.862705066327448, 11.998918112751891, 11.961055327007893, 11.96275768806236, 11.883589419714111, 11.932930397381117, 11.933743771296697, 11.895405236119753, 11.885316057994515, 11.905202123944836, 12.02423756009958, 12.061816359720135, 11.91037985768274, 11.901249969751277, 11.921249432365277, 11.971073657451761, 11.879293856146926, 11.874164244750776, 11.96083886286095, 11.913400891865656, 11.885143142774236, 11.9660048168675, 11.973298454819982, 11.90789461171743, 11.863957519448716, 11.900738535949545, 11.906679511421267, 11.875847923940608, 11.932738635692166, 11.946766276302988, 11.860859900326323, 11.932369457297252, 11.958039076236018, 11.926127520657113, 11.91546770218924, 11.888349856375216, 12.01481873042736, 11.978652176747758, 11.993260735985722, 11.918857537522454, 11.988627860273018, 11.896542139674668]}]}