{"tests_qot": [{"osnr_load_qot_81": [12.2752457943025, 12.276381161393392, 12.277516231644958, 12.278651005212351, 12.2797854822506, 12.2809196629146, 12.282053547359148, 12.283187135738903, 12.284320428208408, 12.285453424922078, 12.28658612603423, 12.287718531699026, 12.288850642070532, 12.28998245730269, 12.291113977549317, 12.292245202964116, 12.293376133700653, 12.294506769912395, 12.295637111752683, 12.296767159374722, 12.297896912931627, 12.299026372576371, 12.300155538461812, 12.301284410740696, 12.302412989565648, 12.303541275089158, 12.304669267463616, 12.305796966841298, 12.30692437337434, 12.308051487214765, 12.309178308514499, 12.31030483742532, 12.31143107409891, 12.312557018686823, 12.313682671340496, 12.314808032211248, 12.315933101450277, 12.317057879208678, 12.318182365637412, 12.319306560887334, 12.320430465109165, 12.321554078453543, 12.322677401070944, 12.323800433111769, 12.324923174726266, 12.326045626064603, 12.327167787276803, 12.328289658512784, 12.329411239922345, 12.330532531655177, 12.331653533860834, 12.33277424668878, 12.333894670288352, 12.33501480480877, 12.336134650399138, 12.337254207208446, 12.338373475385573, 12.339492455079277, 12.340611146438203, 12.341729549610887, 12.342847664745735, 12.343965491991051, 12.34508303149503, 12.346200283405736, 12.34731724787113, 12.348433925039048, 12.349550315057234, 12.350666418073292, 12.351782234234731, 12.352897763688942, 12.354013006583182, 12.355127963064636, 12.356242633280342, 12.357357017377225, 12.358471115502116, 12.35958492780173, 12.360698454422652, 12.361811695511369, 12.36292465121425, 12.36403732167756, 12.365149707047436]}, {"gosnr_load_qot_81": [11.778939510256548, 11.822430675067965, 11.761189549370917, 11.760237528472734, 11.763553556663386, 11.757055684724522, 11.763024135177542, 11.758156256312017, 11.825389417563926, 11.758257709474423, 11.866328814571222, 11.768514116914888, 11.803053510813907, 11.756980400311152, 11.757195458396698, 11.887866261183165, 11.799950266524355, 11.906488681990162, 11.81382820196905, 11.772422225681474, 11.762290008930504, 11.80637168820532, 11.756876513737227, 11.841379726363648, 11.766032267294603, 11.761342635419357, 11.782750023599402, 11.769649097627312, 11.756783081633218, 11.780794449920402, 11.992665606125597, 11.757689983282326, 11.832835733080389, 11.773064822612936, 11.766642729848229, 11.782643553473315, 11.775829205678122, 11.764997550355286, 11.9192478294321, 11.873962178463318, 11.81791561837931, 11.756838215115886, 11.853664519174128, 11.760597574647404, 11.79172451500181, 11.759298755060092, 11.804910488487675, 11.756771455006827, 11.758730788758509, 11.763961320908463, 11.791843909371533, 11.75732511234404, 11.76496370066192, 11.773924957457645, 11.768373276105235, 11.786990120627738, 11.778995838166534, 11.770642238434338, 11.759916206813465, 11.757481207220994, 11.862875979650545, 11.75874568462551, 11.770997908146795, 11.784812753809163, 11.757835802164413, 11.794303008679892, 11.762151404505554, 11.797039660910883, 11.81376616675381, 11.9346524865153, 11.797750289406345, 11.845791394739306, 11.767168279286155, 11.775509442702889, 11.789290728738264, 11.777179504176058, 11.759421492580145, 11.786877779118667, 11.827375972573861, 11.80993166172733, 11.838922505212967]}]}