{"tests": [{"osnr_load_27": [27.157170252029132, 27.16551688891701, 27.168296378565838, 27.184944804874235, 27.198781276154023, 27.204306423942715, 27.209826189947037, 27.21258405746356, 27.215340582751942, 27.223602115945752, 27.231851607550368, 27.237344593048384, 27.248314580892313, 27.25105375420684, 27.25652811985501, 27.267460956722516, 27.286542601713744, 27.291982661165775, 27.297417474061536, 27.31098160706206, 27.32451313019203, 27.332616444853688, 27.338012172042312, 27.340708093927887, 27.343402722701626, 27.370278112981595, 27.372958584558127]}, {"gosnr_load_27": [26.979837424480205, 27.108013703861722, 27.116073063524297, 26.949081898187718, 27.061648401553025, 27.03168039686973, 26.992957743627315, 27.194366642979343, 26.963598283502996, 27.02494018987348, 27.097457690004497, 27.023953219496725, 27.100908011442982, 27.00877162481209, 27.146499471732454, 27.150773370305746, 26.97609732768165, 27.19898693103604, 26.974551694300363, 27.12871328756144, 27.096433908276577, 27.03996130566914, 27.02479329142241, 27.138244025225514, 27.106258677119865, 27.02584084020843, 27.00889851217671]}]}