{"tests": [{"osnr_load_54": [27.224643587710787, 27.22577226732637, 27.228028737614345, 27.231411223008294, 27.233664735047178, 27.234791048062025, 27.235917065945785, 27.237042788852253, 27.238168216935144, 27.24041818924437, 27.2415427337775, 27.242666984100644, 27.2437909403669, 27.244914602729242, 27.247161046353522, 27.249406316194932, 27.251650413473033, 27.255014363497047, 27.256135095207977, 27.25725553468992, 27.259495537572963, 27.260615101276823, 27.26173437335721, 27.26285335396522, 27.263972043251812, 27.265090441367835, 27.26620854846403, 27.268443890199272, 27.270678069661063, 27.271794723915008, 27.272911088051064, 27.274027162219152, 27.27514294656907, 27.27848856220608, 27.27960318877901, 27.280717526281034, 27.281831574861258, 27.282945334668675, 27.28739748914604, 27.289621837613176, 27.29184503514782, 27.292956202685566, 27.29406708293409, 27.29517767604113, 27.296287982154293, 27.297398001421087, 27.300726339616546, 27.301835212970595, 27.302943800214084, 27.30405210149383, 27.307375291017127, 27.308482449907856, 27.309589323567266, 27.31069591214149]}, {"gosnr_load_54": [26.91895396865968, 26.895057189187817, 26.992221547053322, 27.004747161893164, 26.941132747997614, 26.881275273657728, 26.907126441741724, 26.996540211035235, 26.994988965705836, 26.993827609841325, 27.00681407676211, 26.9247833000645, 26.874450684817038, 26.97826591704772, 26.961503147323164, 26.959469347303113, 26.88820322551058, 26.930244199026163, 26.938346445040466, 26.903222612633733, 26.88839066279838, 26.90512924015661, 27.013679008766513, 27.044659697193175, 26.91638353802582, 26.905360601913397, 26.928003036678852, 26.960104472211697, 26.884312345014948, 26.88436501722226, 26.951415696712345, 26.914816053547707, 26.888047689048726, 26.96571648923917, 26.97062626230776, 26.914565320940675, 26.875868213672895, 26.904341196868696, 26.910974152802755, 26.881716640762107, 26.926216610862653, 26.943886672357973, 26.8731500027948, 26.933425874844346, 26.957254474980967, 26.931565471388666, 26.91426413428328, 26.897091250177645, 26.99088446962076, 26.966642950127756, 26.974737276439214, 26.925861463209337, 26.983647885054722, 26.897091153839714]}]}