{"tests_qot": [{"osnr_load_qot_27": [13.254978688723924, 13.345535063269743, 13.375583200806807, 13.55443494924521, 13.70160399901697, 13.75999680881759, 13.81811920993718, 13.84707920128513, 13.875971824638372, 13.962246284320091, 14.047917330709414, 14.104697232184888, 14.217458163661815, 14.245482466606372, 14.301332568322959, 14.412241249144733, 14.603807182823342, 14.657953862221234, 14.711841300794386, 14.84543085181423, 14.977417448532282, 15.055845274984767, 15.107813831067707, 15.133703425573975, 15.159530038839822, 15.414355854654104, 15.439496802835336]}, {"gosnr_load_qot_27": [13.251573489166875, 14.715032365049359, 14.475119526939048, 13.623182634676777, 14.097359153929625, 13.863151371591991, 13.58974269108764, 15.06585771280311, 13.612265927922106, 13.44011182119658, 14.22633900486423, 14.010757677376981, 14.413535383716365, 13.16335963244828, 14.616722262151027, 14.71326500912837, 13.222234767231289, 15.092423133586175, 13.669937439773637, 14.787910348872249, 14.708411655944047, 13.91759390902829, 13.786828577698596, 14.740845903481201, 14.381288424455407, 13.990633512114105, 13.553758081167826]}]}