{"tests_qot": [{"osnr_load_qot_54": [14.34989187513751, 14.351026234987145, 14.35329406571852, 14.356693591715787, 14.35895846411569, 14.360090457298698, 14.361222155342368, 14.362353558400523, 14.363484666626858, 14.365745999198259, 14.366876223850124, 14.368006154283758, 14.369135790652273, 14.370265133108637, 14.372522936896246, 14.37477956686804, 14.377035024243574, 14.380416014351962, 14.381542426074539, 14.3826685455599, 14.384919908425061, 14.386045152107625, 14.38717010415848, 14.388294764728718, 14.389419133969302, 14.390543212031087, 14.391666999064798, 14.393913700650373, 14.396159239929545, 14.397281574079827, 14.398403618103986, 14.399525372151933, 14.400646836373488, 14.404009491575957, 14.40512979798757, 14.40624981532004, 14.407369543722474, 14.408488983343863, 14.412963856994757, 14.415199564999234, 14.417434122038282, 14.418550969315877, 14.419667529296017, 14.420783802126426, 14.421899787954725, 14.42301548692842, 14.426360864195175, 14.42747541722319, 14.428589684132398, 14.429703665069626, 14.433043893515972, 14.434156732031248, 14.43526928530696, 14.436381553489252]}, {"gosnr_load_qot_54": [13.989681595105397, 13.960012729682747, 14.088722819663273, 14.086391598428918, 14.015146810006511, 13.945775819767547, 13.982132739484005, 14.077523608546876, 14.074671652871631, 14.07730427671789, 14.093715039113787, 13.994442573988351, 13.93721030234246, 14.072058370437542, 14.035096793127826, 14.036638771596014, 13.957792972160657, 14.006830810561349, 14.007957824941744, 13.969748975104089, 13.959453834505858, 13.979208897460783, 14.097819163238883, 14.135121762070355, 13.984648974046847, 13.975435750945746, 13.995553144499373, 14.044625677780287, 13.953513862861062, 13.94860567621162, 14.03445526422507, 13.987473458464697, 13.959273571480175, 14.040015715663205, 14.047208398261663, 13.982191835831317, 13.938470108964466, 13.974902373824508, 13.980874387663034, 13.950103709895984, 14.006473842832927, 14.020661415598711, 13.935388095423281, 14.006430762857702, 14.03202686020645, 14.000375788136834, 13.989428081078035, 13.962731730398763, 14.087820675417742, 14.052161030933787, 14.066491693273004, 13.99317147579556, 14.062441863392255, 13.970573770094415]}]}