{"tests_qot": [{"osnr_load_qot_81": [14.34648701579356, 14.347622265695808, 14.348757218758738, 14.34989187513751, 14.351026234987145, 14.352160298462554, 14.35329406571852, 14.354427536909707, 14.355560712190654, 14.356693591715787, 14.357826175639408, 14.35895846411569, 14.360090457298698, 14.361222155342368, 14.362353558400523, 14.363484666626858, 14.364615480174947, 14.365745999198259, 14.366876223850124, 14.368006154283758, 14.369135790652273, 14.370265133108637, 14.371394181805714, 14.372522936896246, 14.373651398532854, 14.37477956686804, 14.375907442054194, 14.377035024243574, 14.37816231358833, 14.379289310240488, 14.380416014351962, 14.381542426074539, 14.3826685455599, 14.383794372959596, 14.384919908425061, 14.386045152107625, 14.38717010415848, 14.388294764728718, 14.389419133969302, 14.390543212031087, 14.391666999064798, 14.392790495221062, 14.393913700650373, 14.395036615503114, 14.396159239929545, 14.397281574079827, 14.398403618103986, 14.399525372151933, 14.400646836373488, 14.401768010918312, 14.402888895935988, 14.404009491575957, 14.40512979798757, 14.40624981532004, 14.407369543722474, 14.408488983343863, 14.409608134333086, 14.410726996838896, 14.411845571009943, 14.412963856994757, 14.414081854941756, 14.415199564999234, 14.416316987315387, 14.417434122038282, 14.418550969315877, 14.419667529296017, 14.420783802126426, 14.421899787954725, 14.42301548692842, 14.424130899194898, 14.42524602490143, 14.426360864195175, 14.42747541722319, 14.428589684132398, 14.429703665069626, 14.430817360181592, 14.431930769614876, 14.433043893515972, 14.434156732031248, 14.43526928530696, 14.436381553489252]}, {"gosnr_load_qot_81": [13.854242878590918, 13.897526553552948, 13.836335041642894, 13.835398751376681, 13.838664032639729, 13.832291769426476, 13.838348726851342, 13.833358690285031, 13.899901936786524, 13.833560110707804, 13.940502929948561, 13.843561119591383, 13.878256081719424, 13.832259034747239, 13.832480834672689, 13.962524126250337, 13.875168228161012, 13.981010016121305, 13.888439430664661, 13.8477419415149, 13.837418623571779, 13.881557215056805, 13.832122370306266, 13.915758569529215, 13.84135897894465, 13.836663334969044, 13.858040994115337, 13.844973272744092, 13.832038050504318, 13.85609200462425, 14.066525274460497, 13.8329043999797, 13.907868434826389, 13.84805986581171, 13.841712578208927, 13.857539258191707, 13.850794470490673, 13.840088491445034, 13.992993553487734, 13.948719492470772, 13.893037769210206, 13.832109548129916, 13.928561958162184, 13.835915595594761, 13.866980319960193, 13.834609953709185, 13.879599624552899, 13.832034907171911, 13.833920405475622, 13.839287120589205, 13.86665144898452, 13.832550730519449, 13.84029020951129, 13.849241555010757, 13.84369883378608, 13.862265402884088, 13.853928195934497, 13.845664404265271, 13.83523106140747, 13.832772782733315, 13.937710675905372, 13.8340527340302, 13.846320142407823, 13.860096319378743, 13.83313304867545, 13.869547454049494, 13.837474294908061, 13.872271532529314, 13.888911767337806, 14.008961926350416, 13.872503537736314, 13.920741150058824, 13.842494677793349, 13.850822296510298, 13.864556783001287, 13.852487959428949, 13.834597396014846, 13.86173225823387, 13.902442253340897, 13.885098283085672, 13.913916768929965]}]}