{"tests": [{"osnr_load_27": [12.259320567567986, 12.368105604254719, 12.404177664204841, 12.61862468819726, 12.794740211959926, 12.8645298457651, 12.933945459626418, 12.968513261112488, 13.00298786293885, 13.10585352531741, 13.207884247986001, 13.275442361106503, 13.40945306744622, 13.442726122357762, 13.508997541605037, 13.640445143066112, 13.866986334512506, 13.93090133078726, 13.99445791161198, 14.151788910529921, 14.306905612312688, 14.398920756695093, 14.459827284547925, 14.490149960455987, 14.520385794637786, 14.818004439140726, 14.847296065703775]}, {"gosnr_load_27": [12.288512768771678, 14.030485965293014, 13.746745645829098, 12.75263615131779, 13.304057037785828, 13.026228940363072, 12.7010346177081, 14.423613507184925, 12.735726661733203, 12.510086073679481, 13.451544726043416, 13.208198024704787, 13.676367530810296, 12.17407125457759, 13.909018048933348, 14.022313847064982, 12.253310679762649, 14.45405699483265, 12.803772720502147, 14.11277979544057, 14.024264999906125, 13.090614643786953, 12.934646523681755, 14.056576778569909, 13.636343037455525, 13.183221191495498, 12.653156693249102]}]}