{"tests": [{"osnr_load_54": [13.574144490887864, 13.5752789012756, 13.577546833083138, 13.580946510694602, 13.583211484170608, 13.584343527891656, 13.58547527647336, 13.58660673006954, 13.587737888833898, 13.589999322481319, 13.591129597671188, 13.592259578642816, 13.593389265549318, 13.594518658543661, 13.596776563407214, 13.599033294454925, 13.601288852906348, 13.604669994628518, 13.605796456889012, 13.60692262691228, 13.60917409085324, 13.61029938507369, 13.611424387662424, 13.612549098770543, 13.613673518548993, 13.61479764714864, 13.615921484720205, 13.618168287381476, 13.62041392773631, 13.62153631242441, 13.622658406986389, 13.62378021157215, 13.624901726331505, 13.628264533147341, 13.629384890096734, 13.63050495796697, 13.631624736907169, 13.632744227066311, 13.637219302868166, 13.639455111948084, 13.641689770062548, 13.642806667877839, 13.643923278395665, 13.645039601763763, 13.646155638129741, 13.647271387641105, 13.65061691652083, 13.651731520086487, 13.652845837533338, 13.653959869008194, 13.657300249067392, 13.658413138120274, 13.659525741933582, 13.660638060653467]}, {"gosnr_load_54": [13.20998480335219, 13.180005886120206, 13.310430045347772, 13.30726398530921, 13.23562291564608, 13.165749750454488, 13.202679059170839, 13.298362867345954, 13.29543916782061, 13.29828367982105, 13.314879524110665, 13.214683848326343, 13.157090619963537, 13.293620468221814, 13.255540465243552, 13.257282272871304, 13.17804645924014, 13.227454856918845, 13.228190443479752, 13.189825744286539, 13.179789117918732, 13.199704551279464, 13.318826596917015, 13.3564677957485, 13.204816525923949, 13.195708684646789, 13.215675848796229, 13.26567842435691, 13.173747482677001, 13.168563836962782, 13.255429292321228, 13.207885758137497, 13.179618048689862, 13.260496747694035, 13.267814238391098, 13.202324705550536, 13.158341060567302, 13.195202763128203, 13.201135134428695, 13.170293221447151, 13.227304034657973, 13.24128988358573, 13.15524005246927, 13.22685416466998, 13.252537979509517, 13.22056690684434, 13.20998002715264, 13.182762011134638, 13.309552824249343, 13.273266441920118, 13.287941521708555, 13.21328179342923, 13.283164987070089, 13.191039750851894]}]}