{"tests": [{"osnr_load_81": [13.570739479929559, 13.57187478036992, 13.573009783970956, 13.574144490887825, 13.575278901275556, 13.57641301528905, 13.577546833083096, 13.578680354812358, 13.579813580631372, 13.580946510694563, 13.58207914515624, 13.583211484170567, 13.584343527891614, 13.585475276473318, 13.586606730069501, 13.587737888833857, 13.58886875291996, 13.58999932248128, 13.591129597671149, 13.592259578642775, 13.593389265549277, 13.594518658543617, 13.595647757778673, 13.596776563407172, 13.597905075581743, 13.599033294454884, 13.600161220178983, 13.601288852906306, 13.602416192788995, 13.603543239979079, 13.604669994628477, 13.60579645688897, 13.606922626912239, 13.608048504849837, 13.609174090853198, 13.610299385073649, 13.611424387662385, 13.6125490987705, 13.61367351854895, 13.614797647148599, 13.615921484720166, 13.617045031414277, 13.618168287381433, 13.61929125277201, 13.620413927736267, 13.621536312424372, 13.622658406986348, 13.623780211572107, 13.624901726331462, 13.626022951414082, 13.627143886969545, 13.6282645331473, 13.629384890096691, 13.630504957966929, 13.631624736907126, 13.632744227066272, 13.633863428593244, 13.6349823416368, 13.636100966345579, 13.637219302868127, 13.638337351352847, 13.639455111948045, 13.640572584801907, 13.641689770062506, 13.642806667877796, 13.643923278395624, 13.64503960176372, 13.6461556381297, 13.647271387641062, 13.648386850445204, 13.649502026689394, 13.650616916520788, 13.651731520086447, 13.652845837533295, 13.653959869008155, 13.655073614657741, 13.656187074628646, 13.657300249067351, 13.658413138120233, 13.659525741933543, 13.660638060653428]}, {"gosnr_load_81": [13.073140197660242, 13.116676152935547, 13.05543197804788, 13.054476205773275, 13.057804299167852, 13.051276307425155, 13.057221957024744, 13.052385043950999, 13.119778861538919, 13.05246173733904, 13.160795795186388, 13.062779828187479, 13.097275513855301, 13.051190502075496, 13.05140385922658, 13.182210161171277, 13.094168928751833, 13.200863507044126, 13.108194961955235, 13.066619845519794, 13.056536450668414, 13.100597408482287, 13.051094744422176, 13.135799832583707, 13.06022911377819, 13.055541672408545, 13.076953206785678, 13.063846029737299, 13.050999070747306, 13.07499629747728, 13.2871907878062, 13.051915874578516, 13.127095268175701, 13.06734271341101, 13.060903066421474, 13.076944596031248, 13.070114052939687, 13.0592529121789, 13.213812721736407, 13.168283597899606, 13.112155277969574, 13.051050145430194, 13.147954360801181, 13.054797386170275, 13.08593505110716, 13.053500449616365, 13.099259310795698, 13.050985346018978, 13.052962663119976, 13.058158703389037, 13.086165392173154, 13.051548285516173, 13.059160757451915, 13.068123123579243, 13.062570057318116, 13.081196548887409, 13.073288355729552, 13.0649137787073, 13.054116904049696, 13.051688030853239, 13.157179943435438, 13.052948488961164, 13.065195118337133, 13.079017459525911, 13.052041169053044, 13.088515967783014, 13.056349778132857, 13.091255319458776, 13.108000650698973, 13.229075399906176, 13.092084321572115, 13.140069488276238, 13.061365033021648, 13.069708297569417, 13.083499094646632, 13.071379196925008, 13.053656658077756, 13.08118838995217, 13.121628025826531, 13.10416152304164, 13.133190628459452]}]}