{"tests_qot": [{"osnr_load_qot_27": [6.258818120496099, 6.55863351613081, 6.6574876544682215, 7.239159265941283, 7.7088066462025475, 7.892811936963953, 8.074612037828881, 8.164684919333446, 8.254206372534602, 8.519463493706008, 8.779765437281307, 8.950552855592074, 9.28555706426239, 9.367943898414172, 9.53108715512361, 9.850883689024673, 10.389931487388699, 10.539192251941289, 10.686367083798132, 11.045284476158457, 11.391536718257257, 11.593332366230456, 11.725423534931805, 11.790745270408529, 11.855588048042522, 12.478292750996332, 12.538054857988016]}, {"gosnr_load_qot_27": [6.600303380079309, 10.715109921345858, 10.306487102287267, 8.021025967142492, 9.322834998505579, 8.631337070864703, 7.78728492286005, 11.12722865360511, 7.944167587648946, 7.175464948033833, 9.634047983429308, 9.144957487430514, 10.169492750132537, 6.217553568126917, 10.611107448828601, 10.801639192747137, 6.5030532893475375, 11.173894301789973, 8.117085843763434, 10.856159920280835, 10.674525910299288, 8.792057195338563, 8.389058021393698, 10.824158377001744, 10.06953182498943, 9.074354540018795, 7.619483847297271]}]}