{"tests_qot": [{"osnr_load_qot_54": [9.748989807455652, 9.750124369155431, 9.752392603587015, 9.755792735134467, 9.75805801123439, 9.75919020626738, 9.760322106161016, 9.761453711069112, 9.762585021145371, 9.76484675741656, 9.765977183918293, 9.767107316201775, 9.768237154420115, 9.769366698726296, 9.771624906213454, 9.773881939884738, 9.776137800959663, 9.77951939661702, 9.780646010189214, 9.78177233152417, 9.784024098088466, 9.78514954362056, 9.786274697520938, 9.787399559940667, 9.788524131030739, 9.789648410941979, 9.790772399825128, 9.793019505109527, 9.795265448087454, 9.796387984087074, 9.797510229960553, 9.798632185857818, 9.799753851928642, 9.803117112678866, 9.804237620939686, 9.805357840121342, 9.806477770372945, 9.807597411843483, 9.812073092890795, 9.814309204593364, 9.816544165330411, 9.817661214456983, 9.818777976286077, 9.819894450965428, 9.82101063864265, 9.822126539465245, 9.825472522278577, 9.826587277155417, 9.827701745913426, 9.828815928699443, 9.832156762692023, 9.833269803055995, 9.8343825581804, 9.835495028211355]}, {"gosnr_load_qot_54": [9.385202184578281, 9.355207415410344, 9.485711034631992, 9.482521048218159, 9.410851337235083, 9.340947311883106, 9.377901403284357, 9.473616802163235, 9.470690389435362, 9.47354147902239, 9.490146576970803, 9.389900655971653, 9.332283506579719, 9.468893261913545, 9.430772868431838, 9.432520641584654, 9.353254729252848, 9.40268538329277, 9.403410302423103, 9.365031963122231, 9.355000075023254, 9.374924769925126, 9.494090280154596, 9.531750284629343, 9.380028892836979, 9.370921763159753, 9.390889612289525, 9.440930199748902, 9.348954165568781, 9.343761638624331, 9.430676366006114, 9.383105652360692, 9.354829219273842, 9.435731404096456, 9.443054154161196, 9.377535506756399, 9.333533987929645, 9.370416479899667, 9.376349190511963, 9.345497849939088, 9.402540237172767, 9.416523913739402, 9.330431709089416, 9.40207898425373, 9.42777151463457, 9.39578375695273, 9.38520430003366, 9.357965234496099, 9.484834286239579, 9.448521546483937, 9.463209797400667, 9.388494631274572, 9.458411940480593, 9.366257048496282]}]}