{"tests_qot": [{"osnr_load_qot_81": [9.745584342561187, 9.746719794313623, 9.747854949226728, 9.748989807455652, 9.750124369155431, 9.751258634480955, 9.752392603587015, 9.753526276628282, 9.754659653759294, 9.755792735134467, 9.756925520908107, 9.75805801123439, 9.75919020626738, 9.760322106161016, 9.761453711069112, 9.762585021145371, 9.763716036543372, 9.76484675741656, 9.765977183918293, 9.767107316201775, 9.768237154420115, 9.769366698726296, 9.770495949273156, 9.771624906213454, 9.772753569699825, 9.773881939884738, 9.775010016920588, 9.776137800959663, 9.777265292154096, 9.778392490655909, 9.77951939661702, 9.780646010189214, 9.78177233152417, 9.782898360773443, 9.784024098088466, 9.78514954362056, 9.786274697520938, 9.787399559940667, 9.788524131030739, 9.789648410941979, 9.790772399825128, 9.791896097830822, 9.793019505109527, 9.794142621811652, 9.795265448087454, 9.796387984087074, 9.797510229960553, 9.798632185857818, 9.799753851928642, 9.800875228322742, 9.801996315189655, 9.803117112678866, 9.804237620939686, 9.805357840121342, 9.806477770372945, 9.807597411843483, 9.808716764681835, 9.809835829036759, 9.810954605056901, 9.812073092890795, 9.813191292686845, 9.814309204593364, 9.81542682875852, 9.816544165330411, 9.817661214456983, 9.818777976286077, 9.819894450965428, 9.82101063864265, 9.822126539465245, 9.823242153580606, 9.824357481135985, 9.825472522278577, 9.826587277155417, 9.827701745913426, 9.828815928699443, 9.829929825660168, 9.831043436942203, 9.832156762692023, 9.833269803055995, 9.8343825581804, 9.835495028211355]}, {"gosnr_load_qot_81": [9.248285889531575, 9.291839137097739, 9.230579038088344, 9.229622501990065, 9.23295311608148, 9.226419279670534, 9.232363239958058, 9.227529434370961, 9.294962734547005, 9.22760269062824, 9.33600100296043, 9.237931986368995, 9.272430287773592, 9.226331984090548, 9.226545157358037, 9.357403713111314, 9.269322448402761, 9.376066212710931, 9.283372717869714, 9.241763465279636, 9.231684348490875, 9.275753544447273, 9.226237337170796, 9.31099207959578, 9.235371016763708, 9.230682702658248, 9.25210020952803, 9.238988854915439, 9.2261413265629, 9.250142619707539, 9.462437140135563, 9.22705974287318, 9.302262873202132, 9.242497720949602, 9.236054002012924, 9.25210525761597, 9.245270730114514, 9.234402738208473, 9.389045331973257, 9.343470414118398, 9.287316298368152, 9.226191847471142, 9.323131538131953, 9.229938337529703, 9.261085350807456, 9.228641338043523, 9.27443229209461, 9.226127305500873, 9.228107629490216, 9.23330016049573, 9.261331238214856, 9.226691682079334, 9.234302421076015, 9.243267198380945, 9.237712540231529, 9.256345076717318, 9.24844690430956, 9.240067287869993, 9.22925780809887, 9.226829180155804, 9.332361462881405, 9.228089393683828, 9.240338322042524, 9.254165196213734, 9.227182203662634, 9.263667259023986, 9.231490918863884, 9.266407681360965, 9.283159891391838, 9.404292173393051, 9.267253418418266, 9.315243003424682, 9.236507208845659, 9.244852868077622, 9.25864847514611, 9.246524305724778, 9.22880225818412, 9.2563514594738, 9.296793190604337, 9.279319142411286, 9.308360990609822]}]}