{"tests_qot": [{"osnr_load_qot_27": [13.540703115381456, 13.62657421143239, 13.655072820499264, 13.82475555559303, 13.964451104386606, 14.019896962102052, 14.075096602222871, 14.102604270280825, 14.130050600495956, 14.212022299314, 14.29344462586511, 14.347421979241844, 14.454649390382757, 14.481305180711345, 14.534436043051933, 14.639977157979057, 14.82237591418587, 14.87395588854418, 14.925299809094456, 15.052631477349966, 15.178503299352922, 15.25333038327939, 15.302926639121699, 15.327638506932836, 15.352292993313498, 15.595702842457603, 15.619732448307712]}, {"gosnr_load_qot_27": [13.524700242787315, 14.918996532954353, 14.689655957732652, 13.871408213753353, 14.327724321581282, 14.104253950315837, 13.843559956488129, 15.259900182363449, 13.862320369983028, 13.70547899787846, 14.45248469155101, 14.242871836374821, 14.630105715950366, 13.444051846042598, 14.826333161689275, 14.91873976468617, 13.496811618744463, 15.285589619962083, 13.91754628313575, 14.989750547316474, 14.912365991835276, 14.156274363968016, 14.031775075351794, 14.944691003189794, 14.599872446943255, 14.22400356821774, 13.81101598101602]}]}