{"tests_qot": [{"osnr_load_qot_54": [14.578661996412931, 14.57979633955179, 14.582064136861613, 14.58546361272657, 14.587728451704944, 14.58886042817719, 14.589992109510103, 14.591123495857502, 14.592254587373086, 14.59451588652299, 14.59564609446411, 14.596776008187003, 14.597905627844774, 14.5990349535904, 14.601292723956538, 14.603549320506875, 14.60580474446096, 14.60918568443719, 14.610312079449056, 14.611438182223704, 14.613689511667452, 14.61481473863931, 14.615939673979463, 14.617064317839002, 14.618188670368891, 14.61931273171998, 14.620436502043002, 14.6226831702072, 14.624928676065005, 14.62605099350461, 14.627173020818088, 14.628294758155363, 14.629416205666244, 14.632778810736713, 14.633899100437663, 14.635019101059472, 14.636138812751248, 14.637258235661983, 14.641733042470282, 14.643968717053475, 14.64620324067125, 14.64732007123821, 14.648436614507718, 14.6495528706275, 14.650668839745176, 14.651784522008246, 14.655129849143144, 14.656244385460546, 14.657358635659143, 14.658472599885764, 14.661812778200296, 14.662925600004971, 14.664038136570088, 14.66515038804179]}, {"gosnr_load_qot_54": [14.214459588291533, 14.184496885057383, 14.314834951158165, 14.311704407988392, 14.240087702918105, 14.170243051244178, 14.207144373333204, 14.302805645566167, 14.299885283413856, 14.30272056224528, 14.31930681751579, 14.21916074591875, 14.161588767727654, 14.298033301631785, 14.260004499095205, 14.261737702689963, 14.18252669759063, 14.231914278359469, 14.23266627621935, 14.194312190675443, 14.184265727982137, 14.204172313176318, 14.323260080188067, 14.360882921102844, 14.209297570494687, 14.200186249351043, 14.22015763615574, 14.270115715919388, 14.178229008158231, 14.173057507878282, 14.259870994920881, 14.212356169081275, 14.18409428939502, 14.264958678729943, 14.272270129541075, 14.206807473690425, 14.162839472422826, 14.199679224499507, 14.205612641228049, 14.174776966390152, 14.231754787439009, 14.245747650160572, 14.159739587737416, 14.231322102286137, 14.256999492217723, 14.225045295103882, 14.214444334278944, 14.187251157300235, 14.313956774603447, 14.277700702626566, 14.292359696383624, 14.217764355522409, 14.287614292303761, 14.195509674320235]}]}