{"tests_qot": [{"osnr_load_qot_81": [14.575257187201336, 14.576392420392796, 14.577527356744945, 14.578661996412931, 14.57979633955179, 14.58093038631642, 14.582064136861613, 14.583197591342024, 14.584330749912205, 14.58546361272657, 14.586596179939423, 14.587728451704944, 14.58886042817719, 14.589992109510103, 14.591123495857502, 14.592254587373086, 14.593385384210425, 14.59451588652299, 14.59564609446411, 14.596776008187003, 14.597905627844774, 14.5990349535904, 14.600163985576739, 14.601292723956538, 14.602421168882419, 14.603549320506875, 14.604677178982303, 14.60580474446096, 14.606932017094994, 14.608058997036435, 14.60918568443719, 14.610312079449056, 14.611438182223704, 14.612563992912692, 14.613689511667452, 14.61481473863931, 14.615939673979463, 14.617064317839002, 14.618188670368891, 14.61931273171998, 14.620436502043002, 14.621559981488573, 14.6226831702072, 14.623806068349257, 14.624928676065005, 14.62605099350461, 14.627173020818088, 14.628294758155363, 14.629416205666244, 14.6305373635004, 14.631658231807405, 14.632778810736713, 14.633899100437663, 14.635019101059472, 14.636138812751248, 14.637258235661983, 14.638377369940551, 14.639496215735715, 14.640614773196113, 14.641733042470282, 14.642851023706635, 14.643968717053475, 14.64508612265899, 14.64620324067125, 14.64732007123821, 14.648436614507718, 14.6495528706275, 14.650668839745176, 14.651784522008246, 14.652899917564104, 14.654015026560014, 14.655129849143144, 14.656244385460546, 14.657358635659143, 14.658472599885764, 14.65958627828712, 14.660699671009802, 14.661812778200296, 14.662925600004971, 14.664038136570088, 14.66515038804179]}, {"gosnr_load_qot_81": [14.077688416027437, 14.121209271607002, 14.059973597543484, 14.059018743078791, 14.062343852132884, 14.055823083505228, 14.061772815016237, 14.056929946201542, 14.12428102638257, 14.057011884351112, 14.165276178739921, 14.067315570192179, 14.101816114223027, 14.055739521824236, 14.05595321280538, 14.186713865091079, 14.098710637368503, 14.205358197097413, 14.112703435966194, 14.071169547916078, 14.061077077852692, 14.10513679272867, 14.055642051232855, 14.140293415803932, 14.064779795555163, 14.06009248652852, 14.081500407774195, 14.068396232083291, 14.0555468654346, 14.079544032275672, 14.2916420877006, 14.05646145118856, 14.131624056443757, 14.071875288350794, 14.065440188383239, 14.08147103028167, 14.074644797593978, 14.063791300235897, 14.218265366493421, 14.172793895646043, 14.116690214932815, 14.055598794978847, 14.152474010610161, 14.059348130686825, 14.090479541094055, 14.058050959612684, 14.103772742163823, 14.055533587711311, 14.057506836800401, 14.062709535280373, 14.090686307320633, 14.056094485734372, 14.063711530770096, 14.072672518097544, 14.067120454453912, 14.085742517935172, 14.077817066858191, 14.06944801141831, 14.058667547230117, 14.056237682991977, 14.161695394907643, 14.057498833688607, 14.06974508952368, 14.083564073184878, 14.056591085411643, 14.093059612508084, 14.060900630119097, 14.095798039716644, 14.112537221764548, 14.233556157642555, 14.096601813893365, 14.144592655987685, 14.065915589660985, 14.074257343447766, 14.088044357471492, 14.075927851483797, 14.05820004498474, 14.085712250264121, 14.126159109202575, 14.108699569710081, 14.137716804524857]}]}