{"tests": [{"osnr_load_27": [8.319213042758978, 8.535270698717518, 8.60666688948616, 9.028492180691966, 9.371425938514877, 9.506413672910657, 9.640153359779402, 9.706555515390018, 9.77264609657297, 9.96905038713514, 10.162658553683993, 10.290181091048654, 10.541519739602096, 10.603584559640982, 10.726793502068626, 10.969542575987102, 11.382677304522307, 11.49801119320915, 11.612153402494261, 11.892336133121441, 12.16521273178482, 12.325478311547922, 12.430896075290478, 12.483180144676194, 12.535182359574016, 13.039935714636744, 13.088908343585267]}, {"gosnr_load_27": [8.533187069455057, 11.722933983316704, 11.29725059573235, 9.540503294833401, 10.523556139917538, 10.004932322641176, 9.38347544564101, 12.2281041935371, 9.488880194484837, 8.952001016529309, 10.768326511065172, 10.37956003870571, 11.184529823493705, 8.265937941157283, 11.554512470903894, 11.73225390805907, 8.463234965001865, 12.272899744433834, 9.616489925570386, 11.846659406557194, 11.70573469782086, 10.124929458718494, 9.826731039923294, 11.777906640620133, 11.106409622071924, 10.327852337068006, 9.266659927840992]}]}