{"tests": [{"osnr_load_54": [10.882037397051302, 10.88317192682468, 10.885440097403453, 10.888840133171712, 10.891105345418845, 10.892237508525442, 10.893369376492693, 10.894500949474399, 10.895632227624274, 10.897893900042696, 10.899024294618052, 10.900154394975152, 10.901284201267119, 10.902413713646919, 10.904671857281338, 10.906928827099883, 10.90918462432208, 10.912566124200353, 10.913692705846191, 10.914818995254791, 10.917070697966382, 10.91819611157213, 10.919321233546153, 10.920446064039542, 10.921570603203268, 10.922694851188169, 10.923818808144976, 10.926065849576698, 10.928311728701956, 10.929434232775241, 10.930556446722392, 10.931678370693332, 10.932800004837834, 10.936163169809085, 10.93728364614359, 10.938403833398931, 10.939523731724215, 10.940643341268439, 10.945118894610514, 10.94735494246047, 10.949589839344927, 10.950706856545203, 10.951823586448, 10.952940029201057, 10.954056184951986, 10.95517205384829, 10.958517940882766, 10.959632663833322, 10.960747100665053, 10.961861251524784, 10.96520198973854, 10.966314998176243, 10.967427721374381, 10.968540159479065]}, {"gosnr_load_54": [10.517595383862977, 10.487560904195332, 10.618286215411848, 10.614984422518909, 10.543266113814248, 10.47329910957865, 10.51032767113094, 10.606076303131493, 10.603140453131171, 10.606019786174638, 10.622648649611541, 10.522285252776229, 10.464623286659961, 10.601450047028557, 10.56318203361307, 10.564956501656557, 10.485643257261145, 10.535120520284782, 10.53579288796183, 10.497396053263472, 10.48739946591623, 10.507344427796566, 10.626571028505245, 10.66427402770419, 10.512404220816265, 10.503311796517636, 10.523258243148902, 10.573420427852, 10.481340296578598, 10.476111146301989, 10.563156684314485, 10.515513616340398, 10.48722985403189, 10.568145266049173, 10.575484292898583, 10.509906339143384, 10.4658724342984, 10.502810227589425, 10.508737249424913, 10.477878279738523, 10.535003037735533, 10.54895877036178, 10.462767800315333, 10.534487244484648, 10.560189917563829, 10.52816125638575, 10.517630864614496, 10.490323530545929, 10.617412867690705, 10.58101835716178, 10.595751881739998, 10.52086175123244, 10.590856833939078, 10.498673268236887]}]}