{"tests": [{"osnr_load_81": [10.878632027936012, 10.879767447762038, 10.880902570748734, 10.882037397051253, 10.883171926824623, 10.884306160223744, 10.885440097403404, 10.886573738518269, 10.887707083722882, 10.88884013317166, 10.889972887018907, 10.891105345418794, 10.89223750852539, 10.893369376492641, 10.894500949474345, 10.89563222762422, 10.896763211095838, 10.897893900042648, 10.899024294617996, 10.900154394975099, 10.901284201267066, 10.902413713646865, 10.903542932267358, 10.904671857281285, 10.905800488841281, 10.906928827099833, 10.908056872209315, 10.909184624322029, 10.9103120835901, 10.911439250165545, 10.912566124200303, 10.913692705846138, 10.914818995254741, 10.915944992577653, 10.917070697966329, 10.918196111572076, 10.919321233546102, 10.92044606403949, 10.921570603203213, 10.922694851188115, 10.923818808144926, 10.924942474224276, 10.926065849576647, 10.927188934352436, 10.928311728701903, 10.929434232775193, 10.930556446722342, 10.931678370693279, 10.93280000483778, 10.933921349305555, 10.935042404246147, 10.936163169809037, 10.937283646143536, 10.938403833398878, 10.939523731724158, 10.940643341268386, 10.94176266218043, 10.942881694609044, 10.944000438702874, 10.945118894610463, 10.946237062480211, 10.947354942460422, 10.948472534699283, 10.949589839344874, 10.95070685654515, 10.951823586447947, 10.952940029201004, 10.954056184951938, 10.955172053848237, 10.956287636037313, 10.957402931666406, 10.958517940882713, 10.95963266383327, 10.960747100664998, 10.961861251524736, 10.962975116559186, 10.964088695914942, 10.965201989738489, 10.966314998176195, 10.96742772137433, 10.968540159479014]}, {"gosnr_load_81": [10.380499008307112, 10.424083420684727, 10.362819997575144, 10.361860907098384, 10.365199741841842, 10.358645419859931, 10.36457409565687, 10.359761114249917, 10.427304364011107, 10.359817642132782, 10.468395885831798, 10.370188828643121, 10.404658307213325, 10.35855101363068, 10.358763041963787, 10.489715874671298, 10.401548146233017, 10.50839966604556, 10.415698778161497, 10.373974377312113, 10.363928042232775, 10.407984144350591, 10.358461857379504, 10.443354762998167, 10.367581275080052, 10.362894344977986, 10.384315093145457, 10.37119924530284, 10.358364330204875, 10.38235656057421, 10.594874048148807, 10.359289456105712, 10.43451687210169, 10.37476288673001, 10.368307174062917, 10.384386264871177, 10.377540653415856, 10.366652514954858, 10.521507502788998, 10.475767091477586, 10.419556556640648, 10.358412109669244, 10.455406451098758, 10.362150487942834, 10.39330538783628, 10.360854734232227, 10.406746046076057, 10.358348891195423, 10.360341406878689, 10.365510738522746, 10.393626247461569, 10.358919551169581, 10.36651279958372, 10.3754785104125, 10.369922802471601, 10.388562240404255, 10.380722075826244, 10.372328112650644, 10.361470543037461, 10.359046004885247, 10.464646111790874, 10.360303528432492, 10.37254892802215, 10.38638115109887, 10.359398051317976, 10.395888986516637, 10.363702129517883, 10.398631289417375, 10.415396566280892, 10.53665872245778, 10.399557029838952, 10.44750981312812, 10.36871742779449, 10.377064678061796, 10.390866995549057, 10.378736716206628, 10.361038273591706, 10.38863901963282, 10.429042020163525, 10.41155261421631, 10.440620919659235]}]}