{"tests_qot": [{"osnr_load_qot_27": [11.664815634261938, 11.785955459065327, 11.826106741457039, 12.064619285720264, 12.260253255770685, 12.337714019288622, 12.4147230327599, 12.45305841665473, 12.4912812076501, 12.6052752298553, 12.718260353126647, 12.793025003511671, 12.941218186375252, 12.977988952652929, 13.05119847767347, 13.19629377108727, 13.445990152307303, 13.516351923951635, 13.586280682528562, 13.759217735296826, 13.92948107277867, 14.03036588433358, 14.097095306326858, 14.13030250364782, 14.163404972220711, 14.48871708273062, 14.520681898729741]}, {"gosnr_load_qot_27": [11.71763582469133, 13.644197716852462, 13.333090442078689, 12.245385903960129, 12.84790572196442, 12.54098366494304, 12.180973321771273, 14.061944348732165, 12.224255799419087, 11.961517464218268, 13.007345508174843, 12.746311816975847, 13.25714228362492, 11.585092132415491, 13.508455542462102, 13.632348688662745, 11.67845968265932, 14.094716195616874, 12.29923628015145, 13.732231826541469, 13.638068508574015, 12.612004620786973, 12.439106353595344, 13.67069814640227, 13.211932534681662, 12.718055538499954, 12.124836712854755]}]}