{"tests_qot": [{"osnr_load_qot_54": [13.12737297551045, 13.128507411160449, 13.130775393492517, 13.134175146890751, 13.136440170891259, 13.137572239874551, 13.138704013718495, 13.139835492576921, 13.140966676603515, 13.143228160775402, 13.1443584612275, 13.145488467461352, 13.146618179630076, 13.147747597886639, 13.150005553274621, 13.152262334846753, 13.154517943822588, 13.157899161331347, 13.159025648854033, 13.16015184413949, 13.162403358604816, 13.16352867808745, 13.16465370593836, 13.165778442308651, 13.166902887349272, 13.16802704121109, 13.169150904044821, 13.171397757230414, 13.173643448109559, 13.174765858059814, 13.17588797788394, 13.177009807731842, 13.178131347753341, 13.181494230355588, 13.18261461256711, 13.183734705699479, 13.184854509901804, 13.18597402532307, 13.190449202173388, 13.19268506177752, 13.194919770416185, 13.196036693493575, 13.197153329273494, 13.19826967790368, 13.199385739531749, 13.2005015143052, 13.203847118971165, 13.204961747798901, 13.206076090507818, 13.207190147244743, 13.210530603090127, 13.211643517405065, 13.21275614648043, 13.213868490462366]}, {"gosnr_load_qot_54": [12.765031703542501, 12.735181490461711, 12.864891515846882, 12.862077893044132, 12.790598727312684, 12.720932406711107, 12.757622715773348, 12.85319008194785, 12.850296463527002, 12.853051686614156, 12.869570627171623, 12.76975726469755, 12.712312168885953, 12.84814195366141, 12.810531495303445, 12.812189025595345, 12.7331119557395, 12.782367555885742, 12.783268539869695, 12.744966770111155, 12.73482019458718, 12.75466938529513, 12.873584351176516, 12.911085439179315, 12.759920336220974, 12.750767295200108, 12.770799423338616, 12.820412941844195, 12.728821048542361, 12.723753364796679, 12.81019627970706, 12.762886419212805, 12.734645229045938, 12.815472375483703, 12.822737705769578, 12.75744297714715, 12.713566658869684, 12.750249738365012, 12.756199301875702, 12.725385159483837, 12.782129641570474, 12.79620176661166, 12.710473441975271, 12.781851572640381, 12.807500289943984, 12.775661954235108, 12.764921858596395, 12.737922141830031, 12.864003697373835, 12.827979293235249, 12.842509999919889, 12.768410418768788, 12.838040089706364, 12.746016466160018]}]}