{"tests_qot": [{"osnr_load_qot_81": [13.123967888765357, 13.125103214467995, 13.126238243331308, 13.12737297551045, 13.128507411160449, 13.129641550436206, 13.130775393492517, 13.131908940484038, 13.133042191565309, 13.134175146890751, 13.135307806614682, 13.136440170891259, 13.137572239874551, 13.138704013718495, 13.139835492576921, 13.140966676603515, 13.142097565951854, 13.143228160775402, 13.1443584612275, 13.145488467461352, 13.146618179630076, 13.147747597886639, 13.148876722383907, 13.150005553274621, 13.151134090711405, 13.152262334846753, 13.153390285833062, 13.154517943822588, 13.155645308967475, 13.15677238141976, 13.157899161331347, 13.159025648854033, 13.16015184413949, 13.161277747339273, 13.162403358604816, 13.16352867808745, 13.16465370593836, 13.165778442308651, 13.166902887349272, 13.16802704121109, 13.169150904044821, 13.170274476001097, 13.171397757230414, 13.172520747883148, 13.173643448109559, 13.174765858059814, 13.17588797788394, 13.177009807731842, 13.178131347753341, 13.179252598098103, 13.180373558915704, 13.181494230355588, 13.18261461256711, 13.183734705699479, 13.184854509901804, 13.18597402532307, 13.187093252112163, 13.188212190417836, 13.189330840388731, 13.190449202173388, 13.191567275920217, 13.19268506177752, 13.193802559893488, 13.194919770416185, 13.196036693493575, 13.197153329273494, 13.19826967790368, 13.199385739531749, 13.2005015143052, 13.201617002371425, 13.20273220387769, 13.203847118971165, 13.204961747798901, 13.206076090507818, 13.207190147244743, 13.2083039181564, 13.209417403389361, 13.210530603090127, 13.211643517405065, 13.21275614648043, 13.213868490462366]}, {"gosnr_load_qot_81": [12.628770702734734, 12.672203319168345, 12.610976884991821, 12.610029270814675, 12.61333107958778, 12.606868380172171, 12.612861471118439, 12.60795953772843, 12.674999068602624, 12.608088911777122, 12.71584336637588, 12.618273843241848, 12.652856221071788, 12.606804981502242, 12.607021919765586, 12.737515650870744, 12.649757317982946, 12.756099672862817, 12.66346558543346, 12.622258072561472, 12.612072615430472, 12.65616959248547, 12.606691941028185, 12.690951815132825, 12.61587015468766, 12.611178906975194, 12.632577701494816, 12.619486227591105, 12.606601055379913, 12.630623993409687, 12.84209053596423, 12.607496617961848, 12.682590587718243, 12.622809973745275, 12.616408862824631, 12.632360826633962, 12.625566001446584, 12.614769597248866, 12.768641962898215, 12.723639541261482, 12.667695662731846, 12.606660758844566, 12.703381304418809, 12.610433108107788, 12.641542248699341, 12.609132400522398, 12.654569756585826, 12.606591798410665, 12.608530482343694, 12.613798981587774, 12.64153643008018, 12.607134880696362, 12.614801545864312, 12.623759913005516, 12.618210809504944, 12.636813358986265, 12.628723399124587, 12.620394998419817, 12.60975086508164, 12.607309396255229, 12.712575111569734, 12.608578178626457, 12.620834477744129, 12.634638335392784, 12.607665570389315, 12.644117534385398, 12.61198827706005, 12.646850637309106, 12.663552817858816, 12.784203889375247, 12.647427564183753, 12.695522902038123, 12.617006063845206, 12.625343331103316, 12.639111358315846, 12.627012141364379, 12.609217346480428, 12.636583479144583, 12.677140281572079, 12.6597242367444, 12.688666539473065]}]}