{"tests": [{"osnr_load_27": [11.839772631192446, 11.957152957061265, 11.9960632868938, 12.227258354499693, 12.416962237408677, 12.492093618868283, 12.566797586330182, 12.603989563838752, 12.641075020639414, 12.751693427040342, 12.861357406042371, 12.933938145240138, 13.077835713338413, 13.113547577057137, 13.184657243691829, 13.325624369030502, 13.568324441946773, 13.636740161540171, 13.70474621161681, 13.872977983007209, 14.038679729804377, 14.136895842310315, 14.201874328505529, 14.234214471590963, 14.266455474389137, 14.583456737438183, 14.614620480975603]}, {"gosnr_load_27": [11.88571794791068, 13.758129640982077, 13.454143105117872, 12.394400118098659, 12.981495177009606, 12.683269913250887, 12.333743235626649, 14.16877498247773, 12.374506253054832, 12.122804099305416, 13.137305909542059, 12.88170450799095, 13.37987464574464, 11.75860810050563, 13.625623213590313, 13.746597986458955, 11.847748763227786, 14.200857377076472, 12.447389703068678, 13.844377339943389, 13.752169377485755, 12.752297499125088, 12.584474253848573, 13.784047304727007, 13.336125201872067, 12.854413264252676, 12.280058164814147]}]}