{"tests": [{"osnr_load_54": [13.257495621829793, 13.258630050388396, 13.260898018537661, 13.264297750661703, 13.266562760479415, 13.267694822371311, 13.268826589123865, 13.269958060890893, 13.271089237826095, 13.273350707815199, 13.274481001175904, 13.275611000318367, 13.276740705395706, 13.27787011656088, 13.280128057766088, 13.282384825155447, 13.28464041994851, 13.288021616183126, 13.289148096614431, 13.290274284808508, 13.292525785091078, 13.293651097482332, 13.294776118241867, 13.295900847520784, 13.297025285470028, 13.298149432240471, 13.299273287982828, 13.301520126985677, 13.30376580368208, 13.304888206540964, 13.306010319273721, 13.307132142030255, 13.308253674960387, 13.311616536288538, 13.312736911408695, 13.313856997449697, 13.31497679456066, 13.316096302890564, 13.32057145137544, 13.322807296796856, 13.32504199125281, 13.326158907238844, 13.32727553592741, 13.328391877466244, 13.329507932002958, 13.330623699685054, 13.33396928307697, 13.335083904813354, 13.336198240430924, 13.337312290076504, 13.340652724647853, 13.341765631871445, 13.342878253855465, 13.34399059074606]}, {"gosnr_load_54": [12.895823916166126, 12.866025841668957, 12.995447549856554, 12.992774492607609, 12.921361886278074, 12.851779962533305, 12.888373975559777, 12.98389223873511, 12.981010693915774, 12.983730245212081, 13.000218060206057, 12.900559916846777, 12.84317546781514, 12.978722385163541, 12.94130016195255, 12.942924048349036, 12.863912467034107, 12.913105785097525, 12.914072680820428, 12.875797064873314, 12.865606936726188, 12.885429169517318, 13.004258238413795, 13.041702401225448, 12.89073537921861, 12.881564572615128, 12.901622043046409, 12.95107907406116, 12.859624895296964, 12.854603582462307, 12.94087564286675, 12.89366025777991, 12.865430422708544, 12.946234762913457, 12.953479094673765, 12.888263854301574, 12.844431537740945, 12.881042391541692, 12.886998643881364, 12.856196425428454, 12.912833158944888, 12.926939283439093, 12.84134151213474, 12.912623585702567, 12.938257592578344, 12.9064730653989, 12.895672187848245, 12.868760248242895, 12.994555532672862, 12.95863657540114, 12.973109322351155, 12.899235118648107, 12.968761765982762, 12.876781226879183]}]}