{"tests": [{"osnr_load_81": [13.254090556358872, 13.255225874970106, 13.256360896742015, 13.25749562182975, 13.258630050388351, 13.25976418257271, 13.260898018537619, 13.26203155843774, 13.263164802427614, 13.26429775066166, 13.265430403294191, 13.266562760479372, 13.26769482237127, 13.268826589123822, 13.269958060890852, 13.271089237826052, 13.272220120082999, 13.273350707815155, 13.274481001175861, 13.275611000318326, 13.276740705395662, 13.277870116560832, 13.278999233966717, 13.280128057766042, 13.281256588111441, 13.282384825155404, 13.283512769050326, 13.284640419948468, 13.285767778001974, 13.286894843362873, 13.288021616183084, 13.289148096614387, 13.290274284808465, 13.291400180916868, 13.292525785091037, 13.29365109748229, 13.294776118241828, 13.295900847520738, 13.297025285469983, 13.298149432240429, 13.299273287982786, 13.300396852847687, 13.301520126985633, 13.302643110546992, 13.303765803682035, 13.304888206540921, 13.306010319273675, 13.307132142030213, 13.308253674960342, 13.309374918213738, 13.310495871939974, 13.311616536288495, 13.312736911408653, 13.313856997449655, 13.314976794560616, 13.316096302890521, 13.317215522588253, 13.318334453802565, 13.3194530966821, 13.3205714513754, 13.32168951803087, 13.322807296796814, 13.323924787821424, 13.325041991252766, 13.326158907238801, 13.327275535927367, 13.328391877466201, 13.329507932002915, 13.330623699685011, 13.331739180659884, 13.332854375074806, 13.333969283076925, 13.335083904813311, 13.336198240430882, 13.337312290076461, 13.33842605389677, 13.339539532038387, 13.340652724647807, 13.341765631871404, 13.342878253855424, 13.343990590746017]}, {"gosnr_load_81": [12.759799332574861, 12.803189567242443, 12.741971862847539, 12.741027526988532, 12.744318766657624, 12.737882274812765, 12.743894121481157, 12.738966393764672, 12.805862853947584, 12.739116769996832, 12.846637207532128, 12.749248333073522, 12.783864343347739, 12.737827812192425, 12.738046172558732, 12.868411721420172, 12.780768587342672, 12.886967589495148, 12.794349785233353, 12.753289956963451, 12.74306407810158, 12.787174226392297, 12.737707883464093, 12.82178796496943, 12.746903332982258, 12.742210693600232, 12.763603832053183, 12.750518972453005, 12.737618909410433, 12.761651453143273, 12.972821922342671, 12.738505978343884, 12.813563854472378, 12.753773673830572, 12.747388100310044, 12.763303922893286, 12.7565235221923, 12.745753220382499, 12.899347305221365, 12.854556110803717, 12.798687304111244, 12.737682051881885, 12.83432673945522, 12.741464311617, 12.772561240025247, 12.740162135296437, 12.785470074946165, 12.7376114341462, 12.739534661698118, 12.744831911436485, 12.772461259692601, 12.738146584092823, 12.745834652208043, 12.754791183723311, 12.74924380971987, 12.767836311011747, 12.759674094424856, 12.75136432939944, 12.740781384767644, 12.738334959108597, 12.843507624868057, 12.739607026632822, 12.751866851994691, 12.765662967345417, 12.738692334227835, 12.775134210755896, 12.74302054609521, 12.777864748089886, 12.794549269893938, 12.915028094459593, 12.778341152246186, 12.826479106516185, 12.748039207570994, 12.756373859015168, 12.770132435404982, 12.758041791292241, 12.740218664116963, 12.767518032075158, 12.808120449904914, 12.790724998037168, 12.819631901628714]}]}