{"tests": [{"osnr_load_27": [9.98798193321173, 10.150978413194698, 10.204926880313305, 10.524592359066068, 10.785717403748947, 10.888830871880021, 10.991182143833003, 11.042072323582088, 11.092772409499576, 11.243733807306633, 11.392990791786882, 11.4915512264251, 11.68641394657877, 11.734660574242053, 11.830592750000372, 12.020220441804728, 12.34494248897769, 12.436066839728975, 12.526461422870552, 12.749274583093634, 12.967593565382845, 13.0964492051957, 13.181470292456353, 13.223717378419707, 13.265789435382265, 13.676987764166523, 13.717166145461038]}, {"gosnr_load_27": [10.116860349002557, 12.62377060649629, 12.24755127991159, 10.857910207516973, 11.62936738399635, 11.227442567750685, 10.751446377172773, 13.100252921509838, 10.82294378605159, 10.437027907989439, 11.82744940678085, 11.508867336715705, 12.154347462861466, 9.92388581521524, 12.462296200968755, 12.614350212568745, 10.064176804234268, 13.139334547426822, 10.921136644209744, 12.729236954344742, 12.614297010438715, 11.320324941500308, 11.09152305686058, 12.659489202596134, 12.093674956659822, 11.470030795107867, 10.667975039988654]}]}