{"tests": [{"osnr_load_54": [11.942786028107923, 11.9439205194175, 11.946188613068692, 11.949588533445588, 11.951853668765168, 11.95298579340799, 11.954117622911465, 11.955249157429407, 11.956380397115513, 11.958641992606413, 11.959772348718012, 11.960902410611356, 11.96203217843957, 11.96316165235562, 11.96541971906255, 11.967676611953612, 11.969932332248344, 11.973313716735436, 11.97444025991755, 11.975566510862432, 11.977818136646597, 11.978943511788634, 11.980068595298953, 11.981193387328638, 11.982317888028657, 11.983442097549858, 11.984566016042972, 11.986812980547315, 11.989058782745195, 11.990181248354801, 11.991303423838275, 11.992425309345533, 11.993546905026367, 11.996909954606611, 11.99803039247745, 11.999150541269133, 12.000270401130763, 12.001389972211333, 12.005865371698816, 12.008101342621497, 12.010336162578692, 12.011453141315336, 12.01256983275451, 12.013686237043942, 12.014802354331254, 12.015918184763933, 12.019263956407578, 12.020378640894524, 12.021493039262655, 12.022607151658784, 12.025947774481754, 12.02706074445587, 12.028173429190417, 12.029285828831522]}, {"gosnr_load_54": [11.580964721077837, 11.551137333234445, 11.680717900295235, 11.677973234052914, 11.60651989538426, 11.536888472381811, 11.573534853035808, 11.669087288996128, 11.666199333921604, 11.668937257400058, 11.685442488040538, 11.585695877492876, 11.528275170435187, 11.66397871360958, 11.626457304008067, 11.628098424675674, 11.549046009484336, 11.598275651943874, 11.599209185583273, 11.56091662324979, 11.550747629483684, 11.57058543826829, 11.689469636089974, 11.726946391502, 11.575864108051203, 11.566701441008744, 11.586747970611796, 11.636289208971837, 11.544756336622978, 11.539711009452198, 11.626078071871987, 11.578810181410468, 11.550571884619806, 11.63139557081559, 11.638651264611093, 11.57338938507808, 11.529530557479761, 11.566181557163993, 11.57213498427636, 11.541323774884738, 11.598020618331624, 11.612110846433923, 11.52643861918551, 11.597776258262314, 11.623420207870758, 11.591605300725618, 11.580834237194884, 11.553875170154438, 11.679827926671905, 11.643851937308918, 11.65835551386274, 11.584359761127207, 11.653945429932461, 11.561934142835684]}]}