{"tests": [{"osnr_load_81": [11.939380774384041, 11.940516155746263, 11.941651240269158, 11.942786028107875, 11.94392051941745, 11.945054714352777, 11.946188613068644, 11.947322215719723, 11.948455522460549, 11.94958853344554, 11.95072124882901, 11.95185366876512, 11.952985793407942, 11.954117622911419, 11.955249157429357, 11.956380397115465, 11.957511342123315, 11.958641992606367, 11.95977234871796, 11.96090241061131, 11.962032178439522, 11.96316165235557, 11.964290832512315, 11.9654197190625, 11.966548312158753, 11.967676611953566, 11.96880461859932, 11.969932332248298, 11.971059753052637, 11.972186881164358, 11.973313716735387, 11.974440259917504, 11.975566510862386, 11.976692469721586, 11.97781813664655, 11.978943511788586, 11.980068595298905, 11.981193387328588, 11.982317888028609, 11.983442097549812, 11.984566016042926, 11.985689643658581, 11.986812980547265, 11.987936026859368, 11.989058782745143, 11.990181248354755, 11.991303423838227, 11.992425309345485, 11.993546905026315, 11.994668211030417, 11.995789227507345, 11.996909954606563, 11.998030392477403, 11.999150541269083, 12.000270401130713, 12.001389972211287, 12.002509254659676, 12.003628248624644, 12.004746954254825, 12.005865371698771, 12.006983501104877, 12.00810134262145, 12.009218896396682, 12.010336162578643, 12.011453141315286, 12.01256983275446, 12.013686237043895, 12.014802354331204, 12.015918184763887, 12.017033728489345, 12.018148985654832, 12.019263956407528, 12.020378640894478, 12.021493039262605, 12.022607151658738, 12.02372097822959, 12.024834519121747, 12.025947774481704, 12.027060744455822, 12.028173429190367, 12.029285828831473]}, {"gosnr_load_81": [11.44480728882474, 11.488223090429791, 11.426995246326971, 11.426049159004672, 11.429346068214235, 11.422895677870697, 11.428898560870769, 11.423983469834901, 11.490958788352843, 11.424123199517876, 11.531772493668848, 11.434282790326812, 11.468884952671708, 11.42283667437707, 11.423054333100154, 11.553497188602659, 11.465787309917715, 11.57206911984834, 11.479434277221381, 11.438295656475095, 11.428089346989161, 11.472196915937547, 11.422720230953123, 11.506899425802926, 11.43190778325515, 11.42721541549915, 11.44861341079087, 11.43552397803937, 11.422630278366038, 11.446660175564762, 11.658001053997655, 11.423521740638467, 11.498604942216772, 11.438814027750446, 11.43241997522013, 11.448355620832176, 11.441567268050175, 11.430782717655418, 11.584532541455086, 11.539629854269924, 11.483717667139217, 11.42269168107812, 11.519383913368198, 11.426469260390611, 11.457575276966889, 11.425167709042059, 11.470545554096356, 11.422621898037491, 11.424553149004641, 11.429836295843849, 11.457523082488624, 11.423161123851475, 11.430839039948417, 11.439797334126458, 11.434248567403682, 11.452847897190948, 11.444721597589126, 11.436401601520148, 11.425786617419702, 11.42334248139489, 11.528572226959703, 11.424612999116782, 11.436872170770725, 11.450673498421018, 11.423699279972038, 11.460149662741006, 11.428025098126806, 11.462881757190274, 11.479576803080159, 11.60015450715234, 11.46340922972238, 11.511530072413958, 11.433043780699455, 11.441380533465484, 11.455145187216145, 11.443049066381741, 11.4252386673002, 11.452574458790814, 11.493157522409978, 11.475749985633602, 11.504677573250143]}]}